match_id,match_date,league,home_team,away_team,home_form,away_form,home_goals_avg,away_goals_avg,home_goals_against_avg,away_goals_against_avg,home_form_3,away_form_3,recent_form_diff_3,home_home_ppg,away_away_ppg,home_home_goals_avg,away_away_goals_avg,home_home_conceded_avg,away_away_conceded_avg,home_home_goal_diff_avg,away_away_goal_diff_avg,home_home_clean_sheet_rate,away_away_clean_sheet_rate,home_home_failed_score_rate,away_away_failed_score_rate,home_home_win_rate,away_away_win_rate,home_away_context_diff,home_xg,away_xg,home_odds,draw_odds,away_odds,has_odds,h2h_home_score,h2h_away_score,h2h_matches,form_diff,goals_diff,defense_diff,xg_diff,h2h_diff,home_strength,away_strength,home_score,away_score,result,over_25,btts
17,2024-08-23 17:00:00,La Liga,Celta Vigo,Valencia,10.0,0.0,2.0,1.0,1.0,2.0,10.0,0.0,10.0,3.0,0.0,2.0,0.0,1.0,0.0,1.0,0.0,0.0,0.0,0.0,0.0,1.0,0.0,3.0,1.2,1.2,,,,0,5.0,5.0,0,10.0,1.0,1.0,0.0,0.0,4.0,2.0,3,1,HOME,1,1
18,2024-08-23 19:30:00,La Liga,Sevilla,Villarreal,3.3,3.3,2.0,2.0,2.0,2.0,3.3,3.3,0.0,0.0,0.0,0.0,0.0,0.0,0.0,0.0,0.0,0.0,0.0,0.0,0.0,0.0,0.0,0.0,1.2,1.2,,,,0,5.0,5.0,0,0.0,0.0,0.0,0.0,0.0,4.0,4.0,1,2,AWAY,1,1
397,2024-08-24 11:30:00,Premier League,Brighton,Manchester United,10.0,10.0,3.0,1.0,0.0,0.0,10.0,10.0,0.0,0.0,0.0,0.0,0.0,0.0,0.0,0.0,0.0,0.0,0.0,0.0,0.0,0.0,0.0,0.0,1.2,1.2,,,,0,5.0,5.0,0,0.0,2.0,0.0,0.0,0.0,3.0,1.0,2,1,HOME,1,1
398,2024-08-24 14:00:00,Premier League,Fulham,Leicester,0.0,3.3,0.0,1.0,1.0,1.0,0.0,3.3,-3.3,0.0,0.0,0.0,0.0,0.0,0.0,0.0,0.0,0.0,0.0,0.0,0.0,0.0,0.0,0.0,1.2,1.2,,,,0,5.0,5.0,0,-3.3,-1.0,0.0,0.0,0.0,1.0,2.0,2,1,HOME,1,1
399,2024-08-24 14:00:00,Premier League,Southampton,Nottingham Forest,0.0,3.3,0.0,1.0,1.0,1.0,0.0,3.3,-3.3,0.0,0.0,0.0,0.0,0.0,0.0,0.0,0.0,0.0,0.0,0.0,0.0,0.0,0.0,0.0,1.2,1.2,,,,0,5.0,5.0,0,-3.3,-1.0,0.0,0.0,0.0,1.0,2.0,0,1,AWAY,0,0
400,2024-08-24 14:00:00,Premier League,Tottenham,Everton,3.3,0.0,1.0,0.0,1.0,3.0,3.3,0.0,3.3,0.0,0.0,0.0,0.0,0.0,0.0,0.0,0.0,0.0,0.0,0.0,0.0,0.0,0.0,0.0,1.2,1.2,,,,0,5.0,5.0,0,3.3,1.0,2.0,0.0,0.0,4.0,1.0,4,0,HOME,1,0
401,2024-08-24 14:00:00,Premier League,Manchester City,Ipswich,10.0,0.0,2.0,0.0,0.0,2.0,10.0,0.0,10.0,0.0,0.0,0.0,0.0,0.0,0.0,0.0,0.0,0.0,0.0,0.0,0.0,0.0,0.0,0.0,1.2,1.2,,,,0,5.0,5.0,0,10.0,2.0,2.0,0.0,0.0,4.0,0.0,4,1,HOME,1,1
402,2024-08-24 14:00:00,Premier League,Crystal Palace,West Ham,0.0,0.0,1.0,1.0,2.0,2.0,0.0,0.0,0.0,0.0,0.0,0.0,0.0,0.0,0.0,0.0,0.0,0.0,0.0,0.0,0.0,0.0,0.0,0.0,1.2,1.2,,,,0,5.0,5.0,0,0.0,0.0,0.0,0.0,0.0,3.0,3.0,0,2,AWAY,0,0
19,2024-08-24 15:00:00,La Liga,Osasuna,Mallorca,3.3,3.3,1.0,1.0,1.0,1.0,3.3,3.3,0.0,1.0,0.0,1.0,0.0,1.0,0.0,0.0,0.0,0.0,0.0,0.0,0.0,0.0,0.0,1.0,1.2,1.2,,,,0,5.0,5.0,0,0.0,0.0,0.0,0.0,0.0,2.0,2.0,1,0,HOME,0,0
403,2024-08-24 16:30:00,Premier League,Aston Villa,Arsenal,10.0,10.0,2.0,2.0,1.0,0.0,10.0,10.0,0.0,0.0,0.0,0.0,0.0,0.0,0.0,0.0,0.0,0.0,0.0,0.0,0.0,0.0,0.0,0.0,1.2,1.2,,,,0,5.0,5.0,0,0.0,0.0,-1.0,0.0,0.0,2.0,3.0,0,2,AWAY,0,0
777,2024-08-24 16:30:00,Serie A,Udinese,Lazio,3.3,10.0,1.0,3.0,1.0,1.0,3.3,10.0,-6.7,0.0,0.0,0.0,0.0,0.0,0.0,0.0,0.0,0.0,0.0,0.0,0.0,0.0,0.0,0.0,1.2,1.2,,,,0,5.0,5.0,0,-6.7,-2.0,0.0,0.0,0.0,2.0,4.0,2,1,HOME,1,1
778,2024-08-24 16:30:00,Serie A,Parma,AC Milan,3.3,3.3,1.0,2.0,1.0,2.0,3.3,3.3,0.0,1.0,0.0,1.0,0.0,1.0,0.0,0.0,0.0,0.0,0.0,0.0,0.0,0.0,0.0,1.0,1.2,1.2,,,,0,5.0,5.0,0,0.0,-1.0,1.0,0.0,0.0,3.0,3.0,2,1,HOME,1,1
20,2024-08-24 17:00:00,La Liga,Barcelona,Athletic Club,10.0,3.3,2.0,1.0,1.0,1.0,10.0,3.3,6.7,0.0,0.0,0.0,0.0,0.0,0.0,0.0,0.0,0.0,0.0,0.0,0.0,0.0,0.0,0.0,1.2,1.2,,,,0,5.0,5.0,0,6.7,1.0,0.0,0.0,0.0,3.0,2.0,2,1,HOME,1,1
779,2024-08-24 18:45:00,Serie A,Inter,Lecce,3.3,0.0,2.0,0.0,2.0,4.0,3.3,0.0,3.3,0.0,0.0,0.0,0.0,0.0,0.0,0.0,0.0,0.0,0.0,0.0,0.0,0.0,0.0,0.0,1.2,1.2,,,,0,5.0,5.0,0,3.3,2.0,2.0,0.0,0.0,6.0,2.0,2,0,HOME,0,0
780,2024-08-24 18:45:00,Serie A,Monza,Genoa,3.3,3.3,0.0,2.0,0.0,2.0,3.3,3.3,0.0,0.0,0.0,0.0,0.0,0.0,0.0,0.0,0.0,0.0,0.0,0.0,0.0,0.0,0.0,0.0,1.2,1.2,,,,0,5.0,5.0,0,0.0,-2.0,2.0,0.0,0.0,2.0,2.0,0,1,AWAY,0,0
21,2024-08-24 19:30:00,La Liga,Espanyol,Real Sociedad,0.0,0.0,0.0,1.0,1.0,2.0,0.0,0.0,0.0,0.0,0.0,0.0,0.0,0.0,0.0,0.0,0.0,0.0,0.0,0.0,0.0,0.0,0.0,0.0,1.2,1.2,,,,0,5.0,5.0,0,0.0,-1.0,1.0,0.0,0.0,2.0,2.0,0,1,AWAY,0,0
22,2024-08-24 19:30:00,La Liga,Getafe,Rayo Vallecano,3.3,10.0,1.0,2.0,1.0,1.0,3.3,10.0,-6.7,0.0,3.0,0.0,2.0,0.0,1.0,0.0,1.0,0.0,0.0,0.0,0.0,0.0,1.0,-3.0,1.2,1.2,,,,0,5.0,5.0,0,-6.7,-1.0,0.0,0.0,0.0,2.0,3.0,0,0,DRAW,0,0
404,2024-08-25 13:00:00,Premier League,Bournemouth,Newcastle,3.3,10.0,1.0,1.0,1.0,0.0,3.3,10.0,-6.7,0.0,0.0,0.0,0.0,0.0,0.0,0.0,0.0,0.0,0.0,0.0,0.0,0.0,0.0,0.0,1.2,1.2,,,,0,5.0,5.0,0,-6.7,0.0,-1.0,0.0,0.0,1.0,2.0,1,1,DRAW,0,1
405,2024-08-25 13:00:00,Premier League,Wolves,Chelsea,0.0,0.0,0.0,0.0,2.0,2.0,0.0,0.0,0.0,0.0,0.0,0.0,0.0,0.0,0.0,0.0,0.0,0.0,0.0,0.0,0.0,0.0,0.0,0.0,1.2,1.2,,,,0,5.0,5.0,0,0.0,0.0,0.0,0.0,0.0,2.0,2.0,2,6,AWAY,1,1
23,2024-08-25 15:00:00,La Liga,Real Madrid,Valladolid,3.3,10.0,1.0,1.0,1.0,0.0,3.3,10.0,-6.7,0.0,0.0,0.0,0.0,0.0,0.0,0.0,0.0,0.0,0.0,0.0,0.0,0.0,0.0,0.0,1.2,1.2,,,,0,5.0,5.0,0,-6.7,0.0,-1.0,0.0,0.0,1.0,2.0,3,0,HOME,1,0
406,2024-08-25 15:30:00,Premier League,Liverpool,Brentford,10.0,10.0,2.0,2.0,0.0,1.0,10.0,10.0,0.0,0.0,0.0,0.0,0.0,0.0,0.0,0.0,0.0,0.0,0.0,0.0,0.0,0.0,0.0,0.0,1.2,1.2,,,,0,5.0,5.0,0,0.0,0.0,1.0,0.0,0.0,3.0,2.0,2,0,HOME,0,0
781,2024-08-25 16:30:00,Serie A,Fiorentina,Venezia,3.3,0.0,1.0,1.0,1.0,3.0,3.3,0.0,3.3,0.0,0.0,0.0,1.0,0.0,3.0,0.0,-2.0,0.0,0.0,0.0,0.0,0.0,0.0,0.0,1.2,1.2,,,,0,5.0,5.0,0,3.3,0.0,2.0,0.0,0.0,4.0,2.0,0,0,DRAW,0,0
782,2024-08-25 16:30:00,Serie A,Torino,Atalanta,3.3,10.0,2.0,4.0,2.0,0.0,3.3,10.0,-6.7,0.0,3.0,0.0,4.0,0.0,0.0,0.0,4.0,0.0,1.0,0.0,0.0,0.0,1.0,-3.0,1.2,1.2,,,,0,5.0,5.0,0,-6.7,-2.0,-2.0,0.0,0.0,2.0,6.0,2,1,HOME,1,1
24,2024-08-25 17:00:00,La Liga,Leganes,Las Palmas,3.3,3.3,1.0,2.0,1.0,2.0,3.3,3.3,0.0,0.0,0.0,0.0,0.0,0.0,0.0,0.0,0.0,0.0,0.0,0.0,0.0,0.0,0.0,0.0,1.2,1.2,,,,0,5.0,5.0,0,0.0,-1.0,1.0,0.0,0.0,3.0,3.0,2,1,HOME,1,1
25,2024-08-25 17:15:00,La Liga,Alaves,Real Betis,0.0,3.3,1.0,1.0,2.0,1.0,0.0,3.3,-3.3,0.0,0.0,0.0,0.0,0.0,0.0,0.0,0.0,0.0,0.0,0.0,0.0,0.0,0.0,0.0,1.2,1.2,,,,0,5.0,5.0,0,-3.3,0.0,-1.0,0.0,0.0,2.0,3.0,0,0,DRAW,0,0
783,2024-08-25 18:45:00,Serie A,Napoli,Bologna,0.0,3.3,0.0,1.0,3.0,1.0,0.0,3.3,-3.3,0.0,0.0,0.0,0.0,0.0,0.0,0.0,0.0,0.0,0.0,0.0,0.0,0.0,0.0,0.0,1.2,1.2,,,,0,5.0,5.0,0,-3.3,-1.0,-2.0,0.0,0.0,1.0,4.0,3,0,HOME,1,0
784,2024-08-25 18:45:00,Serie A,AS Roma,Empoli,3.3,3.3,0.0,0.0,0.0,0.0,3.3,3.3,0.0,0.0,0.0,0.0,0.0,0.0,0.0,0.0,0.0,0.0,0.0,0.0,0.0,0.0,0.0,0.0,1.2,1.2,,,,0,5.0,5.0,0,0.0,0.0,0.0,0.0,0.0,0.0,0.0,1,2,AWAY,1,1
26,2024-08-25 19:30:00,La Liga,Atletico Madrid,Girona,3.3,3.3,2.0,1.0,2.0,1.0,3.3,3.3,0.0,0.0,1.0,0.0,1.0,0.0,1.0,0.0,0.0,0.0,0.0,0.0,0.0,0.0,0.0,-1.0,1.2,1.2,,,,0,5.0,5.0,0,0.0,1.0,-1.0,0.0,0.0,3.0,3.0,3,0,HOME,1,0
785,2024-08-26 16:30:00,Serie A,Cagliari,Como,3.3,0.0,0.0,0.0,0.0,3.0,3.3,0.0,3.3,1.0,0.0,0.0,0.0,0.0,3.0,0.0,-3.0,1.0,0.0,1.0,1.0,0.0,0.0,1.0,1.2,1.2,,,,0,5.0,5.0,0,3.3,0.0,3.0,0.0,0.0,3.0,0.0,1,1,DRAW,0,1
786,2024-08-26 18:45:00,Serie A,Hellas Verona,Juventus,10.0,10.0,3.0,3.0,0.0,0.0,10.0,10.0,0.0,3.0,0.0,3.0,0.0,0.0,0.0,3.0,0.0,1.0,0.0,0.0,0.0,1.0,0.0,3.0,1.2,1.2,,,,0,5.0,5.0,0,0.0,0.0,0.0,0.0,0.0,3.0,3.0,0,3,AWAY,1,0
27,2024-08-26 19:30:00,La Liga,Villarreal,Celta Vigo,6.7,10.0,2.0,2.5,1.5,1.0,6.7,10.0,-3.3,1.0,0.0,2.0,0.0,2.0,0.0,0.0,0.0,0.0,0.0,0.0,0.0,0.0,0.0,1.0,1.2,1.2,,,,0,5.0,5.0,0,-3.3,-0.5,-0.5,0.0,0.0,3.0,4.0,4,3,HOME,1,1
28,2024-08-27 17:00:00,La Liga,Mallorca,Sevilla,1.7,1.7,0.5,1.5,1.0,2.0,1.7,1.7,0.0,1.0,1.0,1.0,2.0,1.0,2.0,0.0,0.0,0.0,0.0,0.0,0.0,0.0,0.0,0.0,1.2,1.2,,,,0,5.0,5.0,0,0.0,-1.0,1.0,0.0,0.0,2.5,2.5,0,0,DRAW,0,0
29,2024-08-27 19:30:00,La Liga,Rayo Vallecano,Barcelona,6.7,10.0,1.0,2.0,0.5,1.0,6.7,10.0,-3.3,0.0,3.0,0.0,2.0,0.0,1.0,0.0,1.0,0.0,0.0,0.0,0.0,0.0,1.0,-3.0,1.2,1.2,,,,0,5.0,5.0,0,-3.3,-1.0,0.5,0.0,0.0,2.0,2.5,1,2,AWAY,1,1
30,2024-08-28 17:00:00,La Liga,Athletic Club,Valencia,1.7,0.0,1.0,1.0,1.5,2.5,1.7,0.0,1.7,1.0,0.0,1.0,1.0,1.0,3.0,0.0,-2.0,0.0,0.0,0.0,0.0,0.0,0.0,1.0,1.2,1.2,,,,0,5.0,5.0,0,1.7,0.0,1.0,0.0,0.0,3.5,2.5,1,0,HOME,0,0
31,2024-08-28 17:00:00,La Liga,Valladolid,Leganes,5.0,6.7,0.5,1.5,1.5,1.0,5.0,6.7,-1.7000000000000002,3.0,1.0,1.0,1.0,0.0,1.0,1.0,0.0,1.0,0.0,0.0,0.0,1.0,0.0,2.0,1.2,1.2,,,,0,5.0,5.0,0,-1.7000000000000002,-1.0,-0.5,0.0,0.0,1.5,3.0,0,0,DRAW,0,0
32,2024-08-28 19:30:00,La Liga,Atletico Madrid,Espanyol,6.7,0.0,2.5,0.0,1.0,1.0,6.7,0.0,6.7,3.0,0.0,3.0,0.0,0.0,1.0,3.0,-1.0,1.0,0.0,0.0,1.0,1.0,0.0,3.0,1.2,1.2,,,,0,5.0,5.0,0,6.7,2.5,0.0,0.0,0.0,3.5,1.0,0,0,DRAW,0,0
33,2024-08-28 19:30:00,La Liga,Real Sociedad,Alaves,5.0,1.7,1.0,0.5,1.0,1.0,5.0,1.7,3.3,0.0,0.0,1.0,1.0,2.0,2.0,-1.0,-1.0,0.0,0.0,0.0,0.0,0.0,0.0,0.0,1.2,1.2,,,,0,5.0,5.0,0,3.3,0.5,0.0,0.0,0.0,2.0,1.5,1,2,AWAY,1,1
34,2024-08-29 17:00:00,La Liga,Girona,Osasuna,1.7,6.7,0.5,1.0,2.0,0.5,1.7,6.7,-5.0,0.0,0.0,0.0,0.0,0.0,0.0,0.0,0.0,0.0,0.0,0.0,0.0,0.0,0.0,0.0,1.2,1.2,,,,0,5.0,5.0,0,-5.0,-0.5,-1.5,0.0,0.0,1.0,3.0,4,0,HOME,1,0
35,2024-08-29 19:30:00,La Liga,Las Palmas,Real Madrid,1.7,6.7,1.5,2.0,2.0,0.5,1.7,6.7,-5.0,1.0,1.0,2.0,1.0,2.0,1.0,0.0,0.0,0.0,0.0,0.0,0.0,0.0,0.0,0.0,1.2,1.2,,,,0,5.0,5.0,0,-5.0,-0.5,-1.5,0.0,0.0,2.0,4.0,1,1,DRAW,0,1
787,2024-08-30 16:30:00,Serie A,Venezia,Torino,1.7,6.7,0.5,2.0,1.5,1.5,1.7,6.7,-5.0,0.0,1.0,0.0,2.0,0.0,2.0,0.0,0.0,0.0,0.0,0.0,0.0,0.0,0.0,-1.0,1.2,1.2,,,,0,5.0,5.0,0,-5.0,-1.5,0.0,0.0,0.0,2.0,3.5,0,1,AWAY,0,0
1156,2024-08-30 18:30:00,Bundesliga,Union Berlin,FC St. Pauli,3.3,0.0,1.0,0.0,1.0,2.0,3.3,0.0,3.3,0.0,0.0,0.0,0.0,0.0,0.0,0.0,0.0,0.0,0.0,0.0,0.0,0.0,0.0,0.0,1.2,1.2,,,,0,5.0,5.0,0,3.3,1.0,1.0,0.0,0.0,3.0,1.0,1,0,HOME,0,0
788,2024-08-30 18:45:00,Serie A,Inter,Atalanta,6.7,5.0,2.0,2.5,1.0,1.0,6.7,5.0,1.7000000000000002,3.0,1.5,2.0,2.5,0.0,1.0,2.0,1.5,1.0,0.5,0.0,0.0,1.0,0.5,1.5,1.2,1.2,,,,0,5.0,5.0,0,1.7000000000000002,-0.5,0.0,0.0,0.0,3.0,3.5,4,0,HOME,1,0
407,2024-08-31 11:30:00,Premier League,Arsenal,Brighton,10.0,10.0,2.0,2.5,0.0,0.5,10.0,10.0,0.0,3.0,3.0,2.0,3.0,0.0,0.0,2.0,3.0,1.0,1.0,0.0,0.0,1.0,1.0,0.0,1.2,1.2,,,,0,5.0,5.0,0,0.0,-0.5,0.5,0.0,0.0,2.5,2.5,1,1,DRAW,0,1
1157,2024-08-31 13:30:00,Bundesliga,Werder Bremen,Borussia Dortmund,3.3,10.0,2.0,2.0,2.0,0.0,3.3,10.0,-6.7,0.0,0.0,0.0,0.0,0.0,0.0,0.0,0.0,0.0,0.0,0.0,0.0,0.0,0.0,0.0,1.2,1.2,,,,0,5.0,5.0,0,-6.7,0.0,-2.0,0.0,0.0,2.0,4.0,0,0,DRAW,0,0
1158,2024-08-31 13:30:00,Bundesliga,Eintracht Frankfurt,1899 Hoffenheim,0.0,10.0,0.0,3.0,2.0,2.0,0.0,10.0,-10.0,0.0,0.0,0.0,0.0,0.0,0.0,0.0,0.0,0.0,0.0,0.0,0.0,0.0,0.0,0.0,1.2,1.2,,,,0,5.0,5.0,0,-10.0,-3.0,0.0,0.0,0.0,2.0,5.0,3,1,HOME,1,1
1159,2024-08-31 13:30:00,Bundesliga,VfB Stuttgart,FSV Mainz 05,0.0,3.3,1.0,1.0,3.0,1.0,0.0,3.3,-3.3,0.0,0.0,0.0,0.0,0.0,0.0,0.0,0.0,0.0,0.0,0.0,0.0,0.0,0.0,0.0,1.2,1.2,,,,0,5.0,5.0,0,-3.3,0.0,-2.0,0.0,0.0,2.0,4.0,3,3,DRAW,1,1
1160,2024-08-31 13:30:00,Bundesliga,VfL Bochum,Borussia Mönchengladbach,0.0,0.0,0.0,2.0,1.0,3.0,0.0,0.0,0.0,0.0,0.0,0.0,0.0,0.0,0.0,0.0,0.0,0.0,0.0,0.0,0.0,0.0,0.0,0.0,1.2,1.2,,,,0,5.0,5.0,0,0.0,-2.0,2.0,0.0,0.0,3.0,3.0,0,2,AWAY,0,0
1161,2024-08-31 13:30:00,Bundesliga,Holstein Kiel,VfL Wolfsburg,0.0,0.0,2.0,2.0,3.0,3.0,0.0,0.0,0.0,0.0,0.0,0.0,0.0,0.0,0.0,0.0,0.0,0.0,0.0,0.0,0.0,0.0,0.0,0.0,1.2,1.2,,,,0,5.0,5.0,0,0.0,0.0,0.0,0.0,0.0,5.0,5.0,0,2,AWAY,0,0
408,2024-08-31 14:00:00,Premier League,Everton,Bournemouth,0.0,3.3,0.0,1.0,3.5,1.0,0.0,3.3,-3.3,0.0,1.0,0.0,1.0,3.0,1.0,-3.0,0.0,0.0,0.0,1.0,0.0,0.0,0.0,-1.0,1.2,1.2,,,,0,5.0,5.0,0,-3.3,-1.0,-2.5,0.0,0.0,1.0,4.5,2,3,AWAY,1,1
409,2024-08-31 14:00:00,Premier League,Leicester,Aston Villa,1.7,5.0,1.0,1.0,1.5,1.5,1.7,5.0,-3.3,1.0,3.0,1.0,2.0,1.0,1.0,0.0,1.0,0.0,0.0,0.0,0.0,0.0,1.0,-2.0,1.2,1.2,,,,0,5.0,5.0,0,-3.3,0.0,0.0,0.0,0.0,2.5,2.5,1,2,AWAY,1,1
410,2024-08-31 14:00:00,Premier League,Brentford,Southampton,5.0,0.0,1.0,0.0,1.5,1.0,5.0,0.0,5.0,3.0,0.0,2.0,0.0,1.0,1.0,1.0,-1.0,0.0,0.0,0.0,1.0,1.0,0.0,3.0,1.2,1.2,,,,0,5.0,5.0,0,5.0,1.0,-0.5,0.0,0.0,2.0,1.5,3,1,HOME,1,1
411,2024-08-31 14:00:00,Premier League,Ipswich,Fulham,0.0,5.0,0.5,1.0,3.0,1.0,0.0,5.0,-5.0,0.0,0.0,0.0,0.0,2.0,1.0,-2.0,-1.0,0.0,0.0,1.0,1.0,0.0,0.0,0.0,1.2,1.2,,,,0,5.0,5.0,0,-5.0,-0.5,-2.0,0.0,0.0,1.5,4.0,1,1,DRAW,0,1
412,2024-08-31 14:00:00,Premier League,Nottingham Forest,Wolves,6.7,0.0,1.0,1.0,0.5,4.0,6.7,0.0,6.7,1.0,0.0,1.0,0.0,1.0,2.0,0.0,-2.0,0.0,0.0,0.0,1.0,0.0,0.0,1.0,1.2,1.2,,,,0,5.0,5.0,0,6.7,0.0,3.5,0.0,0.0,5.0,1.5,1,1,DRAW,0,1
36,2024-08-31 15:00:00,La Liga,Barcelona,Valladolid,10.0,4.4,2.0,0.33,1.0,1.0,10.0,4.4,5.6,3.0,0.0,2.0,0.0,1.0,3.0,1.0,-3.0,0.0,0.0,0.0,1.0,1.0,0.0,3.0,1.2,1.2,,,,0,5.0,5.0,0,5.6,1.67,0.0,0.0,0.0,3.0,1.33,7,0,HOME,1,0
413,2024-08-31 16:30:00,Premier League,West Ham,Manchester City,5.0,10.0,1.5,3.0,1.0,0.5,5.0,10.0,-5.0,0.0,3.0,1.0,2.0,2.0,0.0,-1.0,2.0,0.0,1.0,0.0,0.0,0.0,1.0,-3.0,1.2,1.2,,,,0,5.0,5.0,0,-5.0,-1.5,-0.5,0.0,0.0,2.0,4.0,1,3,AWAY,1,1
789,2024-08-31 16:30:00,Serie A,Bologna,Empoli,1.7,6.7,0.5,1.0,2.0,0.5,1.7,6.7,-5.0,1.0,3.0,1.0,2.0,1.0,1.0,0.0,1.0,0.0,0.0,0.0,0.0,0.0,1.0,-2.0,1.2,1.2,,,,0,5.0,5.0,0,-5.0,-0.5,-1.5,0.0,0.0,1.0,3.0,1,1,DRAW,0,1
790,2024-08-31 16:30:00,Serie A,Lecce,Cagliari,0.0,3.3,0.0,0.5,3.0,0.5,0.0,3.3,-3.3,0.0,0.0,0.0,0.0,4.0,0.0,-4.0,0.0,0.0,0.0,1.0,0.0,0.0,0.0,0.0,1.2,1.2,,,,0,5.0,5.0,0,-3.3,-0.5,-2.5,0.0,0.0,0.5,3.5,1,0,HOME,0,0
1162,2024-08-31 16:30:00,Bundesliga,Bayer Leverkusen,RB Leipzig,10.0,10.0,3.0,1.0,2.0,0.0,10.0,10.0,0.0,0.0,0.0,0.0,0.0,0.0,0.0,0.0,0.0,0.0,0.0,0.0,0.0,0.0,0.0,0.0,1.2,1.2,,,,0,5.0,5.0,0,0.0,2.0,-2.0,0.0,0.0,3.0,3.0,2,3,AWAY,1,1
37,2024-08-31 17:00:00,La Liga,Athletic Club,Atletico Madrid,4.4,5.6,1.0,1.67,1.0,0.67,4.4,5.6,-1.1999999999999993,2.0,1.0,1.0,2.0,0.5,2.0,0.5,0.0,0.5,0.0,0.0,0.0,0.5,0.0,1.0,1.2,1.2,,,,0,5.0,5.0,0,-1.1999999999999993,-0.6699999999999999,-0.32999999999999996,0.0,0.0,1.67,2.67,0,1,AWAY,0,0
38,2024-08-31 17:15:00,La Liga,Espanyol,Rayo Vallecano,1.1,4.4,0.0,1.0,0.67,1.0,1.1,4.4,-3.3000000000000003,0.0,2.0,0.0,1.0,1.0,0.5,-1.0,0.5,0.0,0.5,1.0,0.5,0.0,0.5,-2.0,1.2,1.2,,,,0,5.0,5.0,0,-3.3000000000000003,-1.0,0.32999999999999996,0.0,0.0,1.0,1.67,2,1,HOME,1,1
791,2024-08-31 18:45:00,Serie A,Lazio,AC Milan,5.0,1.7,2.0,1.5,1.5,2.0,5.0,1.7,3.3,3.0,0.0,3.0,1.0,1.0,2.0,2.0,-1.0,0.0,0.0,0.0,0.0,1.0,0.0,3.0,1.2,1.2,,,,0,5.0,5.0,0,3.3,0.5,0.5,0.0,0.0,4.0,3.0,2,2,DRAW,1,1
792,2024-08-31 18:45:00,Serie A,Napoli,Parma,5.0,6.7,1.5,1.5,1.5,1.0,5.0,6.7,-1.7000000000000002,3.0,0.0,3.0,0.0,0.0,0.0,3.0,0.0,1.0,0.0,0.0,0.0,1.0,0.0,3.0,1.2,1.2,,,,0,5.0,5.0,0,-1.7000000000000002,0.0,-0.5,0.0,0.0,2.5,3.0,2,1,HOME,1,1
39,2024-08-31 19:30:00,La Liga,Valencia,Villarreal,0.0,7.8,0.67,2.67,2.0,2.0,0.0,7.8,-7.8,0.0,3.0,1.0,2.0,2.0,1.0,-1.0,1.0,0.0,0.0,0.0,0.0,0.0,1.0,-3.0,1.2,1.2,,,,0,5.0,5.0,0,-7.8,-2.0,0.0,0.0,0.0,2.67,4.67,1,1,DRAW,0,1
40,2024-08-31 19:30:00,La Liga,Leganes,Mallorca,5.6,2.2,1.0,0.33,0.67,0.67,5.6,2.2,3.3999999999999995,3.0,0.0,2.0,0.0,1.0,1.0,1.0,-1.0,0.0,0.0,0.0,1.0,1.0,0.0,3.0,1.2,1.2,,,,0,5.0,5.0,0,3.3999999999999995,0.6699999999999999,0.0,0.0,0.0,1.67,1.0,0,1,AWAY,0,0
414,2024-09-01 12:30:00,Premier League,Newcastle,Tottenham,6.7,6.7,1.0,2.5,0.5,0.5,6.7,6.7,0.0,3.0,1.0,1.0,1.0,0.0,1.0,1.0,0.0,1.0,0.0,0.0,0.0,1.0,0.0,2.0,1.2,1.2,,,,0,5.0,5.0,0,0.0,-1.5,0.0,0.0,0.0,1.5,3.0,2,1,HOME,1,1
415,2024-09-01 12:30:00,Premier League,Chelsea,Crystal Palace,5.0,0.0,3.0,0.5,2.0,2.0,5.0,0.0,5.0,0.0,0.0,0.0,1.0,2.0,2.0,-2.0,-1.0,0.0,0.0,1.0,0.0,0.0,0.0,0.0,1.2,1.2,,,,0,5.0,5.0,0,5.0,2.5,0.0,0.0,0.0,5.0,2.5,1,1,DRAW,0,1
1163,2024-09-01 13:30:00,Bundesliga,1. FC Heidenheim,FC Augsburg,10.0,3.3,2.0,2.0,0.0,2.0,10.0,3.3,6.7,0.0,0.0,0.0,0.0,0.0,0.0,0.0,0.0,0.0,0.0,0.0,0.0,0.0,0.0,0.0,1.2,1.2,,,,0,5.0,5.0,0,6.7,0.0,2.0,0.0,0.0,4.0,2.0,4,0,HOME,1,0
41,2024-09-01 15:00:00,La Liga,Alaves,Las Palmas,4.4,2.2,1.0,1.33,1.0,1.67,4.4,2.2,2.2,1.0,0.0,0.0,1.0,0.0,2.0,0.0,-1.0,1.0,0.0,1.0,0.0,0.0,0.0,1.0,1.2,1.2,,,,0,5.0,5.0,0,2.2,-0.33000000000000007,0.6699999999999999,0.0,0.0,2.67,2.33,2,0,HOME,0,0
42,2024-09-01 15:00:00,La Liga,Osasuna,Celta Vigo,4.4,6.7,0.67,2.67,1.67,2.0,4.4,6.7,-2.3,2.0,0.0,1.0,3.0,0.5,4.0,0.5,-1.0,0.5,0.0,0.0,0.0,0.5,0.0,2.0,1.2,1.2,,,,0,5.0,5.0,0,-2.3,-2.0,0.33000000000000007,0.0,0.0,2.67,4.34,3,2,HOME,1,1
416,2024-09-01 15:00:00,Premier League,Manchester United,Liverpool,5.0,10.0,1.0,2.0,1.0,0.0,5.0,10.0,-5.0,3.0,3.0,1.0,2.0,0.0,0.0,1.0,2.0,1.0,1.0,0.0,0.0,1.0,1.0,0.0,1.2,1.2,,,,0,5.0,5.0,0,-5.0,-1.0,-1.0,0.0,0.0,1.0,3.0,0,3,AWAY,1,0
1164,2024-09-01 15:30:00,Bundesliga,Bayern München,SC Freiburg,10.0,10.0,3.0,3.0,2.0,1.0,10.0,10.0,0.0,0.0,0.0,0.0,0.0,0.0,0.0,0.0,0.0,0.0,0.0,0.0,0.0,0.0,0.0,0.0,1.2,1.2,,,,0,5.0,5.0,0,0.0,0.0,-1.0,0.0,0.0,4.0,5.0,2,0,HOME,0,0
793,2024-09-01 16:30:00,Serie A,Genoa,Hellas Verona,6.7,5.0,1.5,1.5,1.0,1.5,6.7,5.0,1.7000000000000002,1.0,0.0,2.0,0.0,2.0,0.0,0.0,0.0,0.0,0.0,0.0,0.0,0.0,0.0,1.0,1.2,1.2,,,,0,5.0,5.0,0,1.7000000000000002,0.0,0.5,0.0,0.0,3.0,2.5,0,2,AWAY,0,0
794,2024-09-01 16:30:00,Serie A,Fiorentina,Monza,3.3,1.7,0.5,0.0,0.5,0.5,3.3,1.7,1.5999999999999999,1.0,1.0,0.0,0.0,0.0,0.0,0.0,0.0,1.0,1.0,1.0,1.0,0.0,0.0,0.0,1.2,1.2,,,,0,5.0,5.0,0,1.5999999999999999,0.5,0.0,0.0,0.0,1.0,0.5,2,2,DRAW,1,1
43,2024-09-01 17:00:00,La Liga,Sevilla,Girona,2.2,4.4,1.0,1.67,1.33,1.33,2.2,4.4,-2.2,0.0,0.5,1.0,0.5,2.0,2.0,-1.0,-1.5,0.0,0.0,0.0,0.5,0.0,0.0,-0.5,1.2,1.2,,,,0,5.0,5.0,0,-2.2,-0.6699999999999999,0.0,0.0,0.0,2.33,3.0,0,2,AWAY,0,0
44,2024-09-01 17:15:00,La Liga,Getafe,Real Sociedad,3.3,3.3,0.5,1.0,0.5,1.33,3.3,3.3,0.0,1.0,3.0,0.0,1.0,0.0,0.0,0.0,1.0,1.0,1.0,1.0,0.0,0.0,1.0,-2.0,1.2,1.2,,,,0,5.0,5.0,0,0.0,-0.5,0.8300000000000001,0.0,0.0,1.83,1.5,0,0,DRAW,0,0
795,2024-09-01 18:45:00,Serie A,Udinese,Como,6.7,1.7,1.5,0.5,1.0,2.0,6.7,1.7,5.0,3.0,0.5,2.0,0.5,1.0,2.0,1.0,-1.5,0.0,0.0,0.0,0.5,1.0,0.0,2.5,1.2,1.2,,,,0,5.0,5.0,0,5.0,1.0,1.0,0.0,0.0,3.5,1.5,1,0,HOME,0,0
796,2024-09-01 18:45:00,Serie A,Juventus,AS Roma,10.0,1.7,3.0,0.5,0.0,1.0,10.0,1.7,8.3,3.0,1.0,3.0,0.0,0.0,0.0,3.0,0.0,1.0,1.0,0.0,1.0,1.0,0.0,2.0,1.2,1.2,,,,0,5.0,5.0,0,8.3,2.5,1.0,0.0,0.0,4.0,0.5,0,0,DRAW,0,0
45,2024-09-01 19:30:00,La Liga,Real Madrid,Real Betis,5.6,3.3,1.67,0.5,0.67,0.5,5.6,3.3,2.3,3.0,1.0,3.0,0.0,0.0,0.0,3.0,0.0,1.0,1.0,0.0,1.0,1.0,0.0,2.0,1.2,1.2,,,,0,5.0,5.0,0,2.3,1.17,-0.17000000000000004,0.0,0.0,2.17,1.17,2,0,HOME,0,0
1165,2024-09-13 18:30:00,Bundesliga,Borussia Dortmund,1. FC Heidenheim,6.7,10.0,1.0,3.0,0.0,0.0,6.7,10.0,-3.3,3.0,3.0,2.0,2.0,0.0,0.0,2.0,2.0,1.0,1.0,0.0,0.0,1.0,1.0,0.0,1.2,1.2,,,,0,5.0,5.0,0,-3.3,-2.0,0.0,0.0,0.0,1.0,3.0,4,2,HOME,1,1
46,2024-09-13 19:00:00,La Liga,Real Betis,Leganes,2.2,4.2,0.33,0.75,1.0,0.75,2.2,4.4,-2.2,1.0,1.0,1.0,0.5,1.0,0.5,0.0,0.0,0.0,0.5,0.0,0.5,0.0,0.0,0.0,1.2,1.2,,,,0,5.0,5.0,0,-2.0,-0.42,-0.25,0.0,0.0,1.08,1.75,2,0,HOME,0,0
417,2024-09-14 11:30:00,Premier League,Southampton,Manchester United,0.0,3.3,0.33,0.67,1.67,1.67,0.0,3.3,-3.3,0.0,0.0,0.0,1.0,1.0,2.0,-1.0,-1.0,0.0,0.0,1.0,0.0,0.0,0.0,0.0,1.2,1.2,,,,0,5.0,5.0,0,-3.3,-0.34,0.0,0.0,0.0,2.0,2.34,0,3,AWAY,1,0
47,2024-09-14 12:00:00,La Liga,Mallorca,Villarreal,4.2,6.7,0.5,2.25,0.5,1.75,4.4,7.8,-3.3999999999999995,1.0,2.0,0.5,1.5,0.5,1.0,0.0,0.5,0.5,0.0,0.5,0.0,0.0,0.5,-1.0,1.2,1.2,,,,0,5.0,5.0,0,-2.5,-1.75,1.25,0.0,0.0,2.25,2.75,1,2,AWAY,1,1
797,2024-09-14 13:00:00,Serie A,Como,Bologna,1.1,2.2,0.33,0.67,1.67,1.67,1.1,2.2,-1.1,0.0,0.0,0.0,0.0,0.0,3.0,0.0,-3.0,0.0,0.0,0.0,1.0,0.0,0.0,0.0,1.2,1.2,,,,0,5.0,5.0,0,-1.1,-0.34,0.0,0.0,0.0,2.0,2.34,2,2,DRAW,1,1
1166,2024-09-14 13:30:00,Bundesliga,SC Freiburg,VfL Bochum,5.0,0.0,1.5,0.0,1.5,1.5,5.0,0.0,5.0,3.0,0.0,3.0,0.0,1.0,1.0,2.0,-1.0,0.0,0.0,0.0,1.0,1.0,0.0,3.0,1.2,1.2,,,,0,5.0,5.0,0,5.0,1.5,0.0,0.0,0.0,3.0,1.5,2,1,HOME,1,1
1167,2024-09-14 13:30:00,Bundesliga,VfL Wolfsburg,Eintracht Frankfurt,5.0,5.0,2.0,1.5,1.5,1.5,5.0,5.0,0.0,0.0,0.0,2.0,0.0,3.0,2.0,-1.0,-2.0,0.0,0.0,0.0,1.0,0.0,0.0,0.0,1.2,1.2,,,,0,5.0,5.0,0,0.0,0.5,0.0,0.0,0.0,3.5,3.0,1,2,AWAY,1,1
1168,2024-09-14 13:30:00,Bundesliga,Borussia Mönchengladbach,VfB Stuttgart,5.0,1.7,2.0,2.0,1.5,3.0,5.0,1.7,3.3,0.0,0.0,2.0,1.0,3.0,3.0,-1.0,-2.0,0.0,0.0,0.0,0.0,0.0,0.0,0.0,1.2,1.2,,,,0,5.0,5.0,0,3.3,0.0,1.5,0.0,0.0,5.0,3.5,1,3,AWAY,1,1
1169,2024-09-14 13:30:00,Bundesliga,1899 Hoffenheim,Bayer Leverkusen,5.0,5.0,2.0,2.5,2.5,2.5,5.0,5.0,0.0,3.0,3.0,3.0,3.0,2.0,2.0,1.0,1.0,0.0,0.0,0.0,0.0,1.0,1.0,0.0,1.2,1.2,,,,0,5.0,5.0,0,0.0,-0.5,0.0,0.0,0.0,4.5,5.0,1,4,AWAY,1,1
1170,2024-09-14 13:30:00,Bundesliga,RB Leipzig,Union Berlin,10.0,6.7,2.0,1.0,1.0,0.5,10.0,6.7,3.3,3.0,1.0,1.0,1.0,0.0,1.0,1.0,0.0,1.0,0.0,0.0,0.0,1.0,0.0,2.0,1.2,1.2,,,,0,5.0,5.0,0,3.3,1.0,-0.5,0.0,0.0,2.5,2.0,0,0,DRAW,0,0
418,2024-09-14 14:00:00,Premier League,Fulham,West Ham,4.4,3.3,1.0,1.33,1.0,1.67,4.4,3.3,1.1000000000000005,3.0,3.0,2.0,2.0,1.0,0.0,1.0,2.0,0.0,1.0,0.0,0.0,1.0,1.0,0.0,1.2,1.2,,,,0,5.0,5.0,0,1.1000000000000005,-0.33000000000000007,0.6699999999999999,0.0,0.0,2.67,2.33,1,1,DRAW,0,1
419,2024-09-14 14:00:00,Premier League,Liverpool,Nottingham Forest,10.0,5.6,2.33,1.0,0.0,0.67,10.0,5.6,4.4,3.0,3.0,2.0,1.0,0.0,0.0,2.0,1.0,1.0,1.0,0.0,0.0,1.0,1.0,0.0,1.2,1.2,,,,0,5.0,5.0,0,4.4,1.33,0.67,0.0,0.0,3.0,1.0,0,1,AWAY,0,0
420,2024-09-14 14:00:00,Premier League,Manchester City,Brentford,10.0,6.7,3.0,1.67,0.67,1.33,10.0,6.7,3.3,3.0,0.0,4.0,0.0,1.0,2.0,3.0,-2.0,0.0,0.0,0.0,1.0,1.0,0.0,3.0,1.2,1.2,,,,0,5.0,5.0,0,3.3,1.33,0.66,0.0,0.0,4.33,2.34,2,1,HOME,1,1
421,2024-09-14 14:00:00,Premier League,Brighton,Ipswich,7.8,1.1,2.0,0.67,0.67,2.33,7.8,1.1,6.699999999999999,3.0,0.0,2.0,1.0,1.0,4.0,1.0,-3.0,0.0,0.0,0.0,0.0,1.0,0.0,3.0,1.2,1.2,,,,0,5.0,5.0,0,6.699999999999999,1.33,1.6600000000000001,0.0,0.0,4.33,1.34,0,0,DRAW,0,0
422,2024-09-14 14:00:00,Premier League,Crystal Palace,Leicester,1.1,1.1,0.67,1.0,1.67,1.67,1.1,1.1,0.0,0.0,0.0,0.0,1.0,2.0,2.0,-2.0,-1.0,0.0,0.0,1.0,0.0,0.0,0.0,0.0,1.2,1.2,,,,0,5.0,5.0,0,0.0,-0.32999999999999996,0.0,0.0,0.0,2.34,2.67,2,2,DRAW,1,1
48,2024-09-14 14:15:00,La Liga,Espanyol,Alaves,3.3,5.8,0.5,1.25,0.75,0.75,4.4,7.8,-3.3999999999999995,1.5,1.5,1.0,1.5,1.0,1.5,0.0,0.0,0.0,0.0,0.5,0.0,0.5,0.5,0.0,1.2,1.2,,,,0,5.0,5.0,0,-2.5,-0.75,0.0,0.0,0.0,1.25,2.0,3,2,HOME,1,1
798,2024-09-14 16:00:00,Serie A,Empoli,Juventus,5.6,7.8,1.0,2.0,0.67,0.0,5.6,7.8,-2.2,1.0,3.0,0.0,3.0,0.0,0.0,0.0,3.0,1.0,1.0,1.0,0.0,0.0,1.0,-2.0,1.2,1.2,,,,0,5.0,5.0,0,-2.2,-1.0,-0.67,0.0,0.0,1.0,2.67,0,0,DRAW,0,0
49,2024-09-14 16:30:00,La Liga,Sevilla,Getafe,1.7,3.3,0.75,0.33,1.5,0.33,1.1,3.3,-2.1999999999999997,0.0,1.0,0.5,1.0,2.0,1.0,-1.5,0.0,0.0,0.0,0.5,0.0,0.0,0.0,-1.0,1.2,1.2,,,,0,5.0,5.0,0,-1.5999999999999999,0.42,-1.17,0.0,0.0,1.08,1.83,1,0,HOME,0,0
423,2024-09-14 16:30:00,Premier League,Aston Villa,Everton,6.7,0.0,1.33,0.67,1.33,3.33,6.7,0.0,6.7,0.0,0.0,0.0,0.0,2.0,4.0,-2.0,-4.0,0.0,0.0,1.0,1.0,0.0,0.0,0.0,1.2,1.2,,,,0,5.0,5.0,0,6.7,0.66,2.0,0.0,0.0,4.66,2.0,3,2,HOME,1,1
1171,2024-09-14 16:30:00,Bundesliga,Holstein Kiel,Bayern München,0.0,10.0,1.0,2.5,2.5,1.0,0.0,10.0,-10.0,0.0,3.0,0.0,3.0,2.0,2.0,-2.0,1.0,0.0,0.0,1.0,0.0,0.0,1.0,-3.0,1.2,1.2,,,,0,5.0,5.0,0,-10.0,-1.5,-1.5,0.0,0.0,2.0,5.0,1,6,AWAY,1,1
799,2024-09-14 18:45:00,Serie A,AC Milan,Venezia,2.2,1.1,1.67,0.33,2.0,1.33,2.2,1.1,1.1,1.0,0.5,2.0,0.5,2.0,1.5,0.0,-1.0,0.0,0.5,0.0,0.5,0.0,0.0,0.5,1.2,1.2,,,,0,5.0,5.0,0,1.1,1.3399999999999999,-0.6699999999999999,0.0,0.0,3.0,2.33,4,0,HOME,1,0
50,2024-09-14 19:00:00,La Liga,Real Sociedad,Real Madrid,3.3,6.7,0.75,1.75,1.0,0.5,4.4,7.8,-3.3999999999999995,0.0,1.0,1.0,1.0,2.0,1.0,-1.0,0.0,0.0,0.0,0.0,0.0,0.0,0.0,-1.0,1.2,1.2,,,,0,5.0,5.0,0,-3.4000000000000004,-1.0,-0.5,0.0,0.0,1.25,2.75,0,2,AWAY,0,0
424,2024-09-14 19:00:00,Premier League,Bournemouth,Chelsea,5.6,4.4,1.67,2.33,1.33,1.67,5.6,4.4,1.1999999999999993,1.0,3.0,1.0,6.0,1.0,2.0,0.0,4.0,0.0,0.0,0.0,0.0,0.0,1.0,-2.0,1.2,1.2,,,,0,5.0,5.0,0,1.1999999999999993,-0.6600000000000001,0.33999999999999986,0.0,0.0,3.34,3.66,0,1,AWAY,0,0
800,2024-09-15 10:30:00,Serie A,Genoa,AS Roma,4.4,2.2,1.0,0.33,1.33,0.67,4.4,2.2,2.2,0.5,1.0,1.0,0.0,2.0,0.0,-1.0,0.0,0.0,1.0,0.5,1.0,0.0,0.0,-0.5,1.2,1.2,,,,0,5.0,5.0,0,2.2,0.6699999999999999,-0.66,0.0,0.0,1.67,1.6600000000000001,1,1,DRAW,0,1
51,2024-09-15 12:00:00,La Liga,Celta Vigo,Valladolid,5.0,3.3,2.5,0.25,2.25,2.5,3.3,1.1,2.1999999999999997,3.0,0.0,2.5,0.0,1.0,5.0,1.5,-5.0,0.0,0.0,0.0,1.0,1.0,0.0,3.0,1.2,1.2,,,,0,5.0,5.0,0,1.7000000000000002,2.25,0.25,0.0,0.0,5.0,2.5,3,1,HOME,1,1
425,2024-09-15 13:00:00,Premier League,Tottenham,Arsenal,4.4,7.8,2.0,1.67,1.0,0.33,4.4,7.8,-3.3999999999999995,3.0,3.0,4.0,2.0,0.0,0.0,4.0,2.0,1.0,1.0,0.0,0.0,1.0,1.0,0.0,1.2,1.2,,,,0,5.0,5.0,0,-3.3999999999999995,0.33000000000000007,-0.6699999999999999,0.0,0.0,2.33,2.67,0,1,AWAY,0,0
801,2024-09-15 13:00:00,Serie A,Atalanta,Fiorentina,3.3,3.3,1.67,1.0,2.0,1.0,3.3,3.3,0.0,0.0,1.0,0.0,1.0,0.0,1.0,0.0,0.0,0.0,0.0,0.0,0.0,0.0,0.0,-1.0,1.2,1.2,,,,0,5.0,5.0,0,0.0,0.6699999999999999,-1.0,0.0,0.0,2.67,3.0,3,2,HOME,1,1
802,2024-09-15 13:00:00,Serie A,Torino,Lecce,7.8,3.3,1.67,0.33,1.0,2.0,7.8,3.3,4.5,3.0,0.0,2.0,0.0,1.0,2.0,1.0,-2.0,0.0,0.0,0.0,1.0,1.0,0.0,3.0,1.2,1.2,,,,0,5.0,5.0,0,4.5,1.3399999999999999,1.0,0.0,0.0,3.67,1.33,0,0,DRAW,0,0
1172,2024-09-15 13:30:00,Bundesliga,FC Augsburg,FC St. Pauli,1.7,0.0,1.0,0.0,3.0,1.5,1.7,0.0,1.7,1.0,0.0,2.0,0.0,2.0,1.0,0.0,-1.0,0.0,0.0,0.0,1.0,0.0,0.0,1.0,1.2,1.2,,,,0,5.0,5.0,0,1.7,1.0,-1.5,0.0,0.0,2.5,3.0,3,1,HOME,1,1
52,2024-09-15 14:15:00,La Liga,Girona,Barcelona,5.8,10.0,1.75,3.25,1.0,0.75,6.7,10.0,-3.3,3.0,3.0,4.0,2.0,0.0,1.0,4.0,1.0,1.0,0.0,0.0,0.0,1.0,1.0,0.0,1.2,1.2,,,,0,5.0,5.0,0,-4.2,-1.5,-0.25,0.0,0.0,2.5,4.25,1,4,AWAY,1,1
426,2024-09-15 15:30:00,Premier League,Wolves,Newcastle,1.1,7.8,1.0,1.33,3.0,0.67,1.1,7.8,-6.699999999999999,0.0,1.0,2.0,1.0,6.0,1.0,-4.0,0.0,0.0,0.0,0.0,0.0,0.0,0.0,-1.0,1.2,1.2,,,,0,5.0,5.0,0,-6.699999999999999,-0.33000000000000007,-2.33,0.0,0.0,1.67,4.33,1,2,AWAY,1,1
1173,2024-09-15 15:30:00,Bundesliga,FSV Mainz 05,Werder Bremen,3.3,3.3,2.0,1.0,2.0,1.0,3.3,3.3,0.0,1.0,1.0,1.0,2.0,1.0,2.0,0.0,0.0,0.0,0.0,0.0,0.0,0.0,0.0,0.0,1.2,1.2,,,,0,5.0,5.0,0,0.0,1.0,-1.0,0.0,0.0,3.0,3.0,1,2,AWAY,1,1
803,2024-09-15 16:00:00,Serie A,Cagliari,Napoli,2.2,6.7,0.33,1.67,0.67,1.33,2.2,6.7,-4.5,1.0,0.0,0.5,0.0,0.5,3.0,0.0,-3.0,0.5,0.0,0.5,1.0,0.0,0.0,1.0,1.2,1.2,,,,0,5.0,5.0,0,-4.5,-1.3399999999999999,0.66,0.0,0.0,1.6600000000000001,2.34,0,4,AWAY,1,0
53,2024-09-15 16:30:00,La Liga,Las Palmas,Athletic Club,1.7,3.3,1.0,0.75,1.75,1.0,1.1,3.3,-2.1999999999999997,1.0,0.0,1.5,1.0,1.5,2.0,0.0,-1.0,0.0,0.0,0.0,0.0,0.0,0.0,1.0,1.2,1.2,,,,0,5.0,5.0,0,-1.5999999999999999,0.25,-0.75,0.0,0.0,2.0,2.5,2,3,AWAY,1,1
804,2024-09-15 18:45:00,Serie A,Monza,Inter,2.2,7.8,0.67,2.67,1.0,0.67,2.2,7.8,-5.6,0.0,1.0,0.0,2.0,1.0,2.0,-1.0,0.0,0.0,0.0,1.0,0.0,0.0,0.0,-1.0,1.2,1.2,,,,0,5.0,5.0,0,-5.6,-2.0,-0.32999999999999996,0.0,0.0,1.34,3.67,1,1,DRAW,0,1
54,2024-09-15 19:00:00,La Liga,Atletico Madrid,Valencia,6.7,0.8,1.5,0.75,0.5,1.75,7.8,1.1,6.699999999999999,2.0,0.0,1.5,0.5,0.0,2.0,1.5,-1.5,1.0,0.0,0.5,0.5,0.5,0.0,2.0,1.2,1.2,,,,0,5.0,5.0,0,5.9,0.75,1.25,0.0,0.0,3.25,1.25,3,0,HOME,1,0
805,2024-09-16 16:30:00,Serie A,Parma,Udinese,4.4,7.8,1.33,1.33,1.33,0.67,4.4,7.8,-3.3999999999999995,2.0,1.0,1.5,1.0,1.0,1.0,0.5,0.0,0.0,0.0,0.0,0.0,0.5,0.0,1.0,1.2,1.2,,,,0,5.0,5.0,0,-3.3999999999999995,0.0,-0.66,0.0,0.0,2.0,2.66,2,3,AWAY,1,1
806,2024-09-16 18:45:00,Serie A,Lazio,Hellas Verona,4.4,6.7,2.0,1.67,1.67,1.0,4.4,6.7,-2.3,2.0,3.0,2.5,2.0,1.5,0.0,1.0,2.0,0.0,1.0,0.0,0.0,0.5,1.0,-1.0,1.2,1.2,,,,0,5.0,5.0,0,-2.3,0.33000000000000007,-0.6699999999999999,0.0,0.0,3.0,3.34,2,1,HOME,1,1
55,2024-09-16 19:00:00,La Liga,Rayo Vallecano,Osasuna,3.3,5.8,1.0,1.25,1.25,1.75,1.1,6.7,-5.6,0.0,0.0,1.0,0.0,2.0,4.0,-1.0,-4.0,0.0,0.0,0.0,1.0,0.0,0.0,0.0,1.2,1.2,,,,0,5.0,5.0,0,-2.5,-0.25,0.5,0.0,0.0,2.75,2.5,3,1,HOME,1,1
56,2024-09-17 17:00:00,La Liga,Mallorca,Real Sociedad,3.3,2.7,0.6,0.6,0.8,1.2,4.4,1.1,3.3000000000000003,0.667,2.0,0.667,0.5,1.0,0.0,-0.333,0.5,0.333,1.0,0.333,0.5,0.0,0.5,-1.333,1.2,1.2,,,,0,5.0,5.0,0,0.5999999999999996,0.0,0.3999999999999999,0.0,0.0,1.7999999999999998,1.4,1,0,HOME,0,0
57,2024-09-18 17:00:00,La Liga,Real Betis,Getafe,4.2,2.5,0.75,0.25,0.75,0.5,4.4,2.2,2.2,2.0,0.5,1.5,0.5,0.5,1.0,1.0,-0.5,0.5,0.0,0.0,0.5,0.5,0.0,1.5,1.2,1.2,,,,0,5.0,5.0,0,1.7000000000000002,0.5,-0.25,0.0,0.0,1.25,1.0,2,1,HOME,1,1
58,2024-09-19 17:00:00,La Liga,Leganes,Athletic Club,3.3,4.7,0.6,1.2,1.0,1.2,1.1,6.7,-5.6,1.5,1.5,1.0,2.0,1.0,2.0,0.0,0.0,0.0,0.0,0.5,0.0,0.5,0.5,0.0,1.2,1.2,,,,0,5.0,5.0,0,-1.4000000000000004,-0.6,0.19999999999999996,0.0,0.0,1.7999999999999998,2.2,0,2,AWAY,0,0
807,2024-09-20 16:30:00,Serie A,Cagliari,Empoli,1.7,5.0,0.25,0.75,1.5,0.5,1.1,5.6,-4.5,0.667,2.0,0.333,1.5,1.667,1.0,-1.333,0.5,0.333,0.0,0.667,0.0,0.0,0.5,-1.333,1.2,1.2,,,,0,5.0,5.0,0,-3.3,-0.5,-1.0,0.0,0.0,0.75,2.25,0,2,AWAY,0,0
1174,2024-09-20 18:30:00,Bundesliga,FC Augsburg,FSV Mainz 05,4.4,2.2,1.67,1.67,2.33,2.0,4.4,2.2,2.2,2.0,1.0,2.5,3.0,1.5,3.0,1.0,0.0,0.0,0.0,0.0,0.0,0.5,0.0,1.0,1.2,1.2,,,,0,5.0,5.0,0,2.2,0.0,-0.33000000000000007,0.0,0.0,3.67,4.0,2,3,AWAY,1,1
808,2024-09-20 18:45:00,Serie A,Hellas Verona,Torino,5.0,6.7,1.5,1.25,1.25,0.75,3.3,7.8,-4.5,1.5,2.0,1.5,1.5,1.5,1.0,0.0,0.5,0.5,0.5,0.5,0.0,0.5,0.5,-0.5,1.2,1.2,,,,0,5.0,5.0,0,-1.7000000000000002,0.25,-0.5,0.0,0.0,2.25,2.5,2,3,AWAY,1,1
59,2024-09-20 19:00:00,La Liga,Alaves,Sevilla,4.7,3.3,1.4,0.8,1.2,1.2,6.7,4.4,2.3,2.0,1.0,1.0,1.0,0.0,1.0,1.0,0.0,1.0,0.5,0.5,0.5,0.5,0.0,1.0,1.2,1.2,,,,0,5.0,5.0,0,1.4000000000000004,0.5999999999999999,0.0,0.0,0.0,2.5999999999999996,2.0,2,1,HOME,1,1
427,2024-09-21 11:30:00,Premier League,West Ham,Chelsea,3.3,5.8,1.25,2.0,1.5,1.25,4.4,7.8,-3.3999999999999995,0.0,3.0,1.0,3.5,2.5,1.0,-1.5,2.5,0.0,0.5,0.0,0.0,0.0,1.0,-3.0,1.2,1.2,,,,0,5.0,5.0,0,-2.5,-0.75,-0.25,0.0,0.0,2.5,3.5,0,3,AWAY,1,0
60,2024-09-21 12:00:00,La Liga,Valladolid,Real Sociedad,2.7,2.7,0.4,0.4,2.6,1.0,1.1,1.1,0.0,2.0,1.333,0.5,0.333,0.0,0.333,0.5,0.0,1.0,0.667,0.5,0.667,0.5,0.333,0.667,1.2,1.2,,,,0,5.0,5.0,0,0.0,0.0,-1.6,0.0,0.0,1.4,3.0,0,0,DRAW,0,0
809,2024-09-21 13:00:00,Serie A,Venezia,Genoa,0.8,4.2,0.25,1.0,2.0,1.25,1.1,4.4,-3.3000000000000003,0.0,3.0,0.0,1.0,1.0,0.0,-1.0,1.0,0.0,1.0,1.0,0.0,0.0,1.0,-3.0,1.2,1.2,,,,0,5.0,5.0,0,-3.4000000000000004,-0.75,-0.75,0.0,0.0,1.5,3.0,2,0,HOME,0,0
1175,2024-09-21 13:30:00,Bundesliga,Werder Bremen,Bayern München,5.6,10.0,1.33,3.67,1.0,1.0,5.6,10.0,-4.4,1.0,3.0,0.0,4.5,0.0,1.5,0.0,3.0,1.0,0.0,1.0,0.0,0.0,1.0,-2.0,1.2,1.2,,,,0,5.0,5.0,0,-4.4,-2.34,0.0,0.0,0.0,2.33,4.67,0,5,AWAY,1,0
1176,2024-09-21 13:30:00,Bundesliga,VfL Bochum,Holstein Kiel,0.0,0.0,0.33,1.0,1.67,3.67,0.0,0.0,0.0,0.0,0.0,0.0,2.0,2.0,3.0,-2.0,-1.0,0.0,0.0,1.0,0.0,0.0,0.0,0.0,1.2,1.2,,,,0,5.0,5.0,0,0.0,-0.6699999999999999,2.0,0.0,0.0,4.0,2.67,2,2,DRAW,1,1
1177,2024-09-21 13:30:00,Bundesliga,1. FC Heidenheim,SC Freiburg,6.7,6.7,2.67,1.67,1.33,1.33,6.7,6.7,0.0,3.0,0.0,4.0,0.0,0.0,2.0,4.0,-2.0,1.0,0.0,0.0,1.0,1.0,0.0,3.0,1.2,1.2,,,,0,5.0,5.0,0,0.0,1.0,0.0,0.0,0.0,4.0,3.0,0,3,AWAY,1,0
1178,2024-09-21 13:30:00,Bundesliga,Union Berlin,1899 Hoffenheim,5.6,3.3,0.67,1.67,0.33,3.0,5.6,3.3,2.3,3.0,0.0,1.0,1.0,0.0,3.0,1.0,-2.0,1.0,0.0,0.0,0.0,1.0,0.0,3.0,1.2,1.2,,,,0,5.0,5.0,0,2.3,-0.9999999999999999,2.67,0.0,0.0,3.67,2.0,2,1,HOME,1,1
428,2024-09-21 14:00:00,Premier League,Fulham,Newcastle,4.2,8.3,1.0,1.5,1.0,0.75,5.6,7.8,-2.2,2.0,2.0,1.5,1.5,1.0,1.0,0.5,0.5,0.0,0.0,0.0,0.0,0.5,0.5,0.0,1.2,1.2,,,,0,5.0,5.0,0,-4.1000000000000005,-0.5,-0.25,0.0,0.0,1.75,2.5,3,1,HOME,1,1
429,2024-09-21 14:00:00,Premier League,Liverpool,Bournemouth,7.5,4.2,1.75,1.25,0.25,1.25,6.7,4.4,2.3,1.5,2.0,1.0,2.0,0.5,1.5,0.5,0.5,0.5,0.0,0.5,0.0,0.5,0.5,-0.5,1.2,1.2,,,,0,5.0,5.0,0,3.3,0.5,1.0,0.0,0.0,3.0,1.5,3,0,HOME,1,0
430,2024-09-21 14:00:00,Premier League,Southampton,Ipswich,0.0,1.7,0.25,0.5,2.0,1.75,0.0,2.2,-2.2,0.0,0.5,0.0,0.5,2.0,2.0,-2.0,-1.5,0.0,0.5,1.0,0.5,0.0,0.0,-0.5,1.2,1.2,,,,0,5.0,5.0,0,-1.7,-0.25,-0.25,0.0,0.0,2.0,2.5,1,1,DRAW,0,1
431,2024-09-21 14:00:00,Premier League,Leicester,Everton,1.7,0.0,1.25,1.0,1.75,3.25,1.1,0.0,1.1,0.5,0.0,1.0,1.0,1.5,3.5,-0.5,-2.5,0.0,0.0,0.0,0.5,0.0,0.0,0.5,1.2,1.2,,,,0,5.0,5.0,0,1.7,0.25,1.5,0.0,0.0,4.5,2.75,1,1,DRAW,0,1
432,2024-09-21 14:00:00,Premier League,Tottenham,Brentford,3.3,5.0,1.5,1.5,1.0,1.5,3.3,3.3,0.0,1.5,0.0,2.0,0.5,0.5,2.0,1.5,-1.5,0.5,0.0,0.5,0.5,0.5,0.0,1.5,1.2,1.2,,,,0,5.0,5.0,0,-1.7000000000000002,0.0,0.5,0.0,0.0,3.0,2.5,3,1,HOME,1,1
433,2024-09-21 14:00:00,Premier League,Aston Villa,Wolves,7.5,0.8,1.75,1.0,1.5,2.75,6.7,1.1,5.6,1.5,0.5,1.5,0.5,2.0,1.5,-0.5,-1.0,0.0,0.0,0.5,0.5,0.5,0.0,1.0,1.2,1.2,,,,0,5.0,5.0,0,6.7,0.75,1.25,0.0,0.0,4.5,2.5,3,1,HOME,1,1
61,2024-09-21 14:15:00,La Liga,Osasuna,Las Palmas,4.7,1.3,1.2,1.2,2.0,2.0,3.3,1.1,2.1999999999999997,2.333,0.0,1.667,0.5,1.0,2.0,0.667,-1.5,0.333,0.0,0.0,0.5,0.667,0.0,2.333,1.2,1.2,,,,0,5.0,5.0,0,3.4000000000000004,0.0,0.0,0.0,0.0,3.2,3.2,2,1,HOME,1,1
810,2024-09-21 16:00:00,Serie A,Juventus,Napoli,6.7,7.5,1.5,2.25,0.0,1.0,5.6,10.0,-4.4,2.0,1.5,1.5,2.0,0.0,1.5,1.5,0.5,1.0,0.5,0.5,0.5,0.5,0.5,0.5,1.2,1.2,,,,0,5.0,5.0,0,-0.7999999999999998,-0.75,1.0,0.0,0.0,2.5,2.25,0,0,DRAW,0,0
62,2024-09-21 16:30:00,La Liga,Valencia,Girona,0.7,4.7,0.6,1.6,2.0,1.6,1.1,6.7,-5.6,0.5,1.333,1.0,1.0,1.5,1.333,-0.5,-0.333,0.0,0.333,0.0,0.333,0.0,0.333,-0.833,1.2,1.2,,,,0,5.0,5.0,0,-4.0,-1.0,-0.3999999999999999,0.0,0.0,2.2,3.6,2,0,HOME,0,0
434,2024-09-21 16:30:00,Premier League,Crystal Palace,Manchester United,1.7,5.0,1.0,1.25,1.75,1.25,2.2,3.3,-1.0999999999999996,0.5,1.5,1.0,2.0,2.0,1.0,-1.0,1.0,0.0,0.5,0.5,0.0,0.0,0.5,-1.0,1.2,1.2,,,,0,5.0,5.0,0,-3.3,-0.25,-0.5,0.0,0.0,2.25,3.0,0,0,DRAW,0,0
1179,2024-09-21 16:30:00,Bundesliga,Eintracht Frankfurt,Borussia Mönchengladbach,6.7,3.3,1.67,1.67,1.33,2.0,6.7,3.3,3.4000000000000004,3.0,3.0,3.0,2.0,1.0,0.0,2.0,2.0,0.0,1.0,0.0,0.0,1.0,1.0,0.0,1.2,1.2,,,,0,5.0,5.0,0,3.4000000000000004,0.0,0.6699999999999999,0.0,0.0,3.67,3.0,2,0,HOME,0,0
811,2024-09-21 18:45:00,Serie A,Lecce,Parma,3.3,3.3,0.25,1.5,1.5,1.75,4.4,3.3,1.1000000000000005,1.5,0.0,0.5,1.0,2.0,2.0,-1.5,-1.0,0.5,0.0,0.5,0.0,0.5,0.0,1.5,1.2,1.2,,,,0,5.0,5.0,0,0.0,-1.25,0.25,0.0,0.0,2.0,3.0,2,2,DRAW,1,1
63,2024-09-21 19:00:00,La Liga,Real Madrid,Espanyol,7.3,4.7,1.8,1.0,0.4,1.0,7.8,7.8,0.0,3.0,0.5,2.5,0.0,0.0,0.5,2.5,-0.5,1.0,0.5,0.0,1.0,1.0,0.0,2.5,1.2,1.2,,,,0,5.0,5.0,0,2.5999999999999996,0.8,0.6,0.0,0.0,2.8,1.4,4,1,HOME,1,1
812,2024-09-22 10:30:00,Serie A,Fiorentina,Lazio,2.5,5.8,1.25,2.0,1.5,1.5,2.2,4.4,-2.2,1.0,0.0,1.0,1.0,1.0,2.0,0.0,-1.0,0.5,0.0,0.5,0.0,0.0,0.0,1.0,1.2,1.2,,,,0,5.0,5.0,0,-3.3,-0.75,0.0,0.0,0.0,2.75,3.5,2,1,HOME,1,1
64,2024-09-22 12:00:00,La Liga,Getafe,Leganes,2.0,2.7,0.4,0.4,0.8,1.2,1.1,0.0,1.1,1.0,0.667,0.0,0.333,0.0,1.0,0.0,-0.667,1.0,0.333,1.0,0.667,0.0,0.0,0.33299999999999996,1.2,1.2,,,,0,5.0,5.0,0,-0.7000000000000002,0.0,0.3999999999999999,0.0,0.0,1.6,1.2000000000000002,1,1,DRAW,0,1
435,2024-09-22 13:00:00,Premier League,Brighton,Nottingham Forest,6.7,6.7,1.5,1.0,0.5,0.5,5.6,7.8,-2.2,2.0,3.0,1.0,1.0,0.5,0.0,0.5,1.0,0.5,1.0,0.5,0.0,0.5,1.0,-1.0,1.2,1.2,,,,0,5.0,5.0,0,0.0,0.5,0.0,0.0,0.0,2.0,1.5,2,2,DRAW,1,1
813,2024-09-22 13:00:00,Serie A,Monza,Bologna,2.5,2.5,0.75,1.0,1.0,1.75,2.2,2.2,0.0,0.5,0.5,0.5,1.0,1.0,2.5,-0.5,-1.5,0.0,0.0,0.5,0.5,0.0,0.0,0.0,1.2,1.2,,,,0,5.0,5.0,0,0.0,-0.25,0.75,0.0,0.0,2.5,2.0,1,2,AWAY,1,1
1180,2024-09-22 13:30:00,Bundesliga,Bayer Leverkusen,VfL Wolfsburg,6.7,3.3,3.0,1.67,2.0,1.67,6.7,3.3,3.4000000000000004,0.0,3.0,2.0,2.0,3.0,0.0,-1.0,2.0,0.0,1.0,0.0,0.0,0.0,1.0,-3.0,1.2,1.2,,,,0,5.0,5.0,0,3.4000000000000004,1.33,-0.33000000000000007,0.0,0.0,4.67,3.67,4,3,HOME,1,1
65,2024-09-22 14:15:00,La Liga,Athletic Club,Celta Vigo,6.0,6.0,1.4,2.6,1.0,2.0,6.7,3.3,3.4000000000000004,1.333,0.0,0.667,2.5,0.667,3.5,0.0,-1.0,0.333,0.0,0.333,0.0,0.333,0.0,1.333,1.2,1.2,,,,0,5.0,5.0,0,0.0,-1.2000000000000002,1.0,0.0,0.0,3.4,3.6,3,1,HOME,1,1
436,2024-09-22 15:30:00,Premier League,Manchester City,Arsenal,10.0,8.3,2.75,1.5,0.75,0.25,10.0,7.8,2.2,3.0,3.0,3.0,1.5,1.0,0.0,2.0,1.5,0.0,1.0,0.0,0.0,1.0,1.0,0.0,1.2,1.2,,,,0,5.0,5.0,0,1.6999999999999993,1.25,-0.5,0.0,0.0,3.0,2.25,2,2,DRAW,1,1
1181,2024-09-22 15:30:00,Bundesliga,VfB Stuttgart,Borussia Dortmund,4.4,7.8,2.33,2.0,2.33,0.67,4.4,7.8,-3.3999999999999995,1.0,1.0,3.0,0.0,3.0,0.0,0.0,0.0,0.0,1.0,0.0,1.0,0.0,0.0,0.0,1.2,1.2,,,,0,5.0,5.0,0,-3.3999999999999995,0.33000000000000007,-1.6600000000000001,0.0,0.0,3.0,4.33,5,1,HOME,1,1
814,2024-09-22 16:00:00,Serie A,AS Roma,Udinese,2.5,8.3,0.5,1.75,0.75,1.0,2.2,10.0,-7.8,0.0,2.0,1.0,2.0,2.0,1.5,-1.0,0.5,0.0,0.0,0.0,0.0,0.0,0.5,-2.0,1.2,1.2,,,,0,5.0,5.0,0,-5.800000000000001,-1.25,0.25,0.0,0.0,1.5,2.5,3,0,HOME,1,0
66,2024-09-22 16:30:00,La Liga,Villarreal,Barcelona,7.3,10.0,2.2,3.4,1.6,0.8,7.8,10.0,-2.2,2.0,3.0,3.0,2.667,2.5,1.0,0.5,1.667,0.0,0.0,0.0,0.0,0.5,1.0,-1.0,1.2,1.2,,,,0,5.0,5.0,0,-2.7,-1.1999999999999997,-0.8,0.0,0.0,3.0,5.0,1,5,AWAY,1,1
1182,2024-09-22 17:30:00,Bundesliga,FC St. Pauli,RB Leipzig,0.0,7.8,0.33,1.33,2.0,0.67,0.0,7.8,-7.8,0.0,3.0,0.0,3.0,2.0,2.0,-2.0,1.0,0.0,0.0,1.0,0.0,0.0,1.0,-3.0,1.2,1.2,,,,0,5.0,5.0,0,-7.8,-1.0,-1.33,0.0,0.0,1.0,3.33,0,0,DRAW,0,0
815,2024-09-22 18:45:00,Serie A,Inter,AC Milan,6.7,4.2,2.25,2.25,0.75,1.5,7.8,4.4,3.3999999999999995,3.0,0.5,3.0,1.5,0.0,2.0,3.0,-0.5,1.0,0.0,0.0,0.0,1.0,0.0,2.5,1.2,1.2,,,,0,5.0,5.0,0,2.5,0.0,0.75,0.0,0.0,3.75,3.0,1,2,AWAY,1,1
67,2024-09-22 19:00:00,La Liga,Rayo Vallecano,Atletico Madrid,4.7,7.3,1.4,1.8,1.2,0.4,3.3,7.8,-4.5,1.5,2.0,2.0,1.5,1.5,1.0,0.5,0.5,0.0,0.5,0.0,0.0,0.5,0.5,-0.5,1.2,1.2,,,,0,5.0,5.0,0,-2.5999999999999996,-0.40000000000000013,-0.7999999999999999,0.0,0.0,1.7999999999999998,3.0,1,1,DRAW,0,1
68,2024-09-23 19:00:00,La Liga,Real Betis,Mallorca,5.3,4.7,1.0,0.6,0.8,0.6,6.7,6.7,0.0,2.333,1.5,1.667,0.5,0.667,0.5,1.0,0.0,0.333,0.5,0.0,0.5,0.667,0.5,0.8330000000000002,1.2,1.2,,,,0,5.0,5.0,0,0.5999999999999996,0.4,-0.20000000000000007,0.0,0.0,1.6,1.4,1,2,AWAY,1,1
69,2024-09-24 17:00:00,La Liga,Valencia,Osasuna,2.7,6.0,0.8,1.4,1.6,2.0,4.4,6.7,-2.3,1.333,0.0,1.333,0.5,1.0,3.5,0.333,-3.0,0.333,0.0,0.0,0.5,0.333,0.0,1.333,1.2,1.2,,,,0,5.0,5.0,0,-3.3,-0.5999999999999999,0.3999999999999999,0.0,0.0,2.8,3.0,0,0,DRAW,0,0
70,2024-09-24 17:00:00,La Liga,Sevilla,Valladolid,2.7,1.3,0.6,0.2,1.2,2.6,3.3,1.1,2.1999999999999997,1.0,0.0,0.667,0.333,1.333,4.333,-0.667,-4.0,0.333,0.0,0.333,0.667,0.333,0.0,1.0,1.2,1.2,,,,0,5.0,5.0,0,1.4000000000000001,0.39999999999999997,1.4000000000000001,0.0,0.0,3.2,1.4,2,1,HOME,1,1
816,2024-09-24 18:45:00,Serie A,Atalanta,Como,5.0,1.7,2.0,0.75,2.0,1.75,3.3,2.2,1.0999999999999996,3.0,0.333,3.0,0.333,2.0,1.667,1.0,-1.333,0.0,0.0,0.0,0.667,1.0,0.0,2.667,1.2,1.2,,,,0,5.0,5.0,0,3.3,1.25,-0.25,0.0,0.0,3.75,2.75,2,3,AWAY,1,1
71,2024-09-24 19:00:00,La Liga,Real Madrid,Alaves,8.7,6.7,2.4,1.6,0.4,1.0,10.0,6.7,3.3,3.0,1.0,3.0,1.667,0.333,2.0,2.667,-0.333,0.667,0.0,0.0,0.0,1.0,0.333,2.0,1.2,1.2,,,,0,5.0,5.0,0,1.9999999999999991,0.7999999999999998,0.6,0.0,0.0,3.4,2.0,3,2,HOME,1,1
72,2024-09-25 17:00:00,La Liga,Girona,Rayo Vallecano,4.0,3.3,1.4,1.2,1.8,1.2,3.3,4.4,-1.1000000000000005,1.5,1.333,2.5,1.0,2.0,1.0,0.5,0.0,0.5,0.333,0.0,0.333,0.5,0.333,0.16700000000000004,1.2,1.2,,,,0,5.0,5.0,0,0.7000000000000002,0.19999999999999996,-0.6000000000000001,0.0,0.0,2.5999999999999996,3.0,0,0,DRAW,0,0
73,2024-09-25 19:00:00,La Liga,Barcelona,Getafe,10.0,2.0,4.0,0.4,0.8,0.8,10.0,1.1,8.9,3.0,0.333,4.5,0.667,0.5,1.333,4.0,-0.667,0.5,0.0,0.0,0.333,1.0,0.0,2.667,1.2,1.2,,,,0,5.0,5.0,0,8.0,3.6,0.0,0.0,0.0,4.8,1.2000000000000002,1,0,HOME,0,0
74,2024-09-26 17:00:00,La Liga,Las Palmas,Real Betis,0.7,4.7,1.0,1.0,2.0,1.0,0.0,6.7,-6.7,0.667,0.5,1.667,0.0,2.0,1.0,-0.333,-1.0,0.0,0.5,0.0,1.0,0.0,0.0,0.16700000000000004,1.2,1.2,,,,0,5.0,5.0,0,-4.0,0.0,-1.0,0.0,0.0,2.0,3.0,1,1,DRAW,0,1
75,2024-09-26 17:00:00,La Liga,Espanyol,Villarreal,4.7,6.7,1.2,2.0,1.6,2.2,6.7,4.4,2.3,2.0,2.333,1.667,1.667,1.333,1.0,0.333,0.667,0.0,0.0,0.333,0.0,0.667,0.667,-0.3330000000000002,1.2,1.2,,,,0,5.0,5.0,0,-2.0,-0.8,0.6000000000000001,0.0,0.0,3.4000000000000004,3.6,1,2,AWAY,1,1
76,2024-09-26 19:00:00,La Liga,Celta Vigo,Atletico Madrid,4.0,7.3,2.4,1.6,2.4,0.2,3.3,7.8,-4.5,3.0,1.667,2.667,1.333,1.0,1.0,1.667,0.333,0.0,0.333,0.0,0.0,1.0,0.333,1.333,1.2,1.2,,,,0,5.0,5.0,0,-3.3,0.7999999999999998,-2.1999999999999997,0.0,0.0,2.6,4.0,0,1,AWAY,0,0
1183,2024-09-27 18:30:00,Bundesliga,Borussia Dortmund,VfL Bochum,5.8,0.8,1.75,0.75,1.75,1.75,4.4,1.1,3.3000000000000003,3.0,0.0,3.0,0.5,1.0,1.5,2.0,-1.0,0.5,0.0,0.0,0.5,1.0,0.0,3.0,1.2,1.2,,,,0,5.0,5.0,0,5.0,1.0,0.0,0.0,0.0,3.5,2.5,4,2,HOME,1,1
817,2024-09-27 18:45:00,Serie A,AC Milan,Lecce,5.3,3.3,2.2,0.6,1.4,1.6,7.8,5.6,2.2,2.0,0.5,3.0,0.0,1.0,1.0,2.0,-1.0,0.5,0.5,0.0,1.0,0.5,0.0,1.5,1.2,1.2,,,,0,5.0,5.0,0,2.0,1.6,0.20000000000000018,0.0,0.0,3.8000000000000003,2.0,3,0,HOME,1,0
77,2024-09-27 19:00:00,La Liga,Valladolid,Mallorca,1.3,6.7,0.4,1.0,2.4,0.6,1.1,6.7,-5.6,1.667,2.0,0.333,1.0,0.0,0.667,0.333,0.333,1.0,0.333,0.667,0.333,0.333,0.667,-0.33299999999999996,1.2,1.2,,,,0,5.0,5.0,0,-5.4,-0.6,-1.7999999999999998,0.0,0.0,1.0,3.4,1,2,AWAY,1,1
437,2024-09-28 11:30:00,Premier League,Newcastle,Manchester City,6.7,8.7,1.4,2.6,1.2,1.0,6.7,7.8,-1.0999999999999996,3.0,3.0,1.5,2.5,0.5,0.5,1.0,2.0,0.5,0.5,0.0,0.0,1.0,1.0,0.0,1.2,1.2,,,,0,5.0,5.0,0,-1.9999999999999991,-1.2000000000000002,-0.19999999999999996,0.0,0.0,2.4,3.8,1,1,DRAW,0,1
78,2024-09-28 12:00:00,La Liga,Getafe,Alaves,1.3,6.0,0.4,2.0,1.0,1.6,1.1,3.3,-2.1999999999999997,1.0,0.75,0.333,1.75,0.333,2.25,0.0,-0.5,0.667,0.0,0.667,0.0,0.0,0.25,0.25,1.2,1.2,,,,0,5.0,5.0,0,-4.7,-1.6,0.6000000000000001,0.0,0.0,2.0,3.0,2,0,HOME,0,0
818,2024-09-28 13:00:00,Serie A,Udinese,Inter,6.7,5.3,1.4,2.0,1.4,1.0,6.7,4.4,2.3,3.0,1.0,1.5,1.5,0.5,1.5,1.0,0.0,0.5,0.0,0.0,0.0,1.0,0.0,2.0,1.2,1.2,,,,0,5.0,5.0,0,1.4000000000000004,-0.6000000000000001,-0.3999999999999999,0.0,0.0,2.4,3.4,2,3,AWAY,1,1
1184,2024-09-28 13:30:00,Bundesliga,SC Freiburg,FC St. Pauli,7.5,0.8,2.0,0.25,1.0,1.5,6.7,1.1,5.6,3.0,0.0,2.5,0.5,1.0,2.0,1.5,-1.5,0.0,0.0,0.0,0.5,1.0,0.0,3.0,1.2,1.2,,,,0,5.0,5.0,0,6.7,1.75,0.5,0.0,0.0,3.5,1.25,0,3,AWAY,1,0
1185,2024-09-28 13:30:00,Bundesliga,VfL Wolfsburg,VfB Stuttgart,2.5,5.8,2.0,3.0,2.25,2.0,3.3,7.8,-4.5,0.0,1.5,1.5,2.0,2.5,2.0,-1.0,0.0,0.0,0.0,0.0,0.0,0.0,0.5,-1.5,1.2,1.2,,,,0,5.0,5.0,0,-3.3,-1.0,-0.25,0.0,0.0,4.0,5.25,2,2,DRAW,1,1
1186,2024-09-28 13:30:00,Bundesliga,Borussia Mönchengladbach,Union Berlin,2.5,6.7,1.25,1.0,2.0,0.5,3.3,7.8,-4.5,0.0,1.0,1.5,0.5,3.0,0.5,-1.5,0.0,0.0,0.5,0.0,0.5,0.0,0.0,-1.0,1.2,1.2,,,,0,5.0,5.0,0,-4.2,0.25,-1.5,0.0,0.0,1.75,3.0,1,0,HOME,0,0
1187,2024-09-28 13:30:00,Bundesliga,FSV Mainz 05,1. FC Heidenheim,4.2,5.0,2.0,2.0,2.0,1.75,4.4,3.3,1.1000000000000005,0.5,1.5,1.0,2.0,1.5,2.0,-0.5,0.0,0.0,0.5,0.0,0.0,0.0,0.5,-1.0,1.2,1.2,,,,0,5.0,5.0,0,-0.7999999999999998,0.0,-0.25,0.0,0.0,3.75,4.0,0,2,AWAY,0,0
1188,2024-09-28 13:30:00,Bundesliga,RB Leipzig,FC Augsburg,6.7,3.3,1.0,1.75,0.5,2.5,5.6,3.3,2.3,2.0,0.0,0.5,0.0,0.0,4.0,0.5,-4.0,1.0,0.0,0.5,1.0,0.5,0.0,2.0,1.2,1.2,,,,0,5.0,5.0,0,3.4000000000000004,-0.75,2.0,0.0,0.0,3.5,2.25,4,0,HOME,1,0
438,2024-09-28 14:00:00,Premier League,Arsenal,Leicester,7.3,2.0,1.6,1.2,0.6,1.6,5.6,2.2,3.3999999999999995,2.0,0.5,1.5,1.5,0.5,2.0,1.0,-0.5,0.5,0.0,0.0,0.0,0.5,0.0,1.5,1.2,1.2,,,,0,5.0,5.0,0,5.3,0.40000000000000013,1.0,0.0,0.0,3.2,1.7999999999999998,4,2,HOME,1,1
439,2024-09-28 14:00:00,Premier League,Everton,Crystal Palace,0.7,2.0,1.0,0.8,2.8,1.4,1.1,3.3,-2.1999999999999997,0.0,0.5,1.0,1.0,3.0,1.5,-2.0,-0.5,0.0,0.0,0.5,0.0,0.0,0.0,-0.5,1.2,1.2,,,,0,5.0,5.0,0,-1.3,0.19999999999999996,-1.4,0.0,0.0,2.4,3.5999999999999996,2,1,HOME,1,1
440,2024-09-28 14:00:00,Premier League,Chelsea,Brighton,6.7,6.0,2.2,1.6,1.0,0.8,7.8,3.3,4.5,0.5,2.0,0.5,2.0,1.5,0.5,-1.0,1.5,0.0,0.5,0.5,0.0,0.0,0.5,-1.5,1.2,1.2,,,,0,5.0,5.0,0,0.7000000000000002,0.6000000000000001,-0.19999999999999996,0.0,0.0,3.0,2.6,4,2,HOME,1,1
441,2024-09-28 14:00:00,Premier League,Brentford,West Ham,4.0,2.7,1.4,1.0,1.8,1.8,3.3,1.1,2.1999999999999997,3.0,2.0,2.5,1.5,1.0,0.5,1.5,1.0,0.0,0.5,0.0,0.0,1.0,0.5,1.0,1.2,1.2,,,,0,5.0,5.0,0,1.2999999999999998,0.3999999999999999,0.0,0.0,0.0,3.2,2.8,1,1,DRAW,0,1
442,2024-09-28 14:00:00,Premier League,Nottingham Forest,Fulham,6.0,5.3,1.2,1.4,0.8,1.0,5.6,5.6,0.0,1.0,0.5,1.0,0.5,1.0,1.0,0.0,-0.5,0.0,0.0,0.0,0.5,0.0,0.0,0.5,1.2,1.2,,,,0,5.0,5.0,0,0.7000000000000002,-0.19999999999999996,0.19999999999999996,0.0,0.0,2.2,2.2,0,1,AWAY,0,0
79,2024-09-28 14:15:00,La Liga,Rayo Vallecano,Leganes,3.3,1.3,1.2,0.2,1.2,1.2,5.6,1.1,4.5,1.333,0.75,1.667,0.5,1.333,1.0,0.333,-0.5,0.0,0.25,0.0,0.5,0.333,0.0,0.583,1.2,1.2,,,,0,5.0,5.0,0,1.9999999999999998,1.0,0.0,0.0,0.0,2.4,1.4,1,1,DRAW,0,1
819,2024-09-28 16:00:00,Serie A,Genoa,Juventus,3.3,6.0,0.8,1.2,1.4,0.0,1.1,3.3,-2.1999999999999997,0.667,2.0,1.0,1.5,1.667,0.0,-0.667,1.5,0.0,1.0,0.333,0.5,0.0,0.5,-1.333,1.2,1.2,,,,0,5.0,5.0,0,-2.7,-0.3999999999999999,-1.4,0.0,0.0,0.8,2.5999999999999996,0,3,AWAY,1,0
80,2024-09-28 16:30:00,La Liga,Real Sociedad,Valencia,1.3,3.3,0.2,0.6,1.0,1.0,1.1,4.4,-3.3000000000000003,0.0,0.0,0.667,0.333,2.0,2.333,-1.333,-2.0,0.0,0.0,0.333,0.667,0.0,0.0,0.0,1.2,1.2,,,,0,5.0,5.0,0,-1.9999999999999998,-0.39999999999999997,0.0,0.0,0.0,1.2,1.6,3,0,HOME,1,0
443,2024-09-28 16:30:00,Premier League,Wolves,Liverpool,0.7,8.0,1.0,2.0,2.8,0.2,1.1,6.7,-5.6,0.0,3.0,1.5,2.5,4.0,0.0,-2.5,2.5,0.0,1.0,0.0,0.0,0.0,1.0,-3.0,1.2,1.2,,,,0,5.0,5.0,0,-7.3,-1.0,-2.5999999999999996,0.0,0.0,1.2,4.8,1,2,AWAY,1,1
1189,2024-09-28 16:30:00,Bundesliga,Bayern München,Bayer Leverkusen,10.0,7.5,4.0,3.25,0.75,2.25,10.0,6.7,3.3,3.0,3.0,2.0,3.5,0.0,1.5,2.0,2.0,1.0,0.0,0.0,0.0,1.0,1.0,0.0,1.2,1.2,,,,0,5.0,5.0,0,2.5,0.75,1.5,0.0,0.0,6.25,4.0,1,1,DRAW,0,1
820,2024-09-28 18:45:00,Serie A,Bologna,Atalanta,4.0,4.0,1.2,2.0,1.6,2.2,5.6,3.3,2.3,1.0,1.0,1.0,1.667,1.0,2.0,0.0,-0.333,0.0,0.333,0.0,0.333,0.0,0.333,0.0,1.2,1.2,,,,0,5.0,5.0,0,0.0,-0.8,0.6000000000000001,0.0,0.0,3.4000000000000004,3.6,1,1,DRAW,0,1
81,2024-09-28 19:00:00,La Liga,Osasuna,Barcelona,4.7,10.0,1.2,3.8,2.0,0.6,4.4,10.0,-5.6,2.5,3.0,1.75,3.25,1.0,1.0,0.75,2.25,0.25,0.0,0.0,0.0,0.75,1.0,-0.5,1.2,1.2,,,,0,5.0,5.0,0,-5.3,-2.5999999999999996,-1.4,0.0,0.0,1.7999999999999998,5.8,4,2,HOME,1,1
821,2024-09-29 10:30:00,Serie A,Torino,Lazio,7.3,4.7,1.6,1.8,1.0,1.6,7.8,4.4,3.3999999999999995,2.0,0.0,1.0,1.0,0.5,2.0,0.5,-1.0,0.5,0.0,0.5,0.0,0.5,0.0,2.0,1.2,1.2,,,,0,5.0,5.0,0,2.5999999999999996,-0.19999999999999996,0.6000000000000001,0.0,0.0,3.2,2.8,2,3,AWAY,1,1
82,2024-09-29 12:00:00,La Liga,Celta Vigo,Girona,2.0,4.7,1.8,1.4,2.4,1.2,3.3,1.1,2.1999999999999997,2.25,1.0,2.0,0.75,1.0,1.5,1.0,-0.75,0.0,0.25,0.25,0.5,0.75,0.25,1.25,1.2,1.2,,,,0,5.0,5.0,0,-2.7,0.40000000000000013,-1.2,0.0,0.0,3.0,3.8,1,1,DRAW,0,1
444,2024-09-29 13:00:00,Premier League,Ipswich,Aston Villa,2.0,8.0,0.6,2.0,1.6,1.4,3.3,10.0,-6.7,0.5,3.0,0.5,2.0,1.5,1.0,-1.0,1.0,0.0,0.0,0.5,0.0,0.0,1.0,-2.5,1.2,1.2,,,,0,5.0,5.0,0,-6.0,-1.4,-0.20000000000000018,0.0,0.0,2.0,3.6,2,2,DRAW,1,1
822,2024-09-29 13:00:00,Serie A,AS Roma,Venezia,4.0,2.7,1.0,0.6,0.6,1.6,5.6,3.3,2.3,1.5,0.333,2.0,0.333,1.0,2.333,1.0,-2.0,0.5,0.333,0.0,0.667,0.5,0.0,1.167,1.2,1.2,,,,0,5.0,5.0,0,1.2999999999999998,0.4,1.0,0.0,0.0,2.6,1.2,2,1,HOME,1,1
823,2024-09-29 13:00:00,Serie A,Como,Hellas Verona,3.3,4.0,1.2,1.6,1.8,1.6,4.4,3.3,1.1000000000000005,1.0,1.5,2.0,1.5,2.0,1.0,0.0,0.5,0.0,0.5,0.0,0.0,0.0,0.5,-0.5,1.2,1.2,,,,0,5.0,5.0,0,-0.7000000000000002,-0.40000000000000013,-0.19999999999999996,0.0,0.0,2.8,3.4000000000000004,3,2,HOME,1,1
1190,2024-09-29 13:30:00,Bundesliga,Holstein Kiel,Eintracht Frankfurt,0.8,7.5,1.25,1.75,3.25,1.0,1.1,10.0,-8.9,0.0,1.5,0.5,1.0,4.0,1.5,-3.5,-0.5,0.0,0.0,0.5,0.5,0.0,0.5,-1.5,1.2,1.2,,,,0,5.0,5.0,0,-6.7,-0.5,-2.25,0.0,0.0,2.25,5.0,2,4,AWAY,1,1
83,2024-09-29 14:15:00,La Liga,Athletic Club,Sevilla,8.0,4.7,1.8,0.8,0.8,1.0,10.0,6.7,3.3,1.75,0.667,1.25,1.0,0.75,1.333,0.5,-0.333,0.25,0.333,0.25,0.333,0.5,0.0,1.083,1.2,1.2,,,,0,5.0,5.0,0,3.3,1.0,0.19999999999999996,0.0,0.0,2.8,1.6,1,1,DRAW,0,1
445,2024-09-29 15:30:00,Premier League,Manchester United,Tottenham,4.7,4.7,1.0,1.8,1.0,1.0,4.4,3.3,1.1000000000000005,1.5,0.5,0.5,1.0,1.5,1.5,-1.0,-0.5,0.5,0.0,0.5,0.0,0.5,0.0,1.0,1.2,1.2,,,,0,5.0,5.0,0,0.0,-0.8,0.0,0.0,0.0,2.0,2.8,0,3,AWAY,1,0
1191,2024-09-29 15:30:00,Bundesliga,1899 Hoffenheim,Werder Bremen,2.5,4.2,1.5,1.0,2.75,2.0,0.0,4.4,-4.4,1.5,2.0,2.0,2.0,3.0,1.5,-1.0,0.5,0.0,0.0,0.0,0.0,0.5,0.5,-0.5,1.2,1.2,,,,0,5.0,5.0,0,-1.7000000000000002,0.5,-0.75,0.0,0.0,3.5,3.75,3,4,AWAY,1,1
824,2024-09-29 16:00:00,Serie A,Empoli,Fiorentina,6.0,4.0,1.0,1.4,0.4,1.4,5.6,4.4,1.1999999999999993,1.0,0.5,0.0,1.5,0.0,2.0,0.0,-0.5,1.0,0.0,1.0,0.0,0.0,0.0,0.5,1.2,1.2,,,,0,5.0,5.0,0,2.0,-0.3999999999999999,0.9999999999999999,0.0,0.0,2.4,1.7999999999999998,0,0,DRAW,0,0
84,2024-09-29 16:30:00,La Liga,Real Betis,Espanyol,4.7,4.7,1.2,1.4,1.2,1.8,4.4,3.3,1.1000000000000005,1.75,0.333,1.5,0.333,1.0,1.667,0.5,-1.333,0.25,0.333,0.0,0.667,0.5,0.0,1.417,1.2,1.2,,,,0,5.0,5.0,0,0.0,-0.19999999999999996,0.6000000000000001,0.0,0.0,3.0,2.5999999999999996,1,0,HOME,0,0
825,2024-09-29 18:45:00,Serie A,Napoli,Monza,6.7,2.0,1.8,0.8,0.8,1.2,7.8,2.2,5.6,3.0,1.0,2.5,1.0,0.5,1.0,2.0,0.0,0.5,0.5,0.0,0.5,1.0,0.0,2.0,1.2,1.2,,,,0,5.0,5.0,0,4.7,1.0,0.3999999999999999,0.0,0.0,3.0,1.6,2,0,HOME,0,0
85,2024-09-29 19:00:00,La Liga,Atletico Madrid,Real Madrid,7.3,8.7,1.2,2.4,0.2,0.8,7.8,10.0,-2.2,2.333,1.667,2.0,1.333,0.0,0.667,2.0,0.667,1.0,0.333,0.333,0.0,0.667,0.333,0.6660000000000001,1.2,1.2,,,,0,5.0,5.0,0,-1.3999999999999995,-1.2,0.6000000000000001,0.0,0.0,2.0,2.6,1,1,DRAW,0,1
826,2024-09-30 18:45:00,Serie A,Parma,Cagliari,3.3,1.3,1.6,0.2,1.8,1.6,1.1,0.0,1.1,1.333,0.0,1.667,0.0,1.667,1.0,0.0,-1.0,0.0,0.0,0.0,1.0,0.333,0.0,1.333,1.2,1.2,,,,0,5.0,5.0,0,1.9999999999999998,1.4000000000000001,-0.19999999999999996,0.0,0.0,3.2,2.0,2,3,AWAY,1,1
86,2024-09-30 19:00:00,La Liga,Villarreal,Las Palmas,6.7,1.3,2.0,1.0,2.2,1.8,6.7,1.1,5.6,1.333,0.0,2.333,0.667,3.333,2.0,-1.0,-1.333,0.0,0.0,0.0,0.333,0.333,0.0,1.333,1.2,1.2,,,,0,5.0,5.0,0,5.4,1.0,-0.40000000000000013,0.0,0.0,3.8,3.2,3,1,HOME,1,1
446,2024-09-30 19:00:00,Premier League,Bournemouth,Southampton,3.3,0.7,1.0,0.4,1.6,1.8,3.3,1.1,2.1999999999999997,0.5,0.0,0.5,0.5,1.0,2.0,-0.5,-1.5,0.0,0.0,0.5,0.5,0.0,0.0,0.5,1.2,1.2,,,,0,5.0,5.0,0,2.5999999999999996,0.6,0.19999999999999996,0.0,0.0,2.8,2.0,3,1,HOME,1,1
827,2024-10-04 16:30:00,Serie A,Napoli,Como,8.7,5.3,2.2,1.8,0.2,1.6,7.8,7.8,0.0,3.0,1.0,2.333,1.0,0.333,1.75,2.0,-0.75,0.667,0.0,0.0,0.5,1.0,0.25,2.0,1.2,1.2,,,,0,5.0,5.0,0,3.3999999999999995,0.40000000000000013,1.4000000000000001,0.0,0.0,3.8000000000000003,2.0,3,1,HOME,1,1
1192,2024-10-04 18:30:00,Bundesliga,FC Augsburg,Borussia Mönchengladbach,2.7,4.0,1.4,1.2,2.8,1.6,3.3,3.3,0.0,1.333,1.5,2.333,1.0,2.0,1.0,0.333,0.0,0.0,0.5,0.0,0.5,0.333,0.5,-0.16700000000000004,1.2,1.2,,,,0,5.0,5.0,0,-1.2999999999999998,0.19999999999999996,-1.1999999999999997,0.0,0.0,3.0,4.0,2,1,HOME,1,1
828,2024-10-04 18:45:00,Serie A,Hellas Verona,Venezia,2.0,2.7,1.4,0.6,2.2,1.4,0.0,3.3,-3.3,1.0,0.25,1.667,0.5,2.0,2.25,-0.333,-1.75,0.333,0.25,0.333,0.5,0.333,0.0,0.75,1.2,1.2,,,,0,5.0,5.0,0,-0.7000000000000002,0.7999999999999999,-0.8000000000000003,0.0,0.0,2.8,2.8000000000000003,2,1,HOME,1,1
87,2024-10-04 19:00:00,La Liga,Leganes,Valencia,1.3,3.3,0.4,0.6,1.4,1.4,2.2,4.4,-2.2,1.0,0.0,0.667,0.25,1.333,2.5,-0.667,-2.25,0.0,0.0,0.667,0.75,0.333,0.0,1.0,1.2,1.2,,,,0,5.0,5.0,0,-1.9999999999999998,-0.19999999999999996,0.0,0.0,0.0,1.7999999999999998,2.0,0,0,DRAW,0,0
447,2024-10-05 11:30:00,Premier League,Crystal Palace,Liverpool,2.0,8.0,0.8,2.0,1.4,0.4,2.2,6.7,-4.5,0.667,3.0,0.667,2.333,1.333,0.333,-0.667,2.0,0.333,0.667,0.667,0.0,0.0,1.0,-2.333,1.2,1.2,,,,0,5.0,5.0,0,-6.0,-1.2,-0.9999999999999999,0.0,0.0,1.2000000000000002,3.4,0,1,AWAY,0,0
88,2024-10-05 12:00:00,La Liga,Espanyol,Mallorca,4.0,8.0,1.4,1.4,2.0,0.8,0.0,10.0,-10.0,1.5,2.25,1.5,1.25,1.5,0.75,0.0,0.5,0.0,0.25,0.25,0.25,0.5,0.75,-0.75,1.2,1.2,,,,0,5.0,5.0,0,-4.0,0.0,-1.2,0.0,0.0,2.2,3.4,2,1,HOME,1,1
829,2024-10-05 13:00:00,Serie A,Udinese,Lecce,6.0,3.3,1.6,0.6,1.8,1.4,3.3,2.2,1.0999999999999996,2.0,0.333,1.667,0.0,1.333,1.667,0.333,-1.667,0.333,0.333,0.0,1.0,0.667,0.0,1.667,1.2,1.2,,,,0,5.0,5.0,0,2.7,1.0,-0.40000000000000013,0.0,0.0,3.0,2.4,1,0,HOME,0,0
1193,2024-10-05 13:30:00,Bundesliga,Werder Bremen,SC Freiburg,5.3,6.0,1.6,1.6,2.2,1.4,6.7,6.7,0.0,0.5,1.5,0.0,1.5,2.5,1.0,-2.5,0.5,0.5,0.5,1.0,0.5,0.0,0.5,-1.0,1.2,1.2,,,,0,5.0,5.0,0,-0.7000000000000002,0.0,-0.8000000000000003,0.0,0.0,3.0,3.8000000000000003,0,1,AWAY,0,0
1194,2024-10-05 13:30:00,Bundesliga,Bayer Leverkusen,Holstein Kiel,6.7,0.7,2.8,1.4,2.0,3.4,7.8,1.1,6.699999999999999,1.5,0.5,3.0,2.0,3.0,2.5,0.0,-0.5,0.0,0.0,0.0,0.0,0.5,0.0,1.0,1.2,1.2,,,,0,5.0,5.0,0,6.0,1.4,1.4,0.0,0.0,6.199999999999999,3.4,2,2,DRAW,1,1
1195,2024-10-05 13:30:00,Bundesliga,VfL Bochum,VfL Wolfsburg,0.7,2.7,1.0,2.0,2.2,2.2,1.1,1.1,0.0,0.5,1.5,1.0,2.5,2.0,2.0,-1.0,0.5,0.0,0.5,0.5,0.0,0.0,0.5,-1.0,1.2,1.2,,,,0,5.0,5.0,0,-2.0,-1.0,0.0,0.0,0.0,3.2,4.2,1,3,AWAY,1,1
1196,2024-10-05 13:30:00,Bundesliga,Union Berlin,Borussia Dortmund,5.3,6.7,0.8,2.2,0.6,1.8,4.4,6.7,-2.3,3.0,0.5,1.5,0.5,0.5,2.5,1.0,-2.0,0.5,0.5,0.0,0.5,1.0,0.0,2.5,1.2,1.2,,,,0,5.0,5.0,0,-1.4000000000000004,-1.4000000000000001,1.2000000000000002,0.0,0.0,2.6,2.8000000000000003,2,1,HOME,1,1
448,2024-10-05 14:00:00,Premier League,Arsenal,Southampton,7.3,0.7,2.0,0.6,1.0,2.2,7.8,1.1,6.699999999999999,2.333,0.0,2.333,0.667,1.0,2.333,1.333,-1.667,0.333,0.0,0.0,0.333,0.667,0.0,2.333,1.2,1.2,,,,0,5.0,5.0,0,6.6,1.4,1.2000000000000002,0.0,0.0,4.2,1.6,3,1,HOME,1,1
449,2024-10-05 14:00:00,Premier League,Leicester,Bournemouth,1.3,4.7,1.4,1.4,2.2,1.6,2.2,3.3,-1.0999999999999996,0.667,1.333,1.0,1.333,1.333,2.0,-0.333,-0.667,0.0,0.0,0.0,0.333,0.0,0.333,-0.6659999999999999,1.2,1.2,,,,0,5.0,5.0,0,-3.4000000000000004,0.0,-0.6000000000000001,0.0,0.0,3.0,3.6,1,0,HOME,0,0
450,2024-10-05 14:00:00,Premier League,West Ham,Ipswich,3.3,2.7,1.0,1.0,1.6,1.6,2.2,3.3,-1.0999999999999996,0.0,0.667,0.667,0.667,2.667,1.667,-2.0,-1.0,0.0,0.333,0.333,0.333,0.0,0.0,-0.667,1.2,1.2,,,,0,5.0,5.0,0,0.5999999999999996,0.0,0.0,0.0,0.0,2.6,2.6,4,1,HOME,1,1
451,2024-10-05 14:00:00,Premier League,Manchester City,Fulham,7.3,7.3,2.4,1.6,1.2,0.8,5.6,7.8,-2.2,2.333,1.333,2.667,0.667,1.333,0.667,1.333,0.0,0.0,0.333,0.0,0.333,0.667,0.333,1.0000000000000002,1.2,1.2,,,,0,5.0,5.0,0,0.0,0.7999999999999998,-0.3999999999999999,0.0,0.0,3.2,2.8,3,2,HOME,1,1
452,2024-10-05 14:00:00,Premier League,Brentford,Wolves,2.7,0.7,1.2,1.2,1.8,2.8,1.1,0.0,1.1,2.333,0.333,2.0,0.667,1.0,2.0,1.0,-1.333,0.0,0.0,0.0,0.333,0.667,0.0,2.0,1.2,1.2,,,,0,5.0,5.0,0,2.0,0.0,0.9999999999999998,0.0,0.0,4.0,3.0,5,3,HOME,1,1
89,2024-10-05 14:15:00,La Liga,Getafe,Osasuna,2.7,6.7,0.8,2.0,1.0,1.6,4.4,7.8,-3.3999999999999995,1.5,0.333,0.75,0.333,0.25,2.333,0.5,-2.0,0.75,0.333,0.5,0.667,0.25,0.0,1.167,1.2,1.2,,,,0,5.0,5.0,0,-4.0,-1.2,0.6000000000000001,0.0,0.0,2.4000000000000004,3.0,1,1,DRAW,0,1
830,2024-10-05 16:00:00,Serie A,Atalanta,Genoa,2.7,2.7,1.4,0.4,2.4,1.6,4.4,1.1,3.3000000000000003,1.5,1.5,2.5,0.5,2.5,1.0,0.0,-0.5,0.0,0.5,0.0,0.5,0.5,0.5,0.0,1.2,1.2,,,,0,5.0,5.0,0,0.0,0.9999999999999999,-0.7999999999999998,0.0,0.0,3.0,2.8,5,1,HOME,1,1
90,2024-10-05 16:30:00,La Liga,Las Palmas,Celta Vigo,0.7,2.7,1.0,1.4,2.2,1.8,1.1,1.1,0.0,0.75,0.0,1.5,2.0,1.75,3.333,-0.25,-1.333,0.0,0.0,0.0,0.0,0.0,0.0,0.75,1.2,1.2,,,,0,5.0,5.0,0,-2.0,-0.3999999999999999,-0.40000000000000013,0.0,0.0,2.8,3.6,0,1,AWAY,0,0
91,2024-10-05 16:30:00,La Liga,Valladolid,Rayo Vallecano,0.7,4.0,0.6,1.2,2.8,1.0,1.1,3.3,-2.1999999999999997,1.25,1.25,0.5,0.75,0.5,0.75,0.0,0.0,0.75,0.5,0.5,0.5,0.25,0.25,0.0,1.2,1.2,,,,0,5.0,5.0,0,-3.3,-0.6,-1.7999999999999998,0.0,0.0,1.6,4.0,1,2,AWAY,1,1
453,2024-10-05 16:30:00,Premier League,Everton,Newcastle,2.7,5.3,1.4,1.4,2.4,1.4,4.4,4.4,0.0,1.0,1.333,1.333,1.333,2.333,1.667,-1.0,-0.333,0.0,0.0,0.333,0.0,0.333,0.333,-0.33299999999999996,1.2,1.2,,,,0,5.0,5.0,0,-2.5999999999999996,0.0,-1.0,0.0,0.0,2.8,3.8,0,0,DRAW,0,0
1197,2024-10-05 16:30:00,Bundesliga,FC St. Pauli,FSV Mainz 05,2.7,3.3,0.8,1.6,1.2,2.0,4.4,3.3,1.1000000000000005,0.5,2.0,0.0,3.0,1.0,2.5,-1.0,0.5,0.5,0.0,1.0,0.0,0.0,0.5,-1.5,1.2,1.2,,,,0,5.0,5.0,0,-0.5999999999999996,-0.8,0.8,0.0,0.0,2.8,2.8,0,3,AWAY,1,0
831,2024-10-05 18:45:00,Serie A,Inter,Torino,6.7,6.7,2.2,1.6,1.0,1.2,4.4,4.4,0.0,2.0,2.333,2.333,2.0,0.667,1.333,1.667,0.667,0.667,0.333,0.0,0.0,0.667,0.667,-0.3330000000000002,1.2,1.2,,,,0,5.0,5.0,0,0.0,0.6000000000000001,0.19999999999999996,0.0,0.0,3.4000000000000004,2.6,3,2,HOME,1,1
92,2024-10-05 19:00:00,La Liga,Real Madrid,Villarreal,8.7,6.7,2.4,1.8,0.8,1.8,7.8,6.7,1.0999999999999996,3.0,2.5,3.0,1.75,0.75,1.0,2.25,0.75,0.5,0.0,0.0,0.0,1.0,0.75,0.5,1.2,1.2,,,,0,5.0,5.0,0,1.9999999999999991,0.5999999999999999,1.0,0.0,0.0,4.2,2.6,2,0,HOME,0,0
832,2024-10-06 10:30:00,Serie A,Juventus,Cagliari,6.0,2.7,1.2,0.8,0.0,2.0,5.6,3.3,2.3,1.667,1.5,1.0,1.5,0.0,1.5,1.0,0.0,1.0,0.0,0.667,0.5,0.333,0.5,0.16700000000000004,1.2,1.2,,,,0,5.0,5.0,0,3.3,0.3999999999999999,2.0,0.0,0.0,3.2,0.8,1,1,DRAW,0,1
93,2024-10-06 12:00:00,La Liga,Girona,Athletic Club,3.3,6.7,0.8,1.8,1.4,1.0,2.2,7.8,-5.6,1.333,2.0,1.667,2.0,1.333,1.333,0.333,0.667,0.667,0.333,0.333,0.0,0.333,0.667,-0.667,1.2,1.2,,,,0,5.0,5.0,0,-3.4000000000000004,-1.0,-0.3999999999999999,0.0,0.0,1.8,3.2,2,1,HOME,1,1
454,2024-10-06 13:00:00,Premier League,Chelsea,Nottingham Forest,8.7,5.3,3.0,1.0,1.0,0.8,10.0,4.4,5.6,1.333,2.333,1.667,1.333,1.667,0.667,0.0,0.667,0.0,0.667,0.333,0.0,0.333,0.667,-1.0000000000000002,1.2,1.2,,,,0,5.0,5.0,0,3.3999999999999995,2.0,-0.19999999999999996,0.0,0.0,3.8,2.0,1,1,DRAW,0,1
455,2024-10-06 13:00:00,Premier League,Aston Villa,Manchester United,6.7,2.7,2.0,0.8,1.6,1.6,7.8,4.4,3.3999999999999995,2.0,1.333,2.0,1.333,1.667,0.667,0.333,0.667,0.0,0.667,0.333,0.333,0.667,0.333,0.667,1.2,1.2,,,,0,5.0,5.0,0,4.0,1.2,0.0,0.0,0.0,3.6,2.4000000000000004,0,0,DRAW,0,0
833,2024-10-06 13:00:00,Serie A,Lazio,Empoli,4.7,6.0,1.8,1.0,1.8,0.4,6.7,5.6,1.1000000000000005,2.333,2.333,2.333,1.667,1.333,0.667,1.0,1.0,0.0,0.333,0.0,0.0,0.667,0.667,0.0,1.2,1.2,,,,0,5.0,5.0,0,-1.2999999999999998,0.8,-1.4,0.0,0.0,2.2,2.8,2,1,HOME,1,1
834,2024-10-06 13:00:00,Serie A,Bologna,Parma,4.0,2.7,1.2,1.8,1.6,2.2,5.6,1.1,4.5,1.0,0.5,1.0,1.5,1.0,2.0,0.0,-0.5,0.0,0.0,0.0,0.0,0.0,0.0,0.5,1.2,1.2,,,,0,5.0,5.0,0,1.2999999999999998,-0.6000000000000001,0.6000000000000001,0.0,0.0,3.4000000000000004,3.4000000000000004,0,0,DRAW,0,0
1198,2024-10-06 13:30:00,Bundesliga,1. FC Heidenheim,RB Leipzig,6.0,7.3,2.0,1.6,1.4,0.4,3.3,5.6,-2.3,1.5,2.0,2.0,1.5,1.5,1.0,0.5,0.5,0.5,0.5,0.5,0.5,0.5,0.5,-0.5,1.2,1.2,,,,0,5.0,5.0,0,-1.2999999999999998,0.3999999999999999,-0.9999999999999999,0.0,0.0,2.4,3.0,0,1,AWAY,0,0
94,2024-10-06 14:15:00,La Liga,Alaves,Barcelona,4.0,8.0,1.6,3.8,1.8,1.2,3.3,6.7,-3.4000000000000004,2.333,2.4,1.333,3.0,0.333,1.6,1.0,1.4,0.667,0.0,0.333,0.0,0.667,0.8,-0.06699999999999973,1.2,1.2,,,,0,5.0,5.0,0,-4.0,-2.1999999999999997,-0.6000000000000001,0.0,0.0,2.8,5.6,0,3,AWAY,1,0
456,2024-10-06 15:30:00,Premier League,Brighton,Tottenham,4.0,6.0,1.4,2.2,1.6,0.8,2.2,6.7,-4.5,1.667,1.333,1.333,1.667,1.0,1.0,0.333,0.667,0.333,0.333,0.333,0.0,0.333,0.333,0.3340000000000001,1.2,1.2,,,,0,5.0,5.0,0,-2.0,-0.8000000000000003,-0.8,0.0,0.0,2.2,3.8000000000000003,3,2,HOME,1,1
1199,2024-10-06 15:30:00,Bundesliga,Eintracht Frankfurt,Bayern München,8.0,8.7,2.2,3.4,1.2,0.8,10.0,7.8,2.2,3.0,3.0,2.5,4.667,0.5,1.0,2.0,3.667,0.5,0.333,0.0,0.0,1.0,1.0,0.0,1.2,1.2,,,,0,5.0,5.0,0,-0.6999999999999993,-1.1999999999999997,-0.3999999999999999,0.0,0.0,3.0,4.6,3,3,DRAW,1,1
835,2024-10-06 16:00:00,Serie A,Monza,AS Roma,1.3,5.3,0.8,1.4,1.6,0.8,1.1,7.8,-6.699999999999999,0.333,1.0,0.667,0.333,1.333,0.333,-0.667,0.0,0.0,0.667,0.333,0.667,0.0,0.0,-0.667,1.2,1.2,,,,0,5.0,5.0,0,-4.0,-0.5999999999999999,-0.8,0.0,0.0,1.6,3.0,1,1,DRAW,0,1
95,2024-10-06 16:30:00,La Liga,Sevilla,Real Betis,4.7,6.7,1.0,1.4,1.2,0.8,4.4,4.4,0.0,1.5,0.667,1.0,0.333,1.25,1.0,-0.25,-0.667,0.25,0.333,0.25,0.667,0.5,0.0,0.833,1.2,1.2,,,,0,5.0,5.0,0,-2.0,-0.3999999999999999,-0.3999999999999999,0.0,0.0,1.8,2.5999999999999996,1,0,HOME,0,0
1200,2024-10-06 17:30:00,Bundesliga,VfB Stuttgart,1899 Hoffenheim,5.3,2.0,2.8,1.8,2.0,3.0,7.8,0.0,7.8,2.0,0.0,4.0,1.0,2.0,2.5,2.0,-1.5,0.0,0.0,0.0,0.0,0.5,0.0,2.0,1.2,1.2,,,,0,5.0,5.0,0,3.3,0.9999999999999998,1.0,0.0,0.0,5.8,3.8,1,1,DRAW,0,1
836,2024-10-06 18:45:00,Serie A,Fiorentina,AC Milan,4.0,6.7,1.2,2.4,1.2,1.0,4.4,10.0,-5.6,1.667,1.333,1.333,1.667,1.0,1.667,0.333,0.0,0.333,0.0,0.333,0.0,0.333,0.333,0.3340000000000001,1.2,1.2,,,,0,5.0,5.0,0,-2.7,-1.2,-0.19999999999999996,0.0,0.0,2.2,3.5999999999999996,2,1,HOME,1,1
96,2024-10-06 19:00:00,La Liga,Real Sociedad,Atletico Madrid,3.3,7.3,0.6,1.4,0.6,0.4,4.4,5.6,-1.1999999999999993,0.75,2.0,1.25,1.25,1.5,0.75,-0.25,0.5,0.25,0.5,0.25,0.0,0.25,0.5,-1.25,1.2,1.2,,,,0,5.0,5.0,0,-4.0,-0.7999999999999999,-0.19999999999999996,0.0,0.0,1.0,2.0,1,1,DRAW,0,1
1201,2024-10-18 18:30:00,Bundesliga,Borussia Dortmund,FC St. Pauli,4.7,2.7,2.0,0.8,2.2,1.4,3.3,4.4,-1.1000000000000005,3.0,1.0,3.333,1.333,1.333,1.333,2.0,0.0,0.333,0.333,0.0,0.333,1.0,0.333,2.0,1.2,1.2,,,,0,5.0,5.0,0,2.0,1.2,-0.8000000000000003,0.0,0.0,3.4,3.0,2,1,HOME,1,1
97,2024-10-18 19:00:00,La Liga,Alaves,Valladolid,2.0,0.7,1.2,0.8,2.4,1.8,0.0,0.0,0.0,1.75,0.0,1.0,0.5,1.0,3.75,0.0,-3.25,0.5,0.0,0.5,0.5,0.5,0.0,1.75,1.2,1.2,,,,0,5.0,5.0,0,1.3,0.3999999999999999,-0.5999999999999999,0.0,0.0,3.0,3.2,2,3,AWAY,1,1
457,2024-10-19 11:30:00,Premier League,Tottenham,West Ham,4.0,3.3,1.8,1.4,1.4,1.8,6.7,4.4,2.3,2.0,1.667,2.333,1.333,0.667,0.667,1.667,0.667,0.333,0.333,0.333,0.0,0.667,0.333,0.33299999999999996,1.2,1.2,,,,0,5.0,5.0,0,0.7000000000000002,0.40000000000000013,0.40000000000000013,0.0,0.0,3.6,2.8,4,1,HOME,1,1
98,2024-10-19 12:00:00,La Liga,Athletic Club,Espanyol,6.7,4.0,2.0,1.4,1.2,2.0,4.4,3.3,1.1000000000000005,1.6,0.25,1.2,0.25,0.8,1.5,0.4,-1.25,0.2,0.25,0.2,0.75,0.4,0.0,1.35,1.2,1.2,,,,0,5.0,5.0,0,2.7,0.6000000000000001,0.8,0.0,0.0,4.0,2.5999999999999996,4,1,HOME,1,1
837,2024-10-19 13:00:00,Serie A,Genoa,Bologna,0.7,4.7,0.4,1.2,2.6,1.0,0.0,5.6,-5.6,0.5,1.333,0.75,1.333,2.0,2.0,-1.25,-0.667,0.0,0.0,0.5,0.333,0.0,0.333,-0.833,1.2,1.2,,,,0,5.0,5.0,0,-4.0,-0.7999999999999999,-1.6,0.0,0.0,1.4,3.8,2,2,DRAW,1,1
838,2024-10-19 13:00:00,Serie A,Como,Parma,4.7,1.3,1.8,1.4,2.0,2.0,6.7,2.2,4.5,2.0,0.667,2.5,1.0,2.0,1.333,0.5,-0.333,0.0,0.333,0.0,0.333,0.5,0.0,1.333,1.2,1.2,,,,0,5.0,5.0,0,3.4000000000000004,0.40000000000000013,0.0,0.0,0.0,3.8,3.4,1,1,DRAW,0,1
1202,2024-10-19 13:30:00,Bundesliga,SC Freiburg,FC Augsburg,6.0,4.0,1.2,1.4,1.2,2.6,6.7,3.3,3.4000000000000004,2.0,0.0,1.667,0.0,1.667,4.0,0.0,-4.0,0.0,0.0,0.333,1.0,0.667,0.0,2.0,1.2,1.2,,,,0,5.0,5.0,0,2.0,-0.19999999999999996,1.4000000000000001,0.0,0.0,3.8,2.5999999999999996,3,1,HOME,1,1
1203,2024-10-19 13:30:00,Bundesliga,Borussia Mönchengladbach,1. FC Heidenheim,4.0,4.0,1.0,1.6,1.4,1.6,3.3,3.3,0.0,1.0,2.0,1.333,2.0,2.0,1.333,-0.667,0.667,0.333,0.667,0.0,0.0,0.333,0.667,-1.0,1.2,1.2,,,,0,5.0,5.0,0,0.0,-0.6000000000000001,0.20000000000000018,0.0,0.0,2.6,3.0,3,2,HOME,1,1
1204,2024-10-19 13:30:00,Bundesliga,FSV Mainz 05,RB Leipzig,4.7,7.3,2.0,1.6,1.8,0.4,6.7,7.8,-1.0999999999999996,0.333,2.333,0.667,1.333,1.667,0.667,-1.0,0.667,0.0,0.667,0.333,0.333,0.0,0.667,-2.0,1.2,1.2,,,,0,5.0,5.0,0,-2.5999999999999996,0.3999999999999999,-1.4,0.0,0.0,2.4,3.4000000000000004,0,2,AWAY,0,0
1205,2024-10-19 13:30:00,Bundesliga,1899 Hoffenheim,VfL Bochum,0.7,0.7,1.4,1.2,2.8,2.6,1.1,1.1,0.0,1.0,0.0,2.333,1.0,3.333,2.333,-1.0,-1.333,0.0,0.0,0.0,0.333,0.333,0.0,1.0,1.2,1.2,,,,0,5.0,5.0,0,0.0,0.19999999999999996,-0.19999999999999973,0.0,0.0,4.0,4.0,3,1,HOME,1,1
1206,2024-10-19 13:30:00,Bundesliga,Bayer Leverkusen,Eintracht Frankfurt,5.3,8.7,2.6,2.8,2.0,1.4,5.6,7.8,-2.2,1.333,2.0,2.667,2.0,2.667,1.667,0.0,0.333,0.0,0.0,0.0,0.333,0.333,0.667,-0.667,1.2,1.2,,,,0,5.0,5.0,0,-3.3999999999999995,-0.19999999999999973,-0.6000000000000001,0.0,0.0,4.0,4.8,2,1,HOME,1,1
458,2024-10-19 14:00:00,Premier League,Manchester United,Brentford,3.3,4.7,0.6,2.2,1.2,2.0,2.2,4.4,-2.2,1.0,0.0,0.333,0.667,2.0,2.333,-1.667,-1.667,0.333,0.0,0.667,0.333,0.333,0.0,1.0,1.2,1.2,,,,0,5.0,5.0,0,-1.4000000000000004,-1.6,0.8,0.0,0.0,2.6,3.4000000000000004,2,1,HOME,1,1
459,2024-10-19 14:00:00,Premier League,Newcastle,Brighton,5.3,4.0,1.2,1.6,1.2,1.8,2.2,4.4,-2.2,2.333,1.333,1.333,2.0,0.667,1.667,0.667,0.333,0.333,0.333,0.0,0.0,0.667,0.333,1.0000000000000002,1.2,1.2,,,,0,5.0,5.0,0,1.2999999999999998,-0.40000000000000013,0.6000000000000001,0.0,0.0,3.0,2.8,0,1,AWAY,0,0
460,2024-10-19 14:00:00,Premier League,Fulham,Aston Villa,5.3,7.3,1.6,2.0,1.2,1.2,6.7,5.6,1.1000000000000005,2.333,2.333,2.0,2.0,1.0,1.333,1.0,0.667,0.0,0.0,0.0,0.0,0.667,0.667,0.0,1.2,1.2,,,,0,5.0,5.0,0,-2.0,-0.3999999999999999,0.0,0.0,0.0,2.8,3.2,1,3,AWAY,1,1
461,2024-10-19 14:00:00,Premier League,Southampton,Leicester,0.7,3.3,0.8,1.4,2.6,1.8,1.1,4.4,-3.3000000000000003,0.333,0.333,0.333,1.667,1.667,2.667,-1.333,-1.0,0.0,0.0,0.667,0.0,0.0,0.0,0.0,1.2,1.2,,,,0,5.0,5.0,0,-2.5999999999999996,-0.5999999999999999,-0.8,0.0,0.0,2.6,4.0,2,3,AWAY,1,1
462,2024-10-19 14:00:00,Premier League,Ipswich,Everton,2.7,3.3,1.0,1.4,1.6,1.6,2.2,5.6,-3.3999999999999995,0.667,0.333,1.0,1.0,1.667,2.667,-0.667,-1.667,0.0,0.0,0.333,0.333,0.0,0.0,0.334,1.2,1.2,,,,0,5.0,5.0,0,-0.5999999999999996,-0.3999999999999999,0.0,0.0,0.0,2.6,3.0,0,2,AWAY,0,0
99,2024-10-19 14:15:00,La Liga,Osasuna,Real Betis,5.3,4.7,1.6,1.0,1.4,1.0,5.6,4.4,1.1999999999999993,2.6,0.5,2.2,0.25,1.2,1.0,1.0,-0.75,0.2,0.25,0.0,0.75,0.8,0.0,2.1,1.2,1.2,,,,0,5.0,5.0,0,0.5999999999999996,0.6000000000000001,-0.3999999999999999,0.0,0.0,2.6,2.4,1,2,AWAY,1,1
839,2024-10-19 16:00:00,Serie A,AC Milan,Udinese,6.7,6.0,2.4,1.4,1.0,1.6,6.7,3.3,3.4000000000000004,2.333,1.333,3.0,1.333,0.667,2.0,2.333,-0.667,0.667,0.0,0.0,0.333,0.667,0.333,1.0000000000000002,1.2,1.2,,,,0,5.0,5.0,0,0.7000000000000002,1.0,0.6000000000000001,0.0,0.0,4.0,2.4,1,0,HOME,0,0
100,2024-10-19 16:30:00,La Liga,Girona,Real Sociedad,3.3,3.3,0.8,0.8,1.6,0.8,5.6,5.6,0.0,1.75,1.25,1.75,0.25,1.25,0.25,0.5,0.0,0.5,0.75,0.25,0.75,0.5,0.25,0.5,1.2,1.2,,,,0,5.0,5.0,0,0.0,0.0,-0.8,0.0,0.0,1.6,2.4000000000000004,0,1,AWAY,0,0
463,2024-10-19 16:30:00,Premier League,Bournemouth,Arsenal,4.0,7.3,1.2,2.2,1.6,1.2,3.3,7.8,-4.5,1.333,2.333,1.333,1.667,1.0,0.667,0.333,1.0,0.0,0.667,0.333,0.0,0.333,0.667,-1.0000000000000002,1.2,1.2,,,,0,5.0,5.0,0,-3.3,-1.0000000000000002,-0.40000000000000013,0.0,0.0,2.4,3.8000000000000003,2,0,HOME,0,0
1207,2024-10-19 16:30:00,Bundesliga,Bayern München,VfB Stuttgart,7.3,6.0,3.4,2.8,1.0,1.6,5.6,5.6,0.0,2.0,1.333,1.5,2.0,0.5,2.0,1.0,0.0,0.5,0.0,0.0,0.0,0.5,0.333,0.667,1.2,1.2,,,,0,5.0,5.0,0,1.2999999999999998,0.6000000000000001,0.6000000000000001,0.0,0.0,5.0,3.8,4,0,HOME,1,0
840,2024-10-19 18:45:00,Serie A,Juventus,Lazio,4.7,6.7,0.8,2.0,0.2,1.6,5.6,6.7,-1.1000000000000005,1.5,1.0,1.0,1.667,0.25,2.0,0.75,-0.333,0.75,0.0,0.5,0.0,0.25,0.333,0.5,1.2,1.2,,,,0,5.0,5.0,0,-2.0,-1.2,1.4000000000000001,0.0,0.0,2.4000000000000004,2.2,1,0,HOME,0,0
101,2024-10-19 19:00:00,La Liga,Celta Vigo,Real Madrid,4.7,8.7,1.2,2.4,1.2,0.8,4.4,7.8,-3.3999999999999995,2.0,1.5,1.8,1.25,1.0,0.75,0.8,0.5,0.0,0.25,0.2,0.0,0.6,0.25,0.5,1.2,1.2,,,,0,5.0,5.0,0,-3.999999999999999,-1.2,-0.3999999999999999,0.0,0.0,2.0,3.5999999999999996,1,2,AWAY,1,1
841,2024-10-20 10:30:00,Serie A,Empoli,Napoli,4.0,8.7,0.8,2.2,0.6,0.4,4.4,7.8,-3.3999999999999995,1.0,1.333,0.0,1.333,0.0,1.0,0.0,0.333,1.0,0.667,1.0,0.667,0.0,0.333,-0.33299999999999996,1.2,1.2,,,,0,5.0,5.0,0,-4.699999999999999,-1.4000000000000001,-0.19999999999999996,0.0,0.0,1.2000000000000002,2.8000000000000003,0,1,AWAY,0,0
102,2024-10-20 12:00:00,La Liga,Mallorca,Rayo Vallecano,6.0,6.0,1.4,1.4,1.2,0.8,6.7,5.6,1.1000000000000005,1.25,1.6,0.75,1.0,0.75,0.8,0.0,0.2,0.5,0.4,0.25,0.4,0.25,0.4,-0.3500000000000001,1.2,1.2,,,,0,5.0,5.0,0,0.0,0.0,-0.3999999999999999,0.0,0.0,2.2,2.5999999999999996,1,0,HOME,0,0
464,2024-10-20 13:00:00,Premier League,Wolves,Manchester City,0.7,7.3,1.4,2.2,2.6,1.4,0.0,5.6,-5.6,0.0,2.333,1.333,2.0,3.333,0.667,-2.0,1.333,0.0,0.333,0.0,0.0,0.0,0.667,-2.333,1.2,1.2,,,,0,5.0,5.0,0,-6.6,-0.8000000000000003,-1.2000000000000002,0.0,0.0,2.8,4.800000000000001,1,2,AWAY,1,1
842,2024-10-20 13:00:00,Serie A,Venezia,Atalanta,2.0,4.7,0.8,2.2,1.8,2.2,3.3,4.4,-1.1000000000000005,1.5,1.0,1.0,1.5,0.5,1.75,0.5,-0.25,0.5,0.25,0.5,0.25,0.5,0.25,0.5,1.2,1.2,,,,0,5.0,5.0,0,-2.7,-1.4000000000000001,0.40000000000000013,0.0,0.0,3.0,4.0,0,2,AWAY,0,0
843,2024-10-20 13:00:00,Serie A,Lecce,Fiorentina,3.3,5.3,0.6,1.6,1.2,1.4,1.1,7.8,-6.699999999999999,1.333,0.667,1.0,1.0,2.0,1.333,-1.0,-0.333,0.333,0.333,0.333,0.333,0.333,0.0,0.6659999999999999,1.2,1.2,,,,0,5.0,5.0,0,-2.0,-1.0,0.19999999999999996,0.0,0.0,2.0,2.8,0,6,AWAY,1,0
1208,2024-10-20 13:30:00,Bundesliga,Holstein Kiel,Union Berlin,1.3,6.7,1.4,1.0,3.2,0.6,2.2,6.7,-4.5,0.0,0.667,1.0,0.333,4.0,0.667,-3.0,-0.333,0.0,0.333,0.333,0.667,0.0,0.0,-0.667,1.2,1.2,,,,0,5.0,5.0,0,-5.4,0.3999999999999999,-2.6,0.0,0.0,2.0,4.2,0,2,AWAY,0,0
103,2024-10-20 14:15:00,La Liga,Atletico Madrid,Leganes,6.0,2.0,1.4,0.4,0.6,1.2,5.6,3.3,2.3,2.0,0.8,1.75,0.6,0.25,1.0,1.5,-0.4,0.75,0.2,0.25,0.4,0.5,0.0,1.2,1.2,1.2,,,,0,5.0,5.0,0,4.0,0.9999999999999999,0.6,0.0,0.0,2.5999999999999996,1.0,3,1,HOME,1,1
465,2024-10-20 15:30:00,Premier League,Liverpool,Chelsea,8.0,7.3,1.8,2.0,0.4,0.8,10.0,7.8,2.2,2.0,3.0,1.667,3.333,0.333,0.667,1.333,2.667,0.667,0.667,0.333,0.0,0.667,1.0,-1.0,1.2,1.2,,,,0,5.0,5.0,0,0.7000000000000002,-0.19999999999999996,0.4,0.0,0.0,2.6,2.4,2,1,HOME,1,1
1209,2024-10-20 15:30:00,Bundesliga,VfL Wolfsburg,Werder Bremen,4.7,4.7,2.2,1.2,1.8,2.0,4.4,3.3,1.1000000000000005,0.333,2.333,1.667,2.667,2.333,2.0,-0.667,0.667,0.0,0.0,0.0,0.0,0.0,0.667,-2.0,1.2,1.2,,,,0,5.0,5.0,0,0.0,1.0000000000000002,0.19999999999999996,0.0,0.0,4.2,3.0,2,4,AWAY,1,1
844,2024-10-20 16:00:00,Serie A,Cagliari,Torino,2.7,4.7,0.8,1.6,2.0,1.6,4.4,3.3,1.1000000000000005,0.5,1.75,0.25,2.0,1.75,1.75,-1.5,0.25,0.25,0.25,0.75,0.0,0.0,0.5,-1.25,1.2,1.2,,,,0,5.0,5.0,0,-2.0,-0.8,-0.3999999999999999,0.0,0.0,2.4000000000000004,3.6,3,2,HOME,1,1
104,2024-10-20 16:30:00,La Liga,Villarreal,Getafe,6.0,3.3,1.6,1.0,2.0,1.0,6.7,4.4,2.3,1.75,0.25,2.5,0.5,2.75,1.25,-0.25,-0.75,0.0,0.0,0.0,0.5,0.5,0.0,1.5,1.2,1.2,,,,0,5.0,5.0,0,2.7,0.6000000000000001,-1.0,0.0,0.0,2.6,3.0,1,1,DRAW,0,1
845,2024-10-20 18:45:00,Serie A,AS Roma,Inter,6.0,6.7,1.4,2.4,0.6,1.4,7.8,6.7,1.0999999999999996,2.0,1.667,2.0,2.0,1.0,1.667,1.0,0.333,0.333,0.0,0.0,0.0,0.667,0.333,0.33299999999999996,1.2,1.2,,,,0,5.0,5.0,0,-0.7000000000000002,-1.0,0.7999999999999999,0.0,0.0,2.8,3.0,0,1,AWAY,0,0
105,2024-10-20 19:00:00,La Liga,Barcelona,Sevilla,8.0,6.7,3.0,1.2,1.2,0.8,6.7,7.8,-1.0999999999999996,3.0,0.75,3.333,1.0,0.333,1.25,3.0,-0.25,0.667,0.25,0.0,0.25,1.0,0.0,2.25,1.2,1.2,,,,0,5.0,5.0,0,1.2999999999999998,1.8,-0.3999999999999999,0.0,0.0,3.8,2.4,5,1,HOME,1,1
846,2024-10-21 18:45:00,Serie A,Hellas Verona,Monza,4.0,2.0,1.8,1.0,1.8,1.6,3.3,1.1,2.1999999999999997,1.5,0.667,1.75,0.667,1.75,1.333,0.0,-0.667,0.25,0.333,0.25,0.667,0.5,0.0,0.833,1.2,1.2,,,,0,5.0,5.0,0,2.0,0.8,-0.19999999999999996,0.0,0.0,3.4000000000000004,2.8,0,3,AWAY,1,0
106,2024-10-21 19:00:00,La Liga,Valencia,Las Palmas,3.3,0.7,0.4,1.0,1.2,2.0,2.2,1.1,1.1,1.25,0.0,1.0,0.75,0.75,2.25,0.25,-1.5,0.5,0.0,0.25,0.25,0.25,0.0,1.25,1.2,1.2,,,,0,5.0,5.0,0,2.5999999999999996,-0.6,0.8,0.0,0.0,2.4,2.2,2,3,AWAY,1,1
466,2024-10-21 19:00:00,Premier League,Nottingham Forest,Crystal Palace,4.0,2.0,1.0,0.8,1.0,1.2,2.2,1.1,1.1,0.667,0.333,0.667,1.0,1.0,1.667,-0.333,-0.667,0.0,0.0,0.333,0.0,0.0,0.0,0.334,1.2,1.2,,,,0,5.0,5.0,0,2.0,0.19999999999999996,0.19999999999999996,0.0,0.0,2.2,1.8,1,0,HOME,0,0
847,2024-10-25 16:30:00,Serie A,Udinese,Cagliari,4.0,4.7,1.2,1.4,1.8,2.2,3.3,7.8,-4.5,2.25,1.333,1.5,1.333,1.0,1.333,0.5,0.0,0.5,0.0,0.0,0.333,0.75,0.333,0.917,1.2,1.2,,,,0,5.0,5.0,0,-0.7000000000000002,-0.19999999999999996,0.40000000000000013,0.0,0.0,3.4000000000000004,3.2,2,0,HOME,0,0
1210,2024-10-25 18:30:00,Bundesliga,FSV Mainz 05,Borussia Mönchengladbach,4.0,4.0,1.4,1.2,1.6,1.8,3.3,6.7,-3.4000000000000004,0.25,1.0,0.5,1.0,1.75,1.333,-1.25,-0.333,0.0,0.333,0.5,0.333,0.0,0.333,-0.75,1.2,1.2,,,,0,5.0,5.0,0,0.0,0.19999999999999996,0.19999999999999996,0.0,0.0,3.2,2.8,1,1,DRAW,0,1
848,2024-10-25 18:45:00,Serie A,Torino,Como,2.7,5.3,1.8,2.0,2.2,2.0,0.0,4.4,-4.4,1.333,0.8,1.333,1.0,1.333,2.0,0.0,-1.0,0.333,0.0,0.333,0.4,0.333,0.2,0.5329999999999999,1.2,1.2,,,,0,5.0,5.0,0,-2.5999999999999996,-0.19999999999999996,-0.20000000000000018,0.0,0.0,3.8,4.2,1,0,HOME,0,0
107,2024-10-25 19:00:00,La Liga,Espanyol,Sevilla,2.0,4.7,1.0,1.2,2.4,1.8,3.3,4.4,-1.1000000000000005,1.8,0.6,1.6,1.0,1.4,2.0,0.2,-1.0,0.0,0.2,0.2,0.2,0.6,0.0,1.2000000000000002,1.2,1.2,,,,0,5.0,5.0,0,-2.7,-0.19999999999999996,-0.5999999999999999,0.0,0.0,2.8,3.5999999999999996,0,2,AWAY,0,0
467,2024-10-25 19:00:00,Premier League,Leicester,Nottingham Forest,5.3,5.3,1.8,1.0,1.8,0.8,6.7,4.4,2.3,1.25,2.0,1.0,1.25,1.0,0.75,0.0,0.5,0.25,0.5,0.0,0.0,0.25,0.5,-0.75,1.2,1.2,,,,0,5.0,5.0,0,0.0,0.8,-1.0,0.0,0.0,2.6,2.8,1,3,AWAY,1,1
108,2024-10-26 12:00:00,La Liga,Valladolid,Villarreal,2.7,4.7,1.2,1.4,1.6,2.0,3.3,4.4,-1.1000000000000005,1.0,2.0,0.6,1.4,0.8,1.2,-0.2,0.2,0.6,0.0,0.4,0.2,0.2,0.6,-1.0,1.2,1.2,,,,0,5.0,5.0,0,-2.0,-0.19999999999999996,0.3999999999999999,0.0,0.0,3.2,3.0,1,2,AWAY,1,1
849,2024-10-26 13:00:00,Serie A,Napoli,Lecce,8.7,1.3,2.0,0.4,0.2,2.4,10.0,0.0,10.0,3.0,0.25,2.5,0.0,0.5,1.5,2.0,-1.5,0.5,0.25,0.0,1.0,1.0,0.0,2.75,1.2,1.2,,,,0,5.0,5.0,0,7.3999999999999995,1.6,2.1999999999999997,0.0,0.0,4.4,0.6000000000000001,1,0,HOME,0,0
1211,2024-10-26 13:30:00,Bundesliga,FC Augsburg,Borussia Dortmund,4.0,6.0,1.6,2.4,2.4,2.4,3.3,6.7,-3.4000000000000004,1.75,0.333,2.25,0.667,1.75,2.333,0.5,-1.667,0.0,0.333,0.0,0.333,0.5,0.0,1.417,1.2,1.2,,,,0,5.0,5.0,0,-2.0,-0.7999999999999998,0.0,0.0,0.0,4.0,4.8,2,1,HOME,1,1
1212,2024-10-26 13:30:00,Bundesliga,VfB Stuttgart,Holstein Kiel,5.3,1.3,2.2,1.4,1.8,3.2,2.2,1.1,1.1,1.667,0.667,3.0,2.0,1.667,2.333,1.333,-0.333,0.0,0.0,0.0,0.0,0.333,0.0,1.0,1.2,1.2,,,,0,5.0,5.0,0,4.0,0.8000000000000003,1.4000000000000001,0.0,0.0,5.4,3.2,2,1,HOME,1,1
1213,2024-10-26 13:30:00,Bundesliga,RB Leipzig,SC Freiburg,7.3,8.0,1.4,1.8,0.0,1.0,10.0,6.7,3.3,2.333,2.0,1.667,1.333,0.0,0.667,1.667,0.667,1.0,0.667,0.333,0.333,0.667,0.667,0.3330000000000002,1.2,1.2,,,,0,5.0,5.0,0,-0.7000000000000002,-0.40000000000000013,1.0,0.0,0.0,2.4,1.8,3,1,HOME,1,1
1214,2024-10-26 13:30:00,Bundesliga,FC St. Pauli,VfL Wolfsburg,2.7,2.7,1.0,2.2,1.6,2.6,3.3,4.4,-1.1000000000000005,0.333,2.0,0.0,2.667,1.667,1.667,-1.667,1.0,0.333,0.333,1.0,0.0,0.0,0.667,-1.667,1.2,1.2,,,,0,5.0,5.0,0,0.0,-1.2000000000000002,1.0,0.0,0.0,3.6,3.8000000000000003,0,0,DRAW,0,0
468,2024-10-26 14:00:00,Premier League,Manchester City,Southampton,7.3,0.7,2.0,1.0,1.4,2.6,7.8,0.0,7.8,2.5,0.0,2.75,0.75,1.5,2.5,1.25,-1.75,0.0,0.0,0.0,0.25,0.75,0.0,2.5,1.2,1.2,,,,0,5.0,5.0,0,6.6,1.0,1.2000000000000002,0.0,0.0,4.6,2.4,1,0,HOME,0,0
469,2024-10-26 14:00:00,Premier League,Brighton,Wolves,5.3,0.0,1.6,1.4,1.6,2.8,6.7,0.0,6.7,2.0,0.25,1.75,1.25,1.25,2.75,0.5,-1.5,0.25,0.0,0.25,0.25,0.5,0.0,1.75,1.2,1.2,,,,0,5.0,5.0,0,5.3,0.20000000000000018,1.1999999999999997,0.0,0.0,4.4,3.0,2,2,DRAW,1,1
470,2024-10-26 14:00:00,Premier League,Brentford,Ipswich,2.7,2.0,1.8,0.8,2.2,1.8,4.4,1.1,3.3000000000000003,2.5,0.5,2.75,0.75,1.5,2.25,1.25,-1.5,0.0,0.25,0.0,0.25,0.75,0.0,2.0,1.2,1.2,,,,0,5.0,5.0,0,0.7000000000000002,1.0,-0.40000000000000013,0.0,0.0,3.6,3.0,4,3,HOME,1,1
471,2024-10-26 14:00:00,Premier League,Aston Villa,Bournemouth,7.3,4.0,2.2,1.0,1.2,1.2,5.6,6.7,-1.1000000000000005,1.75,1.0,1.5,1.0,1.25,1.75,0.25,-0.75,0.25,0.0,0.5,0.5,0.5,0.25,0.75,1.2,1.2,,,,0,5.0,5.0,0,3.3,1.2000000000000002,0.0,0.0,0.0,3.4000000000000004,2.2,1,1,DRAW,0,1
109,2024-10-26 14:15:00,La Liga,Rayo Vallecano,Alaves,4.0,2.0,0.8,1.2,0.8,2.4,4.4,0.0,4.4,1.25,0.6,1.5,1.4,1.25,2.2,0.25,-0.8,0.0,0.0,0.0,0.2,0.25,0.2,0.65,1.2,1.2,,,,0,5.0,5.0,0,2.0,-0.3999999999999999,1.5999999999999999,0.0,0.0,3.2,2.0,1,0,HOME,0,0
110,2024-10-26 16:30:00,La Liga,Las Palmas,Girona,2.7,3.3,1.2,0.6,1.8,1.0,3.3,4.4,-1.1000000000000005,0.6,1.0,1.2,0.8,1.6,1.4,-0.4,-0.6,0.0,0.2,0.2,0.4,0.0,0.2,-0.4,1.2,1.2,,,,0,5.0,5.0,0,-0.5999999999999996,0.6,-0.8,0.0,0.0,2.2,2.4,1,0,HOME,0,0
472,2024-10-26 16:30:00,Premier League,Everton,Fulham,5.3,4.7,1.4,1.6,1.0,1.6,7.8,3.3,4.5,1.0,1.0,1.0,1.0,1.75,1.25,-0.75,-0.25,0.25,0.25,0.5,0.25,0.25,0.25,0.0,1.2,1.2,,,,0,5.0,5.0,0,0.5999999999999996,-0.20000000000000018,0.6000000000000001,0.0,0.0,3.0,2.6,1,1,DRAW,0,1
1215,2024-10-26 16:30:00,Bundesliga,Werder Bremen,Bayer Leverkusen,6.0,7.3,2.0,2.6,2.4,1.6,6.7,5.6,1.1000000000000005,0.333,2.333,0.0,2.667,2.0,1.333,-2.0,1.333,0.333,0.0,1.0,0.0,0.0,0.667,-2.0,1.2,1.2,,,,0,5.0,5.0,0,-1.2999999999999998,-0.6000000000000001,-0.7999999999999998,0.0,0.0,3.6,5.0,2,2,DRAW,1,1
850,2024-10-26 18:45:00,Serie A,Atalanta,Hellas Verona,6.7,2.0,2.6,1.4,1.4,2.4,7.8,3.3,4.5,2.0,1.0,3.333,1.667,2.0,1.667,1.333,0.0,0.0,0.333,0.0,0.0,0.667,0.333,1.0,1.2,1.2,,,,0,5.0,5.0,0,4.7,1.2000000000000002,1.0,0.0,0.0,5.0,2.8,6,1,HOME,1,1
111,2024-10-26 19:00:00,La Liga,Real Madrid,Barcelona,8.7,8.0,2.4,3.2,1.0,1.2,7.8,6.7,1.0999999999999996,3.0,2.4,2.8,3.2,0.6,1.4,2.2,1.8,0.6,0.2,0.0,0.0,1.0,0.8,0.6000000000000001,1.2,1.2,,,,0,5.0,5.0,0,0.6999999999999993,-0.8000000000000003,0.19999999999999996,0.0,0.0,3.5999999999999996,4.2,0,4,AWAY,1,0
851,2024-10-27 10:30:00,Serie A,Parma,Empoli,2.0,3.3,1.4,0.6,1.8,0.6,2.2,1.1,1.1,1.0,1.75,1.75,1.5,2.0,1.0,-0.25,0.5,0.0,0.25,0.0,0.0,0.25,0.5,-0.75,1.2,1.2,,,,0,5.0,5.0,0,-1.2999999999999998,0.7999999999999999,-1.2000000000000002,0.0,0.0,2.0,2.4,1,1,DRAW,0,1
112,2024-10-27 12:00:00,La Liga,Leganes,Celta Vigo,2.0,2.7,0.6,0.8,1.4,1.4,2.2,4.4,-2.2,1.0,0.75,0.5,1.75,1.0,2.5,-0.5,-0.75,0.25,0.25,0.75,0.0,0.25,0.25,0.25,1.2,1.2,,,,0,5.0,5.0,0,-0.7000000000000002,-0.20000000000000007,0.0,0.0,0.0,2.0,2.2,3,0,HOME,1,0
473,2024-10-27 13:00:00,Premier League,West Ham,Manchester United,3.3,5.3,1.4,1.0,2.0,0.8,4.4,4.4,0.0,0.75,1.25,1.5,1.0,2.25,0.5,-0.75,0.5,0.0,0.75,0.25,0.5,0.25,0.25,-0.5,1.2,1.2,,,,0,5.0,5.0,0,-2.0,0.3999999999999999,-1.2,0.0,0.0,2.2,3.0,2,1,HOME,1,1
474,2024-10-27 13:00:00,Premier League,Chelsea,Newcastle,6.7,3.3,2.0,0.8,1.0,1.2,4.4,2.2,2.2,1.25,1.25,1.5,1.0,1.5,1.25,0.0,-0.25,0.0,0.25,0.25,0.25,0.25,0.25,0.0,1.2,1.2,,,,0,5.0,5.0,0,3.4000000000000004,1.2,0.19999999999999996,0.0,0.0,3.2,1.8,2,1,HOME,1,1
475,2024-10-27 13:00:00,Premier League,Crystal Palace,Tottenham,1.3,6.0,0.6,2.4,1.2,1.2,0.0,6.7,-6.7,0.5,1.0,0.5,1.75,1.25,1.5,-0.75,0.25,0.25,0.25,0.75,0.0,0.0,0.25,-0.5,1.2,1.2,,,,0,5.0,5.0,0,-4.7,-1.7999999999999998,0.0,0.0,0.0,1.7999999999999998,3.5999999999999996,1,0,HOME,0,0
852,2024-10-27 13:00:00,Serie A,Lazio,Genoa,6.0,1.3,1.6,0.8,1.4,2.6,6.7,1.1,5.6,2.5,1.0,2.25,0.667,1.25,2.333,1.0,-1.667,0.0,0.333,0.0,0.333,0.75,0.333,1.5,1.2,1.2,,,,0,5.0,5.0,0,4.7,0.8,1.2000000000000002,0.0,0.0,4.2,2.2,3,0,HOME,1,0
853,2024-10-27 13:00:00,Serie A,Monza,Venezia,3.3,2.0,1.2,0.8,1.2,2.0,4.4,0.0,4.4,0.5,0.2,0.75,0.6,1.25,2.2,-0.5,-1.6,0.0,0.2,0.25,0.4,0.0,0.0,0.3,1.2,1.2,,,,0,5.0,5.0,0,1.2999999999999998,0.3999999999999999,0.8,0.0,0.0,3.2,2.0,2,2,DRAW,1,1
113,2024-10-27 14:15:00,La Liga,Getafe,Valencia,4.0,3.3,1.0,0.8,0.8,1.2,5.6,1.1,4.5,1.4,0.2,0.8,0.2,0.4,2.0,0.4,-1.8,0.6,0.2,0.4,0.8,0.2,0.0,1.2,1.2,1.2,,,,0,5.0,5.0,0,0.7000000000000002,0.19999999999999996,0.3999999999999999,0.0,0.0,2.2,1.6,1,1,DRAW,0,1
1216,2024-10-27 14:30:00,Bundesliga,VfL Bochum,Bayern München,0.7,7.3,1.4,3.8,2.8,1.0,0.0,5.6,-5.6,0.333,2.5,1.0,4.25,2.333,1.5,-1.333,2.75,0.0,0.25,0.333,0.0,0.0,0.75,-2.167,1.2,1.2,,,,0,5.0,5.0,0,-6.6,-2.4,-1.7999999999999998,0.0,0.0,2.4,6.6,0,5,AWAY,1,0
476,2024-10-27 15:30:00,Premier League,Arsenal,Liverpool,6.7,8.0,2.0,1.6,1.4,0.6,6.7,10.0,-3.3,2.5,3.0,2.5,2.0,1.0,0.25,1.5,1.75,0.25,0.75,0.0,0.0,0.75,1.0,-0.5,1.2,1.2,,,,0,5.0,5.0,0,-1.2999999999999998,0.3999999999999999,-0.7999999999999999,0.0,0.0,2.6,3.0,2,2,DRAW,1,1
854,2024-10-27 16:00:00,Serie A,Inter,Juventus,6.7,6.0,1.8,1.0,1.4,0.2,10.0,7.8,2.2,2.25,2.333,2.5,2.0,1.0,0.0,1.5,2.0,0.5,1.0,0.0,0.333,0.75,0.667,-0.08300000000000018,1.2,1.2,,,,0,5.0,5.0,0,0.7000000000000002,0.8,-1.2,0.0,0.0,2.0,2.4,4,4,DRAW,1,1
114,2024-10-27 16:30:00,La Liga,Real Betis,Atletico Madrid,4.7,6.0,1.0,1.4,1.0,0.8,6.7,5.6,1.1000000000000005,2.0,1.8,1.4,1.2,0.8,0.8,0.6,0.4,0.4,0.4,0.0,0.0,0.6,0.4,0.19999999999999996,1.2,1.2,,,,0,5.0,5.0,0,-1.2999999999999998,-0.3999999999999999,-0.19999999999999996,0.0,0.0,1.8,2.4,1,0,HOME,0,0
1217,2024-10-27 16:30:00,Bundesliga,Union Berlin,Eintracht Frankfurt,6.7,6.7,1.2,2.4,0.6,1.6,6.7,4.4,2.3,3.0,1.5,1.667,1.75,0.667,1.75,1.0,0.0,0.333,0.0,0.0,0.25,1.0,0.5,1.5,1.2,1.2,,,,0,5.0,5.0,0,0.0,-1.2,1.0,0.0,0.0,2.8,3.0,1,1,DRAW,0,1
1218,2024-10-27 18:30:00,Bundesliga,1. FC Heidenheim,1899 Hoffenheim,2.0,2.7,1.2,1.8,2.2,2.4,3.3,4.4,-1.1000000000000005,1.0,0.333,1.333,1.0,1.333,2.0,0.0,-1.0,0.333,0.0,0.667,0.0,0.333,0.0,0.667,1.2,1.2,,,,0,5.0,5.0,0,-0.7000000000000002,-0.6000000000000001,0.19999999999999973,0.0,0.0,3.5999999999999996,4.0,0,0,DRAW,0,0
855,2024-10-27 19:45:00,Serie A,Fiorentina,AS Roma,6.7,5.3,2.4,1.4,1.0,0.8,7.8,4.4,3.3999999999999995,2.0,1.0,1.5,0.5,1.0,0.5,0.5,0.0,0.25,0.5,0.25,0.5,0.5,0.0,1.0,1.2,1.2,,,,0,5.0,5.0,0,1.4000000000000004,1.0,-0.19999999999999996,0.0,0.0,3.2,2.4,5,1,HOME,1,1
115,2024-10-27 20:00:00,La Liga,Real Sociedad,Osasuna,5.3,5.3,1.0,1.6,0.4,1.2,7.8,4.4,3.3999999999999995,0.8,0.5,1.2,0.5,1.4,2.0,-0.2,-1.5,0.2,0.25,0.2,0.5,0.2,0.0,0.30000000000000004,1.2,1.2,,,,0,5.0,5.0,0,0.0,-0.6000000000000001,0.7999999999999999,0.0,0.0,2.2,2.0,0,2,AWAY,0,0
116,2024-10-28 20:00:00,La Liga,Mallorca,Athletic Club,8.0,6.7,1.4,2.2,0.8,1.0,6.7,4.4,2.3,1.6,1.5,0.8,1.75,0.6,1.5,0.2,0.25,0.6,0.25,0.2,0.0,0.4,0.5,0.10000000000000009,1.2,1.2,,,,0,5.0,5.0,0,1.2999999999999998,-0.8000000000000003,0.19999999999999996,0.0,0.0,2.4,3.0,0,0,DRAW,0,0
856,2024-10-29 17:30:00,Serie A,Cagliari,Bologna,4.7,4.7,1.4,1.4,1.8,1.2,4.4,3.3,1.1000000000000005,1.0,1.25,0.8,1.5,1.8,2.0,-1.0,-0.5,0.2,0.0,0.6,0.25,0.2,0.25,-0.25,1.2,1.2,,,,0,5.0,5.0,0,0.0,0.0,-0.6000000000000001,0.0,0.0,2.5999999999999996,3.2,0,2,AWAY,0,0
857,2024-10-29 17:30:00,Serie A,Lecce,Hellas Verona,0.7,2.0,0.4,1.4,2.6,3.2,0.0,3.3,-3.3,1.0,0.75,0.75,1.5,3.0,2.75,-2.25,-1.25,0.25,0.25,0.5,0.0,0.25,0.25,0.25,1.2,1.2,,,,0,5.0,5.0,0,-1.3,-0.9999999999999999,0.6000000000000001,0.0,0.0,3.6,4.0,1,0,HOME,0,0
858,2024-10-29 19:45:00,Serie A,AC Milan,Napoli,8.0,8.7,2.2,1.4,0.6,0.2,6.7,10.0,-3.3,2.5,1.75,2.5,1.25,0.5,0.75,2.0,0.5,0.75,0.75,0.0,0.5,0.75,0.5,0.75,1.2,1.2,,,,0,5.0,5.0,0,-0.6999999999999993,0.8000000000000003,-0.39999999999999997,0.0,0.0,2.4000000000000004,2.0,0,2,AWAY,0,0
859,2024-10-30 17:30:00,Serie A,Empoli,Inter,3.3,6.7,0.8,2.4,0.8,2.0,1.1,7.8,-6.699999999999999,0.75,2.0,0.0,1.75,0.25,1.25,-0.25,0.5,0.75,0.25,1.0,0.0,0.0,0.5,-1.25,1.2,1.2,,,,0,5.0,5.0,0,-3.4000000000000004,-1.5999999999999999,1.2,0.0,0.0,2.8,3.2,0,3,AWAY,1,0
860,2024-10-30 17:30:00,Serie A,Venezia,Udinese,2.7,4.0,1.2,1.0,1.6,1.4,1.1,6.7,-5.6,1.0,1.0,0.667,1.0,1.0,1.75,-0.333,-0.75,0.333,0.0,0.667,0.5,0.333,0.25,0.0,1.2,1.2,,,,0,5.0,5.0,0,-1.2999999999999998,0.19999999999999996,-0.20000000000000018,0.0,0.0,2.5999999999999996,2.6,3,2,HOME,1,1
861,2024-10-30 19:45:00,Serie A,Juventus,Parma,6.0,2.7,1.8,1.2,1.0,1.4,5.6,3.3,2.3,1.8,0.75,1.0,1.0,0.2,1.25,0.8,-0.25,0.8,0.25,0.4,0.25,0.4,0.0,1.05,1.2,1.2,,,,0,5.0,5.0,0,3.3,0.6000000000000001,0.3999999999999999,0.0,0.0,3.2,2.2,2,2,DRAW,1,1
862,2024-10-30 19:45:00,Serie A,Atalanta,Monza,6.7,3.3,3.2,1.4,1.2,1.4,10.0,5.6,4.4,2.25,1.25,4.0,1.25,1.75,1.0,2.25,0.25,0.0,0.5,0.0,0.5,0.75,0.25,1.0,1.2,1.2,,,,0,5.0,5.0,0,3.4000000000000004,1.8000000000000003,0.19999999999999996,0.0,0.0,4.6,2.5999999999999996,2,0,HOME,0,0
863,2024-10-31 17:30:00,Serie A,Genoa,Fiorentina,0.7,8.7,0.6,3.0,3.0,0.6,1.1,10.0,-8.9,0.6,1.25,1.0,2.25,2.0,1.0,-1.0,1.25,0.0,0.5,0.4,0.25,0.0,0.25,-0.65,1.2,1.2,,,,0,5.0,5.0,0,-7.999999999999999,-2.4,-2.4,0.0,0.0,1.2,6.0,0,1,AWAY,0,0
864,2024-10-31 19:45:00,Serie A,AS Roma,Torino,4.7,4.0,1.4,2.0,1.6,2.2,1.1,3.3,-2.1999999999999997,1.5,1.4,1.5,2.0,1.0,2.0,0.5,0.0,0.25,0.2,0.25,0.0,0.5,0.4,0.10000000000000009,1.2,1.2,,,,0,5.0,5.0,0,0.7000000000000002,-0.6000000000000001,0.6000000000000001,0.0,0.0,3.6,3.6,1,0,HOME,0,0
865,2024-10-31 19:45:00,Serie A,Como,Lazio,4.7,6.0,1.6,1.8,1.8,1.2,1.1,6.7,-5.6,1.667,0.75,2.0,1.25,1.667,1.75,0.333,-0.5,0.0,0.0,0.0,0.25,0.333,0.25,0.917,1.2,1.2,,,,0,5.0,5.0,0,-1.2999999999999998,-0.19999999999999996,-0.6000000000000001,0.0,0.0,2.8,3.6,1,5,AWAY,1,1
1219,2024-11-01 19:30:00,Bundesliga,Bayer Leverkusen,VfB Stuttgart,6.0,5.3,2.2,2.0,1.8,1.8,5.6,4.4,1.1999999999999993,1.75,1.0,2.5,1.5,2.25,2.5,0.25,-1.0,0.0,0.0,0.0,0.25,0.5,0.25,0.75,1.2,1.2,,,,0,5.0,5.0,0,0.7000000000000002,0.20000000000000018,0.0,0.0,0.0,4.0,3.8,0,0,DRAW,0,0
117,2024-11-01 20:00:00,La Liga,Alaves,Mallorca,2.0,6.7,0.6,1.2,1.8,0.8,3.3,4.4,-1.1000000000000005,1.4,1.8,1.2,1.2,1.4,1.0,-0.2,0.2,0.4,0.2,0.4,0.2,0.4,0.6,-0.40000000000000013,1.2,1.2,,,,0,5.0,5.0,0,-4.7,-0.6,-1.0,0.0,0.0,1.4,3.0,1,0,HOME,0,0
477,2024-11-02 12:30:00,Premier League,Newcastle,Arsenal,1.3,5.3,0.6,2.2,1.4,1.8,1.1,4.4,-3.3000000000000003,1.75,1.75,1.0,1.25,0.75,1.0,0.25,0.25,0.25,0.5,0.25,0.25,0.5,0.5,0.0,1.2,1.2,,,,0,5.0,5.0,0,-4.0,-1.6,0.40000000000000013,0.0,0.0,2.4,3.6,1,0,HOME,0,0
118,2024-11-02 13:00:00,La Liga,Osasuna,Valladolid,5.3,2.0,1.6,1.4,1.0,2.0,4.4,3.3,1.1000000000000005,2.4,0.6,2.2,1.0,1.4,3.4,0.8,-2.4,0.2,0.0,0.0,0.4,0.8,0.2,1.7999999999999998,1.2,1.2,,,,0,5.0,5.0,0,3.3,0.20000000000000018,1.0,0.0,0.0,3.6,2.4,1,0,HOME,0,0
866,2024-11-02 14:00:00,Serie A,Bologna,Lecce,6.0,2.0,1.4,0.2,0.8,2.2,5.6,3.3,2.3,1.0,0.2,0.75,0.0,0.75,1.4,0.0,-1.4,0.25,0.2,0.25,1.0,0.0,0.0,0.8,1.2,1.2,,,,0,5.0,5.0,0,4.0,1.2,1.4000000000000001,0.0,0.0,3.6,1.0,1,0,HOME,0,0
1220,2024-11-02 14:30:00,Bundesliga,Bayern München,Union Berlin,7.3,6.7,3.6,1.4,0.8,0.8,7.8,7.8,0.0,2.333,1.25,2.333,0.75,0.333,0.5,2.0,0.25,0.667,0.5,0.0,0.5,0.667,0.25,1.0830000000000002,1.2,1.2,,,,0,5.0,5.0,0,0.5999999999999996,2.2,0.0,0.0,0.0,4.4,2.2,3,0,HOME,1,0
1221,2024-11-02 14:30:00,Bundesliga,VfL Wolfsburg,FC Augsburg,3.3,4.0,2.0,1.4,2.2,2.4,4.4,6.7,-2.3,0.25,0.0,1.75,0.333,2.75,3.667,-1.0,-3.333,0.0,0.0,0.0,0.667,0.0,0.0,0.25,1.2,1.2,,,,0,5.0,5.0,0,-0.7000000000000002,0.6000000000000001,0.19999999999999973,0.0,0.0,4.4,3.6,1,1,DRAW,0,1
1222,2024-11-02 14:30:00,Bundesliga,1899 Hoffenheim,FC St. Pauli,3.3,3.3,1.6,0.8,1.6,1.0,5.6,1.1,4.5,1.5,0.75,2.5,1.25,2.75,1.5,-0.25,-0.25,0.0,0.25,0.0,0.25,0.5,0.25,0.75,1.2,1.2,,,,0,5.0,5.0,0,0.0,0.8,-0.6000000000000001,0.0,0.0,2.6,2.4000000000000004,0,2,AWAY,0,0
1223,2024-11-02 14:30:00,Bundesliga,Eintracht Frankfurt,VfL Bochum,5.3,0.7,2.2,1.2,1.6,3.4,2.2,0.0,2.2,2.333,0.0,2.667,1.0,1.333,2.5,1.333,-1.5,0.333,0.0,0.0,0.25,0.667,0.0,2.333,1.2,1.2,,,,0,5.0,5.0,0,4.6,1.0000000000000002,1.7999999999999998,0.0,0.0,5.6,2.8,7,2,HOME,1,1
1224,2024-11-02 14:30:00,Bundesliga,Holstein Kiel,1. FC Heidenheim,1.3,2.7,1.4,0.8,2.4,1.4,1.1,1.1,0.0,0.0,1.5,0.75,2.0,3.5,1.75,-2.75,0.25,0.0,0.5,0.5,0.0,0.0,0.5,-1.5,1.2,1.2,,,,0,5.0,5.0,0,-1.4000000000000001,0.5999999999999999,-1.0,0.0,0.0,2.8,3.2,1,0,HOME,0,0
478,2024-11-02 15:00:00,Premier League,Bournemouth,Manchester City,4.7,7.3,1.2,1.8,1.2,1.2,4.4,10.0,-5.6,1.75,2.5,1.5,2.0,0.75,0.75,0.75,1.25,0.25,0.25,0.25,0.0,0.5,0.75,-0.75,1.2,1.2,,,,0,5.0,5.0,0,-2.5999999999999996,-0.6000000000000001,0.0,0.0,0.0,2.4,3.0,2,1,HOME,1,1
479,2024-11-02 15:00:00,Premier League,Liverpool,Brighton,8.7,5.3,2.0,2.0,0.8,2.0,7.8,7.8,0.0,2.25,1.75,1.75,1.75,0.5,1.25,1.25,0.5,0.5,0.5,0.25,0.0,0.75,0.5,0.5,1.2,1.2,,,,0,5.0,5.0,0,3.3999999999999995,0.0,1.2,0.0,0.0,4.0,2.8,2,1,HOME,1,1
480,2024-11-02 15:00:00,Premier League,Southampton,Everton,0.7,6.0,1.0,1.2,2.2,0.6,0.0,5.6,-5.6,0.25,1.0,0.75,1.25,2.0,2.0,-1.25,-0.75,0.0,0.25,0.5,0.25,0.0,0.25,-0.75,1.2,1.2,,,,0,5.0,5.0,0,-5.3,-0.19999999999999996,-1.6,0.0,0.0,1.6,3.4000000000000004,1,0,HOME,0,0
481,2024-11-02 15:00:00,Premier League,Ipswich,Leicester,1.3,4.7,1.4,1.6,2.6,2.0,0.0,6.7,-6.7,0.5,1.0,0.75,2.0,1.75,2.5,-1.0,-0.5,0.0,0.0,0.5,0.0,0.0,0.25,-0.5,1.2,1.2,,,,0,5.0,5.0,0,-3.4000000000000004,-0.20000000000000018,-0.6000000000000001,0.0,0.0,3.4,4.2,1,1,DRAW,0,1
482,2024-11-02 15:00:00,Premier League,Nottingham Forest,West Ham,5.3,4.7,1.4,1.6,1.0,2.0,7.8,6.7,1.0999999999999996,1.25,1.25,0.75,1.25,0.75,1.5,0.0,-0.25,0.25,0.25,0.25,0.0,0.25,0.25,0.0,1.2,1.2,,,,0,5.0,5.0,0,0.5999999999999996,-0.20000000000000018,1.0,0.0,0.0,3.4,2.6,3,0,HOME,1,0
119,2024-11-02 15:15:00,La Liga,Girona,Leganes,3.3,4.0,0.6,1.2,0.8,1.0,3.3,4.4,-1.1000000000000005,1.4,0.6,1.4,0.6,1.2,1.4,0.2,-0.8,0.4,0.2,0.4,0.4,0.4,0.0,0.7999999999999999,1.2,1.2,,,,0,5.0,5.0,0,-0.7000000000000002,-0.6,0.19999999999999996,0.0,0.0,1.6,2.0,4,3,HOME,1,1
867,2024-11-02 17:00:00,Serie A,Udinese,Juventus,4.0,6.0,1.4,2.2,1.4,1.4,3.3,5.6,-2.3,2.4,2.0,1.6,2.5,0.8,1.0,0.8,1.5,0.6,0.75,0.0,0.25,0.8,0.5,0.3999999999999999,1.2,1.2,,,,0,5.0,5.0,0,-2.0,-0.8000000000000003,0.0,0.0,0.0,2.8,3.6,0,2,AWAY,0,0
483,2024-11-02 17:30:00,Premier League,Wolves,Crystal Palace,0.7,2.7,1.6,0.4,2.8,0.8,1.1,3.3,-2.1999999999999997,0.0,0.25,1.25,0.75,3.0,1.5,-1.75,-0.75,0.0,0.0,0.0,0.25,0.0,0.0,-0.25,1.2,1.2,,,,0,5.0,5.0,0,-2.0,1.2000000000000002,-1.9999999999999998,0.0,0.0,2.4000000000000004,3.1999999999999997,2,2,DRAW,1,1
1225,2024-11-02 17:30:00,Bundesliga,Borussia Dortmund,RB Leipzig,4.0,8.7,1.8,2.0,2.4,0.2,3.3,10.0,-6.7,3.0,2.5,3.0,1.5,1.25,0.5,1.75,1.0,0.25,0.75,0.0,0.25,1.0,0.75,0.5,1.2,1.2,,,,0,5.0,5.0,0,-4.699999999999999,-0.19999999999999996,-2.1999999999999997,0.0,0.0,2.0,4.4,2,1,HOME,1,1
868,2024-11-02 19:45:00,Serie A,Monza,AC Milan,3.3,6.0,1.2,1.4,1.4,1.0,4.4,3.3,1.1000000000000005,0.6,1.0,1.0,1.5,1.4,1.75,-0.4,-0.25,0.0,0.0,0.2,0.0,0.0,0.25,-0.4,1.2,1.2,,,,0,5.0,5.0,0,-2.7,-0.19999999999999996,-0.3999999999999999,0.0,0.0,2.2,2.8,0,1,AWAY,0,0
869,2024-11-03 11:30:00,Serie A,Napoli,Atalanta,10.0,8.7,1.8,3.2,0.2,0.6,10.0,10.0,0.0,3.0,1.4,2.2,1.6,0.4,1.4,1.8,0.2,0.6,0.4,0.0,0.2,1.0,0.4,1.6,1.2,1.2,,,,0,5.0,5.0,0,1.3000000000000007,-1.4000000000000001,0.39999999999999997,0.0,0.0,2.4,3.4000000000000004,0,3,AWAY,1,0
120,2024-11-03 13:00:00,La Liga,Atletico Madrid,Las Palmas,5.3,4.7,1.2,1.2,0.8,1.4,4.4,6.7,-2.3,2.2,0.6,2.0,1.2,0.4,2.2,1.6,-1.0,0.6,0.0,0.2,0.2,0.6,0.2,1.6,1.2,1.2,,,,0,5.0,5.0,0,0.5999999999999996,0.0,0.5999999999999999,0.0,0.0,2.5999999999999996,2.0,2,0,HOME,0,0
484,2024-11-03 14:00:00,Premier League,Tottenham,Aston Villa,6.0,6.0,2.4,1.8,1.2,1.0,3.3,5.6,-2.3,2.25,2.5,2.75,2.25,0.75,1.25,2.0,1.0,0.25,0.0,0.25,0.0,0.75,0.75,-0.25,1.2,1.2,,,,0,5.0,5.0,0,0.0,0.5999999999999999,-0.19999999999999996,0.0,0.0,3.4,3.0,4,1,HOME,1,1
870,2024-11-03 14:00:00,Serie A,Torino,Fiorentina,2.0,8.7,1.4,2.8,2.0,0.4,3.3,10.0,-6.7,1.75,1.6,1.25,2.0,1.0,0.8,0.25,1.2,0.5,0.6,0.25,0.2,0.5,0.4,0.1499999999999999,1.2,1.2,,,,0,5.0,5.0,0,-6.699999999999999,-1.4,-1.6,0.0,0.0,1.7999999999999998,4.8,0,1,AWAY,0,0
1226,2024-11-03 14:30:00,Bundesliga,SC Freiburg,FSV Mainz 05,6.0,4.7,1.6,1.4,1.4,1.4,6.7,4.4,2.3,2.25,2.333,2.0,3.0,1.5,1.667,0.5,1.333,0.0,0.333,0.25,0.0,0.75,0.667,-0.08300000000000018,1.2,1.2,,,,0,5.0,5.0,0,1.2999999999999998,0.20000000000000018,0.0,0.0,0.0,3.0,2.8,0,0,DRAW,0,0
121,2024-11-03 15:15:00,La Liga,Barcelona,Espanyol,8.0,4.0,3.0,1.4,1.0,1.6,10.0,3.3,6.7,3.0,0.8,3.75,1.2,0.5,1.8,3.25,-0.6,0.5,0.4,0.0,0.4,1.0,0.2,2.2,1.2,1.2,,,,0,5.0,5.0,0,4.0,1.6,0.6000000000000001,0.0,0.0,4.6,2.4,3,1,HOME,1,1
485,2024-11-03 16:30:00,Premier League,Manchester United,Chelsea,3.3,6.7,0.6,2.2,1.2,1.2,4.4,4.4,0.0,1.5,2.25,0.75,2.75,1.75,1.0,-1.0,1.75,0.25,0.5,0.5,0.0,0.5,0.75,-0.75,1.2,1.2,,,,0,5.0,5.0,0,-3.4000000000000004,-1.6,0.0,0.0,0.0,1.7999999999999998,3.4000000000000004,1,1,DRAW,0,1
1227,2024-11-03 16:30:00,Bundesliga,Borussia Mönchengladbach,Werder Bremen,4.7,4.7,1.2,2.0,1.4,2.6,4.4,4.4,0.0,1.5,2.5,1.75,3.0,2.0,2.0,-0.25,1.0,0.25,0.0,0.0,0.0,0.5,0.75,-1.0,1.2,1.2,,,,0,5.0,5.0,0,0.0,-0.8,1.2000000000000002,0.0,0.0,3.8,3.4,4,1,HOME,1,1
871,2024-11-03 17:00:00,Serie A,Hellas Verona,AS Roma,2.0,4.7,1.0,1.0,2.8,1.6,0.0,3.3,-3.3,1.2,0.8,1.4,0.6,2.0,1.4,-0.6,-0.8,0.2,0.4,0.4,0.4,0.4,0.0,0.3999999999999999,1.2,1.2,,,,0,5.0,5.0,0,-2.7,0.0,-1.1999999999999997,0.0,0.0,2.6,3.8,3,2,HOME,1,1
122,2024-11-03 17:30:00,La Liga,Sevilla,Real Sociedad,6.7,5.3,1.6,1.0,1.2,0.6,6.7,4.4,2.3,1.8,1.6,1.0,0.4,1.0,0.2,0.0,0.2,0.4,0.8,0.2,0.6,0.6,0.4,0.19999999999999996,1.2,1.2,,,,0,5.0,5.0,0,1.4000000000000004,0.6000000000000001,-0.6,0.0,0.0,2.2,2.2,0,2,AWAY,0,0
872,2024-11-03 19:45:00,Serie A,Inter,Venezia,8.7,2.7,2.8,1.4,1.6,2.0,7.8,4.4,3.3999999999999995,2.0,0.4,2.8,0.8,1.6,2.0,1.2,-1.2,0.4,0.2,0.0,0.4,0.6,0.0,1.6,1.2,1.2,,,,0,5.0,5.0,0,5.999999999999999,1.4,0.3999999999999999,0.0,0.0,4.8,3.0,1,0,HOME,0,0
123,2024-11-03 20:00:00,La Liga,Athletic Club,Real Betis,5.3,6.7,1.8,1.0,1.0,0.6,4.4,6.7,-2.3,2.0,1.0,1.8,0.6,0.8,1.0,1.0,-0.4,0.2,0.2,0.2,0.6,0.6,0.2,1.0,1.2,1.2,,,,0,5.0,5.0,0,-1.4000000000000004,0.8,-0.4,0.0,0.0,2.4,2.0,1,1,DRAW,0,1
873,2024-11-04 17:30:00,Serie A,Empoli,Como,1.3,2.7,0.4,1.2,1.4,2.4,1.1,1.1,0.0,0.6,0.8,0.0,1.0,0.8,1.6,-0.8,-0.6,0.6,0.0,1.0,0.4,0.0,0.2,-0.20000000000000007,1.2,1.2,,,,0,5.0,5.0,0,-1.4000000000000001,-0.7999999999999999,1.0,0.0,0.0,2.8,2.5999999999999996,1,0,HOME,0,0
874,2024-11-04 17:30:00,Serie A,Parma,Genoa,2.7,0.7,1.2,0.6,1.4,2.8,3.3,1.1,2.1999999999999997,1.0,0.75,1.6,0.5,1.8,2.5,-0.2,-2.0,0.0,0.25,0.0,0.5,0.2,0.25,0.25,1.2,1.2,,,,0,5.0,5.0,0,2.0,0.6,1.4,0.0,0.0,4.0,2.0,0,1,AWAY,0,0
875,2024-11-04 19:45:00,Serie A,Lazio,Cagliari,8.0,4.7,2.6,1.4,1.0,1.8,6.7,3.3,3.4000000000000004,2.6,1.0,2.4,1.0,1.0,1.5,1.4,-0.5,0.2,0.0,0.0,0.5,0.8,0.25,1.6,1.2,1.2,,,,0,5.0,5.0,0,3.3,1.2000000000000002,0.8,0.0,0.0,4.4,2.4,2,1,HOME,1,1
124,2024-11-04 20:00:00,La Liga,Celta Vigo,Getafe,2.7,4.0,0.6,1.0,1.4,0.8,3.3,3.3,0.0,1.4,0.4,1.6,0.6,1.2,1.2,0.4,-0.6,0.0,0.0,0.2,0.4,0.4,0.0,0.9999999999999999,1.2,1.2,,,,0,5.0,5.0,0,-1.2999999999999998,-0.4,-0.5999999999999999,0.0,0.0,1.4,2.4,1,0,HOME,0,0
486,2024-11-04 20:00:00,Premier League,Fulham,Brentford,4.7,4.7,1.6,2.4,1.6,2.4,1.1,6.7,-5.6,1.75,0.0,1.75,0.75,1.5,2.25,0.25,-1.5,0.0,0.0,0.0,0.25,0.5,0.0,1.75,1.2,1.2,,,,0,5.0,5.0,0,0.0,-0.7999999999999998,0.7999999999999998,0.0,0.0,4.0,4.0,2,1,HOME,1,1
876,2024-11-07 19:45:00,Serie A,Genoa,Como,2.7,0.7,0.8,0.6,2.2,2.2,3.3,0.0,3.3,0.4,0.6,0.6,0.8,1.8,1.6,-1.2,-0.8,0.0,0.0,0.6,0.6,0.0,0.2,-0.19999999999999996,1.2,1.2,,,,0,5.0,5.0,0,2.0,0.20000000000000007,0.0,0.0,0.0,3.0,2.8000000000000003,1,1,DRAW,0,1
1228,2024-11-08 19:30:00,Bundesliga,Union Berlin,SC Freiburg,4.7,4.7,1.0,1.0,1.2,1.4,4.4,4.4,0.0,2.5,1.5,1.5,1.25,0.75,1.25,0.75,0.0,0.25,0.5,0.0,0.25,0.75,0.5,1.0,1.2,1.2,,,,0,5.0,5.0,0,0.0,0.0,0.19999999999999996,0.0,0.0,2.4,2.2,0,0,DRAW,0,0
877,2024-11-08 19:45:00,Serie A,Lecce,Empoli,2.0,2.7,0.2,0.6,1.8,1.4,3.3,4.4,-1.1000000000000005,1.4,1.6,0.8,1.4,2.4,1.0,-1.6,0.4,0.4,0.2,0.4,0.0,0.4,0.4,-0.20000000000000018,1.2,1.2,,,,0,5.0,5.0,0,-0.7000000000000002,-0.39999999999999997,-0.40000000000000013,0.0,0.0,1.5999999999999999,2.4,1,1,DRAW,0,1
125,2024-11-08 20:00:00,La Liga,Rayo Vallecano,Las Palmas,6.7,4.0,1.8,1.0,0.6,1.6,6.7,6.7,0.0,1.6,0.6,1.4,1.0,1.0,2.2,0.4,-1.2,0.2,0.0,0.0,0.4,0.4,0.2,1.0,1.2,1.2,,,,0,5.0,5.0,0,2.7,0.8,1.0,0.0,0.0,3.4000000000000004,1.6,1,3,AWAY,1,1
126,2024-11-09 13:00:00,La Liga,Real Madrid,Osasuna,6.7,6.7,1.6,1.8,1.6,1.0,6.7,6.7,0.0,2.4,1.0,2.2,0.8,1.4,1.6,0.8,-0.8,0.4,0.4,0.2,0.4,0.8,0.2,1.4,1.2,1.2,,,,0,5.0,5.0,0,0.0,-0.19999999999999996,-0.6000000000000001,0.0,0.0,2.6,3.4000000000000004,4,0,HOME,1,0
878,2024-11-09 14:00:00,Serie A,Venezia,Parma,2.7,2.7,1.2,0.8,1.8,1.0,4.4,2.2,2.2,1.5,0.8,1.25,1.2,1.25,1.4,0.0,-0.2,0.25,0.2,0.5,0.2,0.5,0.0,0.7,1.2,1.2,,,,0,5.0,5.0,0,0.0,0.3999999999999999,-0.8,0.0,0.0,2.2,2.6,1,2,AWAY,1,1
1229,2024-11-09 14:30:00,Bundesliga,Werder Bremen,Holstein Kiel,4.7,2.7,2.2,1.2,2.4,2.0,4.4,3.3,1.1000000000000005,0.5,0.5,0.5,1.75,2.0,2.25,-1.5,-0.5,0.25,0.0,0.75,0.0,0.0,0.0,0.0,1.2,1.2,,,,0,5.0,5.0,0,2.0,1.0000000000000002,-0.3999999999999999,0.0,0.0,4.2,3.5999999999999996,2,1,HOME,1,1
1230,2024-11-09 14:30:00,Bundesliga,FSV Mainz 05,Borussia Dortmund,3.3,6.0,0.8,2.0,1.0,1.6,2.2,6.7,-4.5,0.4,0.25,0.6,0.75,1.6,2.25,-1.0,-1.5,0.0,0.25,0.4,0.25,0.0,0.0,0.15000000000000002,1.2,1.2,,,,0,5.0,5.0,0,-2.7,-1.2,0.6000000000000001,0.0,0.0,2.4000000000000004,3.0,3,1,HOME,1,1
1231,2024-11-09 14:30:00,Bundesliga,VfL Bochum,Bayer Leverkusen,0.0,4.7,1.2,1.4,4.4,1.2,0.0,5.6,-5.6,0.25,2.0,0.75,2.5,3.0,1.5,-2.25,1.0,0.0,0.0,0.5,0.0,0.0,0.5,-1.75,1.2,1.2,,,,0,5.0,5.0,0,-4.7,-0.19999999999999996,-3.2,0.0,0.0,2.4,5.800000000000001,1,1,DRAW,0,1
1232,2024-11-09 14:30:00,Bundesliga,FC St. Pauli,Bayern München,4.7,7.3,1.2,3.2,1.0,0.8,4.4,10.0,-5.6,0.5,2.6,0.0,4.4,1.25,1.2,-1.25,3.2,0.5,0.4,1.0,0.0,0.0,0.8,-2.1,1.2,1.2,,,,0,5.0,5.0,0,-2.5999999999999996,-2.0,-0.19999999999999996,0.0,0.0,2.0,4.2,0,1,AWAY,0,0
487,2024-11-09 15:00:00,Premier League,Wolves,Southampton,1.3,2.0,1.8,1.0,2.6,2.0,2.2,3.3,-1.0999999999999996,0.2,0.0,1.4,0.6,2.8,2.2,-1.4,-1.6,0.0,0.0,0.0,0.4,0.0,0.0,0.2,1.2,1.2,,,,0,5.0,5.0,0,-0.7,0.8,-0.6000000000000001,0.0,0.0,3.8,3.6,2,0,HOME,0,0
488,2024-11-09 15:00:00,Premier League,West Ham,Everton,4.7,5.3,1.6,1.0,2.0,0.6,3.3,4.4,-1.1000000000000005,1.2,0.8,1.6,1.0,2.0,1.8,-0.4,-0.8,0.0,0.2,0.2,0.4,0.4,0.2,0.3999999999999999,1.2,1.2,,,,0,5.0,5.0,0,-0.5999999999999996,0.6000000000000001,-1.4,0.0,0.0,2.2,3.0,0,0,DRAW,0,0
489,2024-11-09 15:00:00,Premier League,Crystal Palace,Fulham,2.7,4.7,0.8,1.4,1.2,1.6,4.4,4.4,0.0,1.0,1.0,0.6,1.0,1.0,1.2,-0.4,-0.2,0.4,0.2,0.6,0.2,0.2,0.2,0.0,1.2,1.2,,,,0,5.0,5.0,0,-2.0,-0.5999999999999999,0.40000000000000013,0.0,0.0,2.4000000000000004,2.5999999999999996,0,2,AWAY,0,0
490,2024-11-09 15:00:00,Premier League,Brentford,Bournemouth,4.7,6.7,2.4,1.6,2.2,0.8,3.3,7.8,-4.5,2.6,1.0,3.0,1.0,1.8,1.6,1.2,-0.6,0.0,0.0,0.0,0.4,0.8,0.2,1.6,1.2,1.2,,,,0,5.0,5.0,0,-2.0,0.7999999999999998,-1.4000000000000001,0.0,0.0,3.2,3.8000000000000003,3,2,HOME,1,1
127,2024-11-09 15:15:00,La Liga,Villarreal,Alaves,6.7,4.0,2.4,0.8,1.2,1.4,7.8,6.7,1.0999999999999996,1.6,0.6,2.2,1.0,2.4,1.8,-0.2,-0.8,0.0,0.2,0.0,0.4,0.4,0.2,1.0,1.2,1.2,,,,0,5.0,5.0,0,2.7,1.5999999999999999,0.19999999999999996,0.0,0.0,3.8,2.0,3,0,HOME,1,0
879,2024-11-09 17:00:00,Serie A,Cagliari,AC Milan,2.7,6.0,1.0,1.2,1.8,0.8,0.0,6.7,-6.7,0.8,1.4,0.8,1.4,2.2,1.4,-1.4,0.0,0.0,0.2,0.6,0.0,0.2,0.4,-0.5999999999999999,1.2,1.2,,,,0,5.0,5.0,0,-3.3,-0.19999999999999996,-1.0,0.0,0.0,1.8,3.0,3,3,DRAW,1,1
491,2024-11-09 17:30:00,Premier League,Brighton,Manchester City,4.7,6.7,1.8,1.6,2.0,1.2,4.4,6.7,-2.3,1.8,2.0,1.8,1.8,1.4,1.0,0.4,0.8,0.2,0.2,0.2,0.0,0.4,0.6,-0.19999999999999996,1.2,1.2,,,,0,5.0,5.0,0,-2.0,0.19999999999999996,-0.8,0.0,0.0,3.0,3.6,2,1,HOME,1,1
1233,2024-11-09 17:30:00,Bundesliga,RB Leipzig,Borussia Mönchengladbach,8.0,6.7,2.2,2.0,0.6,1.2,6.7,7.8,-1.0999999999999996,2.5,1.0,2.0,1.0,0.25,1.25,1.75,-0.25,0.75,0.25,0.25,0.25,0.75,0.25,1.5,1.2,1.2,,,,0,5.0,5.0,0,1.2999999999999998,0.20000000000000018,0.6,0.0,0.0,3.4000000000000004,2.6,0,0,DRAW,0,0
880,2024-11-09 19:45:00,Serie A,Juventus,Torino,6.0,2.0,2.0,1.0,1.4,1.6,5.6,3.3,2.3,1.4,1.2,0.8,1.6,0.6,1.8,0.2,-0.2,0.6,0.2,0.4,0.2,0.2,0.4,0.19999999999999996,1.2,1.2,,,,0,5.0,5.0,0,4.0,1.0,0.20000000000000018,0.0,0.0,3.6,2.4,2,0,HOME,0,0
128,2024-11-09 20:00:00,La Liga,Leganes,Sevilla,3.3,6.0,1.6,1.4,1.6,1.4,3.3,6.7,-3.4000000000000004,1.4,1.4,1.0,1.6,0.8,1.6,0.2,0.0,0.4,0.4,0.6,0.0,0.4,0.4,0.0,1.2,1.2,,,,0,5.0,5.0,0,-2.7,0.20000000000000018,-0.20000000000000018,0.0,0.0,3.0,3.0,1,0,HOME,0,0
492,2024-11-09 20:00:00,Premier League,Liverpool,Aston Villa,8.7,4.0,1.8,1.4,1.0,1.6,7.8,4.4,3.3999999999999995,2.4,2.0,1.8,2.0,0.6,1.8,1.2,0.2,0.4,0.0,0.2,0.0,0.8,0.6,0.3999999999999999,1.2,1.2,,,,0,5.0,5.0,0,4.699999999999999,0.40000000000000013,0.6000000000000001,0.0,0.0,3.4000000000000004,2.4,2,0,HOME,0,0
881,2024-11-10 11:30:00,Serie A,Atalanta,Udinese,10.0,4.0,3.6,1.0,0.4,1.2,10.0,3.3,6.7,2.4,0.8,3.6,1.2,1.4,2.0,2.2,-0.8,0.2,0.0,0.0,0.4,0.8,0.2,1.5999999999999999,1.2,1.2,,,,0,5.0,5.0,0,6.0,2.6,0.7999999999999999,0.0,0.0,4.8,1.4,2,1,HOME,1,1
129,2024-11-10 13:00:00,La Liga,Real Betis,Celta Vigo,6.7,4.7,1.0,0.8,0.6,1.2,7.8,3.3,4.5,2.4,0.6,1.4,1.4,0.6,2.6,0.8,-1.2,0.6,0.2,0.0,0.2,0.8,0.2,1.7999999999999998,1.2,1.2,,,,0,5.0,5.0,0,2.0,0.19999999999999996,0.6,0.0,0.0,2.2,1.4,2,2,DRAW,1,1
493,2024-11-10 14:00:00,Premier League,Manchester United,Leicester,3.3,4.7,0.8,1.6,1.4,2.0,4.4,4.4,0.0,1.4,1.0,0.8,1.8,1.6,2.2,-0.8,-0.4,0.2,0.0,0.4,0.0,0.4,0.2,0.3999999999999999,1.2,1.2,,,,0,5.0,5.0,0,-1.4000000000000004,-0.8,0.6000000000000001,0.0,0.0,2.8,3.0,3,0,HOME,1,0
494,2024-11-10 14:00:00,Premier League,Tottenham,Ipswich,6.0,1.3,2.6,1.4,1.2,2.6,6.7,1.1,5.6,2.4,0.4,3.0,1.2,0.8,2.6,2.2,-1.4,0.2,0.2,0.2,0.2,0.8,0.0,2.0,1.2,1.2,,,,0,5.0,5.0,0,4.7,1.2000000000000002,1.4000000000000001,0.0,0.0,5.2,2.5999999999999996,1,2,AWAY,1,1
495,2024-11-10 14:00:00,Premier League,Nottingham Forest,Newcastle,6.7,3.3,1.6,0.6,0.6,0.8,10.0,3.3,6.7,1.6,1.0,1.2,1.0,0.6,1.4,0.6,-0.4,0.4,0.2,0.2,0.2,0.4,0.2,0.6000000000000001,1.2,1.2,,,,0,5.0,5.0,0,3.4000000000000004,1.0,0.20000000000000007,0.0,0.0,2.4000000000000004,1.2,1,3,AWAY,1,1
882,2024-11-10 14:00:00,Serie A,AS Roma,Bologna,2.7,6.0,1.0,1.2,2.0,0.6,3.3,7.8,-4.5,1.8,1.6,1.4,1.6,0.8,1.6,0.6,0.0,0.4,0.2,0.2,0.2,0.6,0.4,0.19999999999999996,1.2,1.2,,,,0,5.0,5.0,0,-3.3,-0.19999999999999996,-1.4,0.0,0.0,1.6,3.2,2,3,AWAY,1,1
883,2024-11-10 14:00:00,Serie A,Fiorentina,Hellas Verona,10.0,4.0,3.0,1.2,0.4,2.6,10.0,3.3,6.7,2.2,0.6,2.2,1.2,1.0,2.4,1.2,-1.2,0.2,0.2,0.2,0.2,0.6,0.2,1.6,1.2,1.2,,,,0,5.0,5.0,0,6.0,1.8,2.2,0.0,0.0,5.6,1.6,3,1,HOME,1,1
1234,2024-11-10 14:30:00,Bundesliga,FC Augsburg,1899 Hoffenheim,4.7,3.3,1.2,1.4,2.0,1.6,4.4,4.4,0.0,2.0,0.5,2.2,0.75,1.6,1.5,0.6,-0.75,0.0,0.25,0.0,0.25,0.6,0.0,1.5,1.2,1.2,,,,0,5.0,5.0,0,1.4000000000000004,-0.19999999999999996,-0.3999999999999999,0.0,0.0,2.8,3.4,0,0,DRAW,0,0
130,2024-11-10 15:15:00,La Liga,Mallorca,Atletico Madrid,4.7,5.3,0.8,1.4,0.8,0.8,4.4,6.7,-2.3,1.6,1.6,0.6,0.8,0.4,0.6,0.2,0.2,0.8,0.4,0.4,0.2,0.4,0.4,0.0,1.2,1.2,,,,0,5.0,5.0,0,-0.5999999999999996,-0.5999999999999999,0.0,0.0,0.0,1.6,2.2,0,1,AWAY,0,0
496,2024-11-10 16:30:00,Premier League,Chelsea,Arsenal,5.3,4.7,1.8,1.8,1.4,1.6,4.4,1.1,3.3000000000000003,1.6,1.4,1.6,1.0,1.4,1.0,0.2,0.0,0.0,0.4,0.2,0.4,0.4,0.4,0.20000000000000018,1.2,1.2,,,,0,5.0,5.0,0,0.5999999999999996,0.0,0.20000000000000018,0.0,0.0,3.4000000000000004,3.2,1,1,DRAW,0,1
1235,2024-11-10 16:30:00,Bundesliga,VfB Stuttgart,Eintracht Frankfurt,4.0,5.3,1.0,3.2,1.6,2.0,4.4,4.4,0.0,2.0,1.4,2.75,1.6,1.5,1.6,1.25,0.0,0.0,0.0,0.0,0.2,0.5,0.4,0.6000000000000001,1.2,1.2,,,,0,5.0,5.0,0,-1.2999999999999998,-2.2,0.3999999999999999,0.0,0.0,3.0,4.800000000000001,2,3,AWAY,1,1
884,2024-11-10 17:00:00,Serie A,Monza,Lazio,3.3,8.0,1.2,2.4,1.2,0.8,1.1,10.0,-8.9,0.6,1.2,1.0,2.0,1.4,1.6,-0.4,0.4,0.0,0.0,0.2,0.2,0.0,0.4,-0.6,1.2,1.2,,,,0,5.0,5.0,0,-4.7,-1.2,-0.3999999999999999,0.0,0.0,2.0,3.5999999999999996,0,1,AWAY,0,0
131,2024-11-10 17:30:00,La Liga,Getafe,Girona,4.0,4.7,1.0,1.4,0.8,1.4,2.2,3.3,-1.0999999999999996,1.4,0.8,1.0,0.6,0.6,1.4,0.4,-0.8,0.4,0.2,0.2,0.6,0.2,0.2,0.5999999999999999,1.2,1.2,,,,0,5.0,5.0,0,-0.7000000000000002,-0.3999999999999999,0.5999999999999999,0.0,0.0,2.4,2.2,0,1,AWAY,0,0
132,2024-11-10 17:30:00,La Liga,Valladolid,Athletic Club,2.0,4.0,1.2,1.4,1.8,1.0,3.3,5.6,-2.3,0.4,1.4,0.6,1.4,1.2,1.2,-0.6,0.2,0.4,0.4,0.4,0.2,0.0,0.4,-0.9999999999999999,1.2,1.2,,,,0,5.0,5.0,0,-2.0,-0.19999999999999996,-0.8,0.0,0.0,2.2,3.2,1,1,DRAW,0,1
1236,2024-11-10 18:30:00,Bundesliga,1. FC Heidenheim,VfL Wolfsburg,2.7,4.0,0.8,1.6,1.0,1.6,1.1,2.2,-1.1,1.0,1.75,1.0,2.0,1.0,1.25,0.0,0.75,0.5,0.5,0.75,0.25,0.25,0.5,-0.75,1.2,1.2,,,,0,5.0,5.0,0,-1.2999999999999998,-0.8,0.6000000000000001,0.0,0.0,2.4000000000000004,2.6,1,3,AWAY,1,1
885,2024-11-10 19:45:00,Serie A,Inter,Napoli,8.7,8.0,2.4,1.4,1.2,0.8,7.8,6.7,1.0999999999999996,2.0,2.0,2.6,1.4,1.6,0.6,1.0,0.8,0.4,0.8,0.0,0.4,0.6,0.6,0.0,1.2,1.2,,,,0,5.0,5.0,0,0.6999999999999993,1.0,-0.3999999999999999,0.0,0.0,3.2,2.5999999999999996,1,1,DRAW,0,1
133,2024-11-10 20:00:00,La Liga,Real Sociedad,Barcelona,6.7,8.0,1.4,3.4,0.6,1.2,6.7,10.0,-3.3,0.8,2.4,1.0,3.6,1.4,1.2,-0.4,2.4,0.2,0.4,0.4,0.0,0.2,0.8,-1.5999999999999999,1.2,1.2,,,,0,5.0,5.0,0,-1.2999999999999998,-2.0,0.6,0.0,0.0,2.5999999999999996,4.0,1,0,HOME,0,0
1237,2024-11-22 19:30:00,Bundesliga,Bayern München,FC Augsburg,8.7,5.3,3.2,1.2,0.6,1.2,10.0,5.6,4.4,2.5,0.25,2.5,0.5,0.25,3.0,2.25,-2.5,0.75,0.0,0.0,0.5,0.75,0.0,2.25,1.2,1.2,,,,0,5.0,5.0,0,3.3999999999999995,2.0,0.6,0.0,0.0,4.4,1.7999999999999998,3,0,HOME,1,0
134,2024-11-22 20:00:00,La Liga,Getafe,Valladolid,2.0,2.7,0.6,1.2,1.0,1.6,1.1,1.1,0.0,1.2,0.6,1.0,1.0,0.8,3.0,0.2,-2.0,0.2,0.0,0.2,0.4,0.2,0.2,0.6,1.2,1.2,,,,0,5.0,5.0,0,-0.7000000000000002,-0.6,0.6000000000000001,0.0,0.0,2.2,2.2,2,0,HOME,0,0
497,2024-11-23 12:30:00,Premier League,Leicester,Chelsea,4.7,4.0,1.2,1.2,1.8,1.2,1.1,5.6,-4.5,1.0,2.0,1.0,2.4,1.4,1.0,-0.4,1.4,0.2,0.4,0.0,0.0,0.2,0.6,-1.0,1.2,1.2,,,,0,5.0,5.0,0,0.7000000000000002,0.0,-0.6000000000000001,0.0,0.0,2.4,3.0,1,2,AWAY,1,1
135,2024-11-23 13:00:00,La Liga,Valencia,Real Betis,2.0,5.3,0.6,1.2,1.4,1.0,2.2,5.6,-3.3999999999999995,1.0,1.0,1.2,0.8,1.2,1.2,0.0,-0.4,0.4,0.0,0.2,0.4,0.2,0.2,0.0,1.2,1.2,,,,0,5.0,5.0,0,-3.3,-0.6,-0.3999999999999999,0.0,0.0,1.6,2.5999999999999996,4,2,HOME,1,1
886,2024-11-23 14:00:00,Serie A,Hellas Verona,Inter,2.0,7.3,1.0,2.0,3.0,1.0,3.3,7.8,-4.5,1.2,2.2,1.4,2.0,2.4,1.0,-1.0,1.0,0.0,0.4,0.4,0.0,0.4,0.6,-1.0000000000000002,1.2,1.2,,,,0,5.0,5.0,0,-5.3,-1.0,-2.0,0.0,0.0,2.0,5.0,0,5,AWAY,1,0
1238,2024-11-23 14:30:00,Bundesliga,VfL Wolfsburg,Union Berlin,5.3,5.3,1.8,1.0,1.4,1.0,5.6,2.2,3.3999999999999995,0.4,1.0,1.6,0.6,2.4,1.0,-0.8,-0.4,0.0,0.4,0.0,0.6,0.0,0.2,-0.6,1.2,1.2,,,,0,5.0,5.0,0,0.0,0.8,-0.3999999999999999,0.0,0.0,2.8,2.4,1,0,HOME,0,0
1239,2024-11-23 14:30:00,Bundesliga,Borussia Dortmund,SC Freiburg,4.0,5.3,1.4,1.0,1.8,0.8,3.3,2.2,1.0999999999999996,3.0,1.4,2.8,1.0,1.2,1.0,1.6,0.0,0.2,0.6,0.0,0.4,1.0,0.4,1.6,1.2,1.2,,,,0,5.0,5.0,0,-1.2999999999999998,0.3999999999999999,-1.0,0.0,0.0,2.2,2.8,4,0,HOME,1,0
1240,2024-11-23 14:30:00,Bundesliga,1899 Hoffenheim,RB Leipzig,4.0,6.7,0.8,1.4,0.8,0.6,2.2,4.4,-2.2,1.2,2.0,2.0,1.4,2.6,0.8,-0.6,0.6,0.0,0.6,0.2,0.2,0.4,0.6,-0.8,1.2,1.2,,,,0,5.0,5.0,0,-2.7,-0.5999999999999999,-0.20000000000000007,0.0,0.0,1.4,2.2,4,3,HOME,1,1
1241,2024-11-23 14:30:00,Bundesliga,Bayer Leverkusen,1. FC Heidenheim,4.7,0.7,1.4,0.6,1.2,1.6,3.3,1.1,2.1999999999999997,1.6,1.2,2.0,1.6,1.8,1.6,0.2,0.0,0.2,0.4,0.2,0.2,0.4,0.4,0.40000000000000013,1.2,1.2,,,,0,5.0,5.0,0,4.0,0.7999999999999999,0.40000000000000013,0.0,0.0,3.0,1.7999999999999998,5,2,HOME,1,1
1242,2024-11-23 14:30:00,Bundesliga,VfB Stuttgart,VfL Bochum,3.3,0.7,1.0,1.0,1.8,3.8,4.4,1.1,3.3000000000000003,1.6,0.0,2.6,1.2,1.8,3.4,0.8,-2.2,0.0,0.0,0.0,0.2,0.4,0.0,1.6,1.2,1.2,,,,0,5.0,5.0,0,2.5999999999999996,0.0,1.9999999999999998,0.0,0.0,4.8,2.8,2,0,HOME,0,0
498,2024-11-23 15:00:00,Premier League,Bournemouth,Brighton,4.7,6.7,1.4,1.8,1.2,1.4,4.4,4.4,0.0,2.0,1.4,1.6,1.6,0.8,1.4,0.8,0.2,0.2,0.4,0.2,0.0,0.6,0.4,0.6000000000000001,1.2,1.2,,,,0,5.0,5.0,0,-2.0,-0.40000000000000013,0.19999999999999996,0.0,0.0,2.8,3.0,1,2,AWAY,1,1
499,2024-11-23 15:00:00,Premier League,Fulham,Wolves,4.7,3.3,1.6,2.0,1.6,2.2,7.8,5.6,2.2,2.0,0.4,1.8,1.4,1.4,2.6,0.4,-1.2,0.0,0.0,0.0,0.2,0.6,0.0,1.6,1.2,1.2,,,,0,5.0,5.0,0,1.4000000000000004,-0.3999999999999999,0.6000000000000001,0.0,0.0,3.8000000000000003,3.6,1,4,AWAY,1,1
500,2024-11-23 15:00:00,Premier League,Arsenal,Nottingham Forest,3.3,6.7,1.2,1.8,1.4,1.0,2.2,6.7,-4.5,2.2,2.2,2.4,1.6,1.2,0.8,1.2,0.8,0.2,0.4,0.0,0.0,0.6,0.6,0.0,1.2,1.2,,,,0,5.0,5.0,0,-3.4000000000000004,-0.6000000000000001,-0.3999999999999999,0.0,0.0,2.2,3.2,3,0,HOME,1,0
501,2024-11-23 15:00:00,Premier League,Everton,Brentford,4.0,6.0,0.6,2.8,0.4,2.4,2.2,6.7,-4.5,1.0,0.0,1.0,0.8,1.6,2.2,-0.6,-1.4,0.2,0.0,0.4,0.2,0.2,0.0,1.0,1.2,1.2,,,,0,5.0,5.0,0,-2.0,-2.1999999999999997,2.0,0.0,0.0,3.0,3.1999999999999997,0,0,DRAW,0,0
502,2024-11-23 15:00:00,Premier League,Aston Villa,Crystal Palace,3.3,2.7,1.0,0.6,1.6,1.2,1.1,4.4,-3.3000000000000003,1.6,0.4,1.4,1.0,1.2,1.6,0.2,-0.6,0.2,0.0,0.4,0.2,0.4,0.0,1.2000000000000002,1.2,1.2,,,,0,5.0,5.0,0,0.5999999999999996,0.4,-0.40000000000000013,0.0,0.0,2.2,2.2,2,2,DRAW,1,1
136,2024-11-23 15:15:00,La Liga,Atletico Madrid,Alaves,6.7,4.0,1.4,0.8,0.6,1.4,6.7,6.7,0.0,2.2,0.6,1.8,0.6,0.4,1.8,1.4,-1.2,0.6,0.2,0.2,0.6,0.6,0.2,1.6,1.2,1.2,,,,0,5.0,5.0,0,2.7,0.5999999999999999,0.7999999999999999,0.0,0.0,2.8,1.4,2,1,HOME,1,1
887,2024-11-23 17:00:00,Serie A,AC Milan,Juventus,4.7,7.3,1.2,2.2,1.4,1.2,4.4,7.8,-3.3999999999999995,2.0,2.2,2.0,2.4,0.8,0.8,1.2,1.6,0.6,0.8,0.2,0.2,0.6,0.6,-0.20000000000000018,1.2,1.2,,,,0,5.0,5.0,0,-2.5999999999999996,-1.0000000000000002,-0.19999999999999996,0.0,0.0,2.4,3.6,0,0,DRAW,0,0
137,2024-11-23 17:30:00,La Liga,Las Palmas,Mallorca,6.0,2.7,1.4,0.4,1.2,0.8,6.7,1.1,5.6,1.0,1.8,1.0,1.2,1.2,1.0,-0.2,0.2,0.2,0.2,0.2,0.2,0.2,0.6,-0.8,1.2,1.2,,,,0,5.0,5.0,0,3.3,0.9999999999999999,-0.3999999999999999,0.0,0.0,2.2,1.6,2,3,AWAY,1,1
138,2024-11-23 17:30:00,La Liga,Girona,Espanyol,6.0,4.0,1.4,1.6,1.2,2.0,6.7,3.3,3.4000000000000004,1.4,0.6,1.4,1.4,1.8,2.4,-0.4,-1.0,0.2,0.2,0.4,0.2,0.4,0.2,0.7999999999999999,1.2,1.2,,,,0,5.0,5.0,0,2.0,-0.20000000000000018,0.8,0.0,0.0,3.4,2.8,4,1,HOME,1,1
503,2024-11-23 17:30:00,Premier League,Manchester City,Tottenham,6.0,4.0,1.6,2.2,1.4,1.6,3.3,3.3,0.0,2.6,0.8,2.4,1.4,1.2,1.4,1.2,0.0,0.2,0.2,0.0,0.2,0.8,0.2,1.8,1.2,1.2,,,,0,5.0,5.0,0,2.0,-0.6000000000000001,0.20000000000000018,0.0,0.0,3.2,3.6,0,4,AWAY,1,0
1243,2024-11-23 17:30:00,Bundesliga,Eintracht Frankfurt,Werder Bremen,5.3,4.7,3.0,1.8,2.0,2.0,7.8,4.4,3.3999999999999995,2.5,2.0,3.75,2.6,1.5,2.4,2.25,0.2,0.25,0.0,0.0,0.0,0.75,0.6,0.5,1.2,1.2,,,,0,5.0,5.0,0,0.5999999999999996,1.2,0.0,0.0,0.0,5.0,3.8,1,0,HOME,0,0
888,2024-11-23 19:45:00,Serie A,Parma,Atalanta,4.0,10.0,1.2,3.0,1.2,0.4,4.4,10.0,-5.6,0.8,1.4,1.4,1.4,1.8,1.4,-0.4,0.0,0.0,0.4,0.2,0.2,0.2,0.4,-0.5999999999999999,1.2,1.2,,,,0,5.0,5.0,0,-6.0,-1.8,-0.7999999999999999,0.0,0.0,1.6,4.2,1,3,AWAY,1,1
139,2024-11-23 20:00:00,La Liga,Celta Vigo,Barcelona,4.7,8.0,1.0,3.0,1.4,0.6,4.4,6.7,-2.3,1.4,1.8,1.2,2.8,1.0,1.2,0.2,1.6,0.2,0.4,0.2,0.2,0.4,0.6,-0.40000000000000013,1.2,1.2,,,,0,5.0,5.0,0,-3.3,-2.0,-0.7999999999999999,0.0,0.0,1.6,4.4,2,2,DRAW,1,1
889,2024-11-24 11:30:00,Serie A,Genoa,Cagliari,3.3,2.7,0.8,1.4,1.4,2.2,4.4,1.1,3.3000000000000003,0.6,0.8,0.8,1.0,1.6,1.6,-0.8,-0.6,0.0,0.0,0.4,0.4,0.0,0.2,-0.20000000000000007,1.2,1.2,,,,0,5.0,5.0,0,0.5999999999999996,-0.5999999999999999,0.8000000000000003,0.0,0.0,3.0,2.8,2,2,DRAW,1,1
140,2024-11-24 13:00:00,La Liga,Osasuna,Villarreal,4.7,6.7,1.0,2.4,1.4,1.0,6.7,10.0,-3.3,2.4,2.4,2.2,2.4,1.4,1.2,0.8,1.2,0.2,0.0,0.0,0.2,0.8,0.8,0.0,1.2,1.2,,,,0,5.0,5.0,0,-2.0,-1.4,-0.3999999999999999,0.0,0.0,2.0,3.8,2,2,DRAW,1,1
504,2024-11-24 14:00:00,Premier League,Southampton,Liverpool,2.0,8.7,0.8,1.8,1.8,0.8,3.3,7.8,-4.5,0.8,2.6,0.8,2.0,1.6,0.6,-0.8,1.4,0.2,0.6,0.4,0.0,0.2,0.8,-1.8,1.2,1.2,,,,0,5.0,5.0,0,-6.699999999999999,-1.0,-1.0,0.0,0.0,1.6,3.6,2,3,AWAY,1,1
890,2024-11-24 14:00:00,Serie A,Torino,Monza,2.0,2.7,0.6,1.0,1.4,1.2,0.0,0.0,0.0,1.4,1.0,1.0,1.0,1.0,1.2,0.0,-0.2,0.4,0.4,0.4,0.6,0.4,0.2,0.3999999999999999,1.2,1.2,,,,0,5.0,5.0,0,-0.7000000000000002,-0.4,-0.19999999999999996,0.0,0.0,1.7999999999999998,2.4,1,1,DRAW,0,1
891,2024-11-24 14:00:00,Serie A,Como,Fiorentina,1.3,10.0,0.6,3.2,1.8,0.4,1.1,10.0,-8.9,1.25,2.0,1.75,2.0,2.5,0.6,-0.75,1.4,0.0,0.8,0.0,0.2,0.25,0.6,-0.75,1.2,1.2,,,,0,5.0,5.0,0,-8.7,-2.6,-1.4,0.0,0.0,1.0,5.0,0,2,AWAY,0,0
1244,2024-11-24 14:30:00,Bundesliga,Holstein Kiel,FSV Mainz 05,2.7,5.3,1.0,1.4,1.6,0.8,3.3,5.6,-2.3,0.6,2.0,0.8,2.25,2.8,1.25,-2.0,1.0,0.2,0.5,0.4,0.25,0.2,0.5,-1.4,1.2,1.2,,,,0,5.0,5.0,0,-2.5999999999999996,-0.3999999999999999,-0.8,0.0,0.0,1.8,3.0,0,3,AWAY,1,0
141,2024-11-24 15:15:00,La Liga,Sevilla,Rayo Vallecano,4.0,6.0,1.2,1.8,1.6,1.0,3.3,6.7,-3.4000000000000004,1.8,1.4,0.8,1.6,1.0,0.8,-0.2,0.8,0.4,0.4,0.4,0.4,0.6,0.4,0.40000000000000013,1.2,1.2,,,,0,5.0,5.0,0,-2.0,-0.6000000000000001,-0.6000000000000001,0.0,0.0,2.2,3.4000000000000004,1,0,HOME,0,0
505,2024-11-24 16:30:00,Premier League,Ipswich,Manchester United,2.7,5.3,1.4,1.4,2.4,0.8,4.4,4.4,0.0,0.6,1.0,0.8,1.0,1.6,0.8,-0.8,0.2,0.0,0.6,0.4,0.4,0.0,0.2,-0.4,1.2,1.2,,,,0,5.0,5.0,0,-2.5999999999999996,0.0,-1.5999999999999999,0.0,0.0,2.2,3.8,1,1,DRAW,0,1
1245,2024-11-24 16:30:00,Bundesliga,Borussia Mönchengladbach,FC St. Pauli,5.3,2.7,1.8,0.6,1.2,1.2,5.6,4.4,1.1999999999999993,1.8,1.2,2.2,1.4,1.8,1.2,0.4,0.2,0.2,0.4,0.0,0.2,0.6,0.4,0.6000000000000001,1.2,1.2,,,,0,5.0,5.0,0,2.5999999999999996,1.2000000000000002,0.0,0.0,0.0,3.0,1.7999999999999998,2,0,HOME,0,0
892,2024-11-24 17:00:00,Serie A,Napoli,AS Roma,6.7,2.0,1.0,1.2,0.8,2.4,4.4,3.3,1.1000000000000005,2.4,0.6,1.6,1.0,1.0,2.0,0.6,-1.0,0.4,0.2,0.2,0.2,0.8,0.0,1.7999999999999998,1.2,1.2,,,,0,5.0,5.0,0,4.7,-0.19999999999999996,1.5999999999999999,0.0,0.0,3.4,2.0,1,0,HOME,0,0
142,2024-11-24 17:30:00,La Liga,Leganes,Real Madrid,4.7,6.7,1.6,1.8,1.4,1.2,6.7,6.7,0.0,1.4,1.8,0.8,1.4,0.6,0.8,0.2,0.6,0.6,0.2,0.6,0.0,0.4,0.4,-0.40000000000000013,1.2,1.2,,,,0,5.0,5.0,0,-2.0,-0.19999999999999996,-0.19999999999999996,0.0,0.0,2.8,3.2,0,3,AWAY,1,0
893,2024-11-24 19:45:00,Serie A,Lazio,Bologna,8.0,7.3,2.2,1.6,0.6,0.8,10.0,10.0,0.0,2.6,2.2,2.2,2.2,1.0,1.4,1.2,0.8,0.2,0.2,0.0,0.0,0.8,0.6,0.3999999999999999,1.2,1.2,,,,0,5.0,5.0,0,0.7000000000000002,0.6000000000000001,0.20000000000000007,0.0,0.0,3.0,2.2,3,0,HOME,1,0
143,2024-11-24 20:00:00,La Liga,Athletic Club,Real Sociedad,4.0,6.7,1.4,1.0,1.0,0.6,3.3,6.7,-3.4000000000000004,1.6,1.6,1.8,0.6,1.0,0.2,0.8,0.4,0.0,0.8,0.2,0.6,0.4,0.4,0.0,1.2,1.2,,,,0,5.0,5.0,0,-2.7,0.3999999999999999,-0.4,0.0,0.0,2.0,2.0,1,0,HOME,0,0
894,2024-11-25 17:30:00,Serie A,Empoli,Udinese,3.3,2.0,0.6,1.0,1.2,1.6,4.4,0.0,4.4,1.0,0.6,0.2,1.2,0.8,2.2,-0.6,-1.0,0.6,0.0,0.8,0.4,0.2,0.2,0.4,1.2,1.2,,,,0,5.0,5.0,0,1.2999999999999998,-0.4,0.40000000000000013,0.0,0.0,2.2,2.2,1,1,DRAW,0,1
895,2024-11-25 19:45:00,Serie A,Venezia,Lecce,2.7,2.7,1.2,0.4,1.8,1.8,3.3,4.4,-1.1000000000000005,1.2,0.2,1.2,0.0,1.4,1.2,-0.2,-1.2,0.2,0.2,0.4,1.0,0.4,0.0,1.0,1.2,1.2,,,,0,5.0,5.0,0,0.0,0.7999999999999999,0.0,0.0,0.0,3.0,2.2,0,1,AWAY,0,0
506,2024-11-25 20:00:00,Premier League,Newcastle,West Ham,4.7,4.7,1.0,1.4,0.8,1.8,6.7,4.4,2.3,2.0,1.0,1.0,1.0,0.6,1.8,0.4,-0.8,0.4,0.2,0.2,0.2,0.6,0.2,1.0,1.2,1.2,,,,0,5.0,5.0,0,0.0,-0.3999999999999999,1.0,0.0,0.0,2.8,2.2,0,2,AWAY,0,0
1246,2024-11-29 19:30:00,Bundesliga,FC St. Pauli,Holstein Kiel,2.7,2.0,0.6,0.6,1.0,1.8,3.3,3.3,0.0,0.4,0.4,0.0,1.6,1.2,2.2,-1.2,-0.6,0.4,0.0,1.0,0.0,0.0,0.0,0.0,1.2,1.2,,,,0,5.0,5.0,0,0.7000000000000002,0.0,0.8,0.0,0.0,2.4,1.6,3,1,HOME,1,1
896,2024-11-29 19:45:00,Serie A,Cagliari,Hellas Verona,1.3,2.0,1.2,1.0,2.2,3.4,2.2,3.3,-1.0999999999999996,0.8,0.0,1.2,1.0,2.6,3.0,-1.4,-2.0,0.0,0.0,0.6,0.2,0.2,0.0,0.8,1.2,1.2,,,,0,5.0,5.0,0,-0.7,0.19999999999999996,1.1999999999999997,0.0,0.0,4.6,3.2,1,0,HOME,0,0
144,2024-11-29 20:00:00,La Liga,Mallorca,Valencia,4.7,3.3,0.8,1.4,0.8,1.8,3.3,4.4,-1.1000000000000005,1.4,0.4,0.6,0.2,0.6,1.6,0.0,-1.4,0.6,0.2,0.4,0.8,0.4,0.0,0.9999999999999999,1.2,1.2,,,,0,5.0,5.0,0,1.4000000000000004,-0.5999999999999999,1.0,0.0,0.0,2.6,2.2,2,1,HOME,1,1
507,2024-11-29 20:00:00,Premier League,Brighton,Southampton,6.7,2.0,1.6,1.0,1.2,1.8,6.7,3.3,3.4000000000000004,1.8,0.0,1.8,0.6,1.4,2.4,0.4,-1.8,0.2,0.0,0.2,0.4,0.4,0.0,1.8,1.2,1.2,,,,0,5.0,5.0,0,4.7,0.6000000000000001,0.6000000000000001,0.0,0.0,3.4000000000000004,2.2,1,1,DRAW,0,1
145,2024-11-30 13:00:00,La Liga,Barcelona,Las Palmas,6.7,6.0,2.8,1.8,1.0,1.6,4.4,3.3,1.1000000000000005,3.0,1.2,3.6,1.6,0.6,2.0,3.0,-0.4,0.4,0.0,0.0,0.2,1.0,0.4,1.8,1.2,1.2,,,,0,5.0,5.0,0,0.7000000000000002,0.9999999999999998,0.6000000000000001,0.0,0.0,4.4,2.8,1,2,AWAY,1,1
897,2024-11-30 14:00:00,Serie A,Como,Monza,0.7,1.3,0.4,0.6,2.0,1.4,1.1,1.1,0.0,1.0,1.0,1.4,1.2,2.4,1.4,-1.0,-0.2,0.0,0.2,0.2,0.4,0.2,0.2,0.0,1.2,1.2,,,,0,5.0,5.0,0,-0.6000000000000001,-0.19999999999999996,-0.6000000000000001,0.0,0.0,1.7999999999999998,2.6,1,1,DRAW,0,1
1247,2024-11-30 14:30:00,Bundesliga,SC Freiburg,Borussia Mönchengladbach,3.3,7.3,0.8,2.0,1.6,0.8,2.2,7.8,-5.6,2.0,1.0,1.6,0.8,1.2,1.0,0.4,-0.2,0.2,0.4,0.4,0.4,0.6,0.2,1.0,1.2,1.2,,,,0,5.0,5.0,0,-4.0,-1.2,-0.8,0.0,0.0,1.6,3.6,3,1,HOME,1,1
1248,2024-11-30 14:30:00,Bundesliga,Werder Bremen,VfB Stuttgart,4.7,4.7,1.8,1.2,2.0,1.6,3.3,4.4,-1.1000000000000005,1.0,1.0,0.8,1.2,1.8,2.0,-1.0,-0.8,0.2,0.2,0.6,0.4,0.2,0.2,0.0,1.2,1.2,,,,0,5.0,5.0,0,0.0,0.6000000000000001,-0.3999999999999999,0.0,0.0,3.4000000000000004,3.2,2,2,DRAW,1,1
1249,2024-11-30 14:30:00,Bundesliga,FC Augsburg,VfL Bochum,3.3,0.7,0.8,0.8,1.6,3.6,2.2,1.1,1.1,2.0,0.0,1.8,1.2,1.2,3.6,0.6,-2.4,0.2,0.0,0.2,0.2,0.6,0.0,2.0,1.2,1.2,,,,0,5.0,5.0,0,2.5999999999999996,0.0,2.0,0.0,0.0,4.4,2.4000000000000004,1,0,HOME,0,0
1250,2024-11-30 14:30:00,Bundesliga,RB Leipzig,VfL Wolfsburg,4.7,5.3,1.8,1.4,1.4,1.2,1.1,7.8,-6.699999999999999,2.2,2.0,1.6,2.2,0.2,1.2,1.4,1.0,0.8,0.4,0.4,0.2,0.6,0.6,0.20000000000000018,1.2,1.2,,,,0,5.0,5.0,0,-0.5999999999999996,0.40000000000000013,-0.19999999999999996,0.0,0.0,3.0,2.8,1,5,AWAY,1,1
1251,2024-11-30 14:30:00,Bundesliga,Union Berlin,Bayer Leverkusen,3.3,6.0,0.6,2.0,1.0,1.2,1.1,5.6,-4.5,2.2,1.8,1.2,2.2,0.6,1.4,0.6,0.8,0.4,0.0,0.2,0.0,0.6,0.4,0.40000000000000013,1.2,1.2,,,,0,5.0,5.0,0,-2.7,-1.4,0.19999999999999996,0.0,0.0,1.7999999999999998,3.0,1,2,AWAY,1,1
508,2024-11-30 15:00:00,Premier League,Wolves,Bournemouth,5.3,4.7,2.2,1.6,1.4,1.4,7.8,3.3,4.5,0.8,0.8,1.4,1.2,1.6,2.0,-0.2,-0.8,0.2,0.0,0.0,0.4,0.2,0.2,0.0,1.2,1.2,,,,0,5.0,5.0,0,0.5999999999999996,0.6000000000000001,0.0,0.0,0.0,3.6,3.0,2,4,AWAY,1,1
509,2024-11-30 15:00:00,Premier League,Crystal Palace,Newcastle,3.3,4.0,1.0,1.0,1.4,1.2,2.2,6.7,-4.5,1.0,1.4,0.6,1.4,1.0,1.4,-0.4,0.0,0.4,0.2,0.6,0.2,0.2,0.4,-0.3999999999999999,1.2,1.2,,,,0,5.0,5.0,0,-0.7000000000000002,0.0,-0.19999999999999996,0.0,0.0,2.2,2.4,1,1,DRAW,0,1
510,2024-11-30 15:00:00,Premier League,Brentford,Leicester,4.7,2.7,1.8,1.2,1.8,2.2,4.4,1.1,3.3000000000000003,2.6,1.0,3.2,1.6,2.0,2.4,1.2,-0.8,0.0,0.0,0.0,0.2,0.8,0.2,1.6,1.2,1.2,,,,0,5.0,5.0,0,2.0,0.6000000000000001,0.40000000000000013,0.0,0.0,4.0,3.0,4,1,HOME,1,1
511,2024-11-30 15:00:00,Premier League,Nottingham Forest,Ipswich,6.0,3.3,1.6,1.4,1.4,1.8,3.3,5.6,-2.3,1.4,1.0,1.2,1.4,1.0,2.0,0.2,-0.6,0.4,0.2,0.2,0.2,0.4,0.2,0.3999999999999999,1.2,1.2,,,,0,5.0,5.0,0,2.7,0.20000000000000018,0.40000000000000013,0.0,0.0,3.4000000000000004,2.8,1,0,HOME,0,0
146,2024-11-30 15:15:00,La Liga,Alaves,Leganes,4.0,4.0,0.6,1.6,1.2,2.0,3.3,3.3,0.0,1.8,0.4,1.4,1.2,1.4,2.2,0.0,-1.0,0.4,0.0,0.2,0.2,0.6,0.0,1.4,1.2,1.2,,,,0,5.0,5.0,0,0.0,-1.0,0.8,0.0,0.0,2.6,2.8,1,1,DRAW,0,1
898,2024-11-30 17:00:00,Serie A,AC Milan,Empoli,5.3,4.0,1.0,0.8,1.0,1.2,5.6,5.6,0.0,2.0,1.2,1.6,1.2,0.4,1.0,1.2,0.2,0.8,0.2,0.4,0.0,0.6,0.2,0.8,1.2,1.2,,,,0,5.0,5.0,0,1.2999999999999998,0.19999999999999996,0.19999999999999996,0.0,0.0,2.2,1.8,3,0,HOME,1,0
147,2024-11-30 17:30:00,La Liga,Espanyol,Celta Vigo,2.0,3.3,1.4,1.2,2.6,1.8,3.3,5.6,-2.3,1.8,0.8,1.6,1.2,1.6,2.2,0.0,-1.0,0.0,0.2,0.2,0.2,0.6,0.2,1.0,1.2,1.2,,,,0,5.0,5.0,0,-1.2999999999999998,0.19999999999999996,-0.8,0.0,0.0,3.2,3.8,3,1,HOME,1,1
512,2024-11-30 17:30:00,Premier League,West Ham,Arsenal,4.7,3.3,1.0,1.2,1.6,1.2,4.4,4.4,0.0,1.4,1.0,1.4,0.8,1.6,1.2,-0.2,-0.4,0.2,0.2,0.4,0.4,0.4,0.2,0.3999999999999999,1.2,1.2,,,,0,5.0,5.0,0,1.4000000000000004,-0.19999999999999996,-0.40000000000000013,0.0,0.0,2.2,2.8,2,5,AWAY,1,1
1252,2024-11-30 17:30:00,Bundesliga,Borussia Dortmund,Bayern München,6.0,10.0,2.0,3.2,1.4,0.0,6.7,10.0,-3.3,3.0,2.6,3.2,4.0,1.2,0.8,2.0,3.2,0.2,0.6,0.0,0.0,1.0,0.8,0.3999999999999999,1.2,1.2,,,,0,5.0,5.0,0,-4.0,-1.2000000000000002,-1.4,0.0,0.0,2.0,4.6,1,1,DRAW,0,1
899,2024-11-30 19:45:00,Serie A,Bologna,Venezia,6.7,2.7,1.6,1.2,1.4,1.6,6.7,0.0,6.7,1.4,0.2,0.8,0.8,0.6,2.2,0.2,-1.4,0.4,0.0,0.2,0.4,0.2,0.0,1.2,1.2,1.2,,,,0,5.0,5.0,0,4.0,0.40000000000000013,0.20000000000000018,0.0,0.0,3.2,2.5999999999999996,3,0,HOME,1,0
148,2024-11-30 20:00:00,La Liga,Valladolid,Atletico Madrid,2.7,8.0,1.0,1.6,1.6,0.6,1.1,10.0,-8.9,0.4,1.6,0.8,0.8,1.4,0.6,-0.6,0.2,0.2,0.4,0.2,0.2,0.0,0.4,-1.2000000000000002,1.2,1.2,,,,0,5.0,5.0,0,-5.3,-0.6000000000000001,-1.0,0.0,0.0,1.6,3.2,0,5,AWAY,1,0
900,2024-12-01 11:30:00,Serie A,Udinese,Genoa,2.7,3.3,1.2,0.8,1.6,1.4,1.1,5.6,-4.5,1.8,1.2,1.2,0.6,1.0,2.0,0.2,-1.4,0.6,0.4,0.2,0.4,0.6,0.4,0.6000000000000001,1.2,1.2,,,,0,5.0,5.0,0,-0.5999999999999996,0.3999999999999999,-0.20000000000000018,0.0,0.0,2.5999999999999996,2.4000000000000004,0,2,AWAY,0,0
149,2024-12-01 13:00:00,La Liga,Villarreal,Girona,7.3,6.0,2.8,1.8,1.0,1.2,7.8,10.0,-2.2,2.0,1.4,2.4,0.8,2.0,0.8,0.4,0.0,0.2,0.4,0.0,0.4,0.6,0.4,0.6000000000000001,1.2,1.2,,,,0,5.0,5.0,0,1.2999999999999998,0.9999999999999998,0.19999999999999996,0.0,0.0,4.0,2.8,2,2,DRAW,1,1
513,2024-12-01 13:30:00,Premier League,Manchester United,Everton,5.3,4.0,1.6,0.6,1.0,0.4,5.6,2.2,3.3999999999999995,1.4,1.0,1.2,1.0,1.6,1.0,-0.4,0.0,0.2,0.4,0.4,0.4,0.4,0.2,0.3999999999999999,1.2,1.2,,,,0,5.0,5.0,0,1.2999999999999998,1.0,-0.6,0.0,0.0,2.0,1.6,4,0,HOME,1,0
514,2024-12-01 13:30:00,Premier League,Tottenham,Fulham,6.0,4.7,2.6,1.4,1.0,1.8,6.7,6.7,0.0,1.8,1.6,2.4,1.4,1.2,1.0,1.2,0.4,0.0,0.4,0.2,0.0,0.6,0.4,0.19999999999999996,1.2,1.2,,,,0,5.0,5.0,0,1.2999999999999998,1.2000000000000002,0.8,0.0,0.0,4.4,2.4,1,1,DRAW,0,1
515,2024-12-01 13:30:00,Premier League,Chelsea,Aston Villa,5.3,3.3,1.4,1.4,1.2,2.0,5.6,1.1,4.5,1.8,1.4,1.8,1.6,1.2,2.0,0.6,-0.4,0.0,0.0,0.0,0.2,0.4,0.4,0.40000000000000013,1.2,1.2,,,,0,5.0,5.0,0,2.0,0.0,0.8,0.0,0.0,3.4,2.5999999999999996,3,0,HOME,1,0
901,2024-12-01 14:00:00,Serie A,Torino,Napoli,2.7,6.7,0.4,1.0,1.0,0.8,1.1,4.4,-3.3000000000000003,1.0,2.2,0.8,1.6,1.0,0.2,-0.2,1.4,0.4,0.8,0.4,0.2,0.2,0.6,-1.2000000000000002,1.2,1.2,,,,0,5.0,5.0,0,-4.0,-0.6,-0.19999999999999996,0.0,0.0,1.2000000000000002,2.0,0,1,AWAY,0,0
902,2024-12-01 14:00:00,Serie A,Parma,Lazio,3.3,10.0,1.2,2.8,1.6,0.4,3.3,10.0,-6.7,0.2,1.8,1.2,2.0,2.2,1.2,-1.0,0.8,0.0,0.2,0.2,0.2,0.0,0.6,-1.6,1.2,1.2,,,,0,5.0,5.0,0,-6.7,-1.5999999999999999,-1.2000000000000002,0.0,0.0,1.6,4.4,3,1,HOME,1,1
1253,2024-12-01 14:30:00,Bundesliga,FSV Mainz 05,1899 Hoffenheim,5.3,5.3,1.4,1.4,0.8,1.2,7.8,4.4,3.3999999999999995,0.8,0.6,1.0,0.6,1.6,1.2,-0.6,-0.6,0.0,0.4,0.4,0.4,0.2,0.0,0.20000000000000007,1.2,1.2,,,,0,5.0,5.0,0,0.0,0.0,0.3999999999999999,0.0,0.0,2.5999999999999996,2.2,2,0,HOME,0,0
150,2024-12-01 15:15:00,La Liga,Real Madrid,Getafe,8.0,4.7,2.2,1.2,1.0,0.6,6.7,6.7,0.0,2.4,0.8,2.6,1.0,1.4,1.0,1.2,0.0,0.4,0.2,0.2,0.4,0.8,0.2,1.5999999999999999,1.2,1.2,,,,0,5.0,5.0,0,3.3,1.0000000000000002,-0.4,0.0,0.0,2.8000000000000003,2.2,2,0,HOME,0,0
516,2024-12-01 16:00:00,Premier League,Liverpool,Manchester City,8.7,4.0,2.2,1.0,1.2,1.8,10.0,0.0,10.0,2.4,1.4,1.8,1.6,0.6,1.4,1.2,0.2,0.4,0.0,0.2,0.0,0.8,0.4,1.0,1.2,1.2,,,,0,5.0,5.0,0,4.699999999999999,1.2000000000000002,0.6000000000000001,0.0,0.0,4.0,2.2,2,0,HOME,0,0
1254,2024-12-01 16:30:00,Bundesliga,1. FC Heidenheim,Eintracht Frankfurt,0.7,6.7,1.0,2.6,2.4,1.4,0.0,10.0,-10.0,0.8,2.0,1.0,2.2,1.4,1.6,-0.4,0.6,0.4,0.0,0.6,0.0,0.2,0.6,-1.2,1.2,1.2,,,,0,5.0,5.0,0,-6.0,-1.6,-1.0,0.0,0.0,2.4,5.0,0,4,AWAY,1,0
151,2024-12-01 17:30:00,La Liga,Rayo Vallecano,Athletic Club,4.0,6.0,1.4,1.4,1.0,0.6,3.3,5.6,-2.3,1.6,1.6,1.4,1.4,1.2,1.0,0.2,0.4,0.2,0.4,0.0,0.2,0.4,0.4,0.0,1.2,1.2,,,,0,5.0,5.0,0,-2.0,0.0,-0.4,0.0,0.0,2.0,2.4,1,2,AWAY,1,1
903,2024-12-01 19:45:00,Serie A,Lecce,Juventus,4.7,6.0,0.6,2.0,0.6,1.2,4.4,7.8,-3.3999999999999995,1.6,1.8,1.0,1.8,1.8,0.8,-0.8,1.0,0.4,0.8,0.2,0.4,0.4,0.4,-0.19999999999999996,1.2,1.2,,,,0,5.0,5.0,0,-1.2999999999999998,-1.4,0.6,0.0,0.0,1.7999999999999998,2.6,1,1,DRAW,0,1
152,2024-12-01 20:00:00,La Liga,Real Sociedad,Real Betis,6.0,5.3,0.8,1.6,0.6,1.6,6.7,2.2,4.5,1.4,1.0,1.0,1.2,1.0,1.6,0.0,-0.4,0.4,0.0,0.4,0.2,0.4,0.2,0.3999999999999999,1.2,1.2,,,,0,5.0,5.0,0,0.7000000000000002,-0.8,1.0,0.0,0.0,2.4000000000000004,2.2,2,0,HOME,0,0
904,2024-12-02 19:45:00,Serie A,AS Roma,Atalanta,2.0,10.0,1.2,3.2,2.4,0.6,0.0,10.0,-10.0,1.8,2.0,1.6,1.8,1.0,1.2,0.6,0.6,0.4,0.4,0.2,0.2,0.6,0.6,-0.19999999999999996,1.2,1.2,,,,0,5.0,5.0,0,-8.0,-2.0,-1.7999999999999998,0.0,0.0,1.7999999999999998,5.6,0,2,AWAY,0,0
153,2024-12-02 20:00:00,La Liga,Sevilla,Osasuna,6.0,4.7,1.2,1.2,0.6,1.6,3.3,4.4,-1.1000000000000005,2.4,1.0,1.0,0.8,0.6,1.6,0.4,-0.8,0.6,0.4,0.2,0.4,0.8,0.2,1.4,1.2,1.2,,,,0,5.0,5.0,0,1.2999999999999998,0.0,1.0,0.0,0.0,2.8,1.7999999999999998,1,1,DRAW,0,1
154,2024-12-03 18:00:00,La Liga,Mallorca,Barcelona,4.7,4.7,1.0,2.0,1.0,1.2,6.7,1.1,5.6,2.0,1.4,0.8,2.2,0.4,1.4,0.4,0.8,0.6,0.4,0.4,0.2,0.6,0.4,0.6000000000000001,1.2,1.2,,,,0,5.0,5.0,0,0.0,-1.0,0.19999999999999996,0.0,0.0,2.2,3.0,1,5,AWAY,1,1
517,2024-12-03 19:30:00,Premier League,Ipswich,Crystal Palace,3.3,4.0,1.4,1.2,1.6,1.4,4.4,2.2,2.2,0.8,0.6,1.0,1.2,1.4,1.6,-0.4,-0.4,0.0,0.0,0.2,0.2,0.0,0.0,0.20000000000000007,1.2,1.2,,,,0,5.0,5.0,0,-0.7000000000000002,0.19999999999999996,-0.20000000000000018,0.0,0.0,2.8,2.8,0,1,AWAY,0,0
518,2024-12-03 20:15:00,Premier League,Leicester,West Ham,0.7,4.7,0.8,1.2,2.6,1.8,0.0,4.4,-4.4,0.8,1.0,1.0,1.0,1.6,1.8,-0.6,-0.8,0.2,0.2,0.0,0.2,0.2,0.2,-0.19999999999999996,1.2,1.2,,,,0,5.0,5.0,0,-4.0,-0.3999999999999999,-0.8,0.0,0.0,2.6,3.8,3,1,HOME,1,1
519,2024-12-04 19:30:00,Premier League,Newcastle,Liverpool,4.7,8.7,1.2,2.2,1.2,1.0,4.4,10.0,-5.6,1.4,2.6,0.8,2.2,1.0,1.0,-0.2,1.2,0.2,0.4,0.4,0.0,0.4,0.8,-1.2000000000000002,1.2,1.2,,,,0,5.0,5.0,0,-3.999999999999999,-1.0000000000000002,-0.19999999999999996,0.0,0.0,2.2,3.4000000000000004,3,3,DRAW,1,1
520,2024-12-04 19:30:00,Premier League,Southampton,Chelsea,2.7,7.3,0.8,1.8,1.4,0.8,1.1,7.8,-6.699999999999999,0.8,2.0,1.2,1.6,2.0,0.8,-0.8,0.8,0.2,0.4,0.2,0.0,0.2,0.6,-1.2,1.2,1.2,,,,0,5.0,5.0,0,-4.6,-1.0,-0.5999999999999999,0.0,0.0,1.6,3.2,1,5,AWAY,1,1
521,2024-12-04 19:30:00,Premier League,Everton,Wolves,2.0,5.3,0.2,2.4,1.2,1.8,2.2,6.7,-4.5,1.2,1.0,1.0,2.2,1.0,2.4,0.0,-0.2,0.4,0.0,0.4,0.0,0.2,0.2,0.19999999999999996,1.2,1.2,,,,0,5.0,5.0,0,-3.3,-2.1999999999999997,0.6000000000000001,0.0,0.0,2.0,3.5999999999999996,4,0,HOME,1,0
522,2024-12-04 19:30:00,Premier League,Manchester City,Nottingham Forest,2.0,6.0,0.6,1.6,2.0,1.4,0.0,3.3,-3.3,2.0,1.6,1.6,1.4,1.8,1.4,-0.2,0.0,0.2,0.2,0.2,0.2,0.6,0.4,0.3999999999999999,1.2,1.2,,,,0,5.0,5.0,0,-4.0,-1.0,-0.6000000000000001,0.0,0.0,2.0,3.6,3,0,HOME,1,0
155,2024-12-04 20:00:00,La Liga,Athletic Club,Real Madrid,6.0,8.0,1.0,2.2,0.6,1.0,7.8,10.0,-2.2,2.2,2.2,2.0,1.8,0.8,0.6,1.2,1.2,0.2,0.4,0.0,0.0,0.6,0.6,0.0,1.2,1.2,,,,0,5.0,5.0,0,-2.0,-1.2000000000000002,0.4,0.0,0.0,2.0,2.8000000000000003,2,1,HOME,1,1
523,2024-12-04 20:15:00,Premier League,Arsenal,Manchester United,5.3,5.3,2.2,2.0,1.2,0.8,7.8,7.8,0.0,2.2,1.2,2.6,1.0,1.2,0.6,1.4,0.4,0.2,0.6,0.0,0.4,0.6,0.2,1.0000000000000002,1.2,1.2,,,,0,5.0,5.0,0,0.0,0.20000000000000018,-0.3999999999999999,0.0,0.0,3.0,3.2,2,0,HOME,0,0
524,2024-12-04 20:15:00,Premier League,Aston Villa,Brentford,1.3,6.7,0.8,2.4,2.4,1.6,1.1,7.8,-6.699999999999999,1.8,0.2,1.8,0.8,1.2,1.8,0.6,-1.0,0.2,0.2,0.2,0.2,0.4,0.0,1.6,1.2,1.2,,,,0,5.0,5.0,0,-5.4,-1.5999999999999999,-0.7999999999999998,0.0,0.0,2.4000000000000004,4.8,3,1,HOME,1,1
525,2024-12-05 19:30:00,Premier League,Fulham,Brighton,5.3,5.3,1.4,1.6,1.4,1.4,4.4,7.8,-3.3999999999999995,1.4,1.4,1.6,1.4,2.0,1.6,-0.4,-0.2,0.0,0.2,0.0,0.0,0.4,0.4,0.0,1.2,1.2,,,,0,5.0,5.0,0,0.0,-0.20000000000000018,0.0,0.0,0.0,2.8,3.0,3,1,HOME,1,1
526,2024-12-05 20:15:00,Premier League,Bournemouth,Tottenham,4.7,4.7,2.0,2.0,1.8,1.0,3.3,4.4,-1.1000000000000005,1.8,1.2,1.6,2.0,1.0,1.2,0.6,0.8,0.2,0.4,0.2,0.2,0.6,0.4,0.6000000000000001,1.2,1.2,,,,0,5.0,5.0,0,0.0,0.0,-0.8,0.0,0.0,3.0,3.8,1,0,HOME,0,0
905,2024-12-06 17:30:00,Serie A,Inter,Parma,7.3,4.7,2.8,1.6,1.0,1.6,7.8,6.7,1.0999999999999996,1.6,1.4,2.0,1.4,1.8,1.2,0.2,0.2,0.2,0.2,0.0,0.2,0.4,0.2,0.20000000000000018,1.2,1.2,,,,0,5.0,5.0,0,2.5999999999999996,1.1999999999999997,0.6000000000000001,0.0,0.0,4.4,2.6,3,1,HOME,1,1
1255,2024-12-06 19:30:00,Bundesliga,VfB Stuttgart,Union Berlin,5.3,1.3,1.6,0.4,1.2,1.4,4.4,1.1,3.3000000000000003,2.0,0.8,2.4,0.4,1.2,1.0,1.2,-0.6,0.2,0.4,0.0,0.8,0.6,0.2,1.2,1.2,1.2,,,,0,5.0,5.0,0,4.0,1.2000000000000002,0.19999999999999996,0.0,0.0,3.0,1.6,3,2,HOME,1,1
906,2024-12-06 19:45:00,Serie A,Atalanta,AC Milan,10.0,5.3,2.4,1.4,0.4,1.0,10.0,5.6,4.4,2.4,1.6,3.4,1.8,1.2,1.6,2.2,0.2,0.2,0.2,0.0,0.0,0.8,0.4,0.7999999999999998,1.2,1.2,,,,0,5.0,5.0,0,4.7,1.0,0.6,0.0,0.0,3.4,1.7999999999999998,2,1,HOME,1,1
156,2024-12-06 20:00:00,La Liga,Celta Vigo,Mallorca,3.3,4.0,1.2,1.2,2.0,2.0,2.2,6.7,-4.5,1.0,1.8,1.0,1.6,1.2,1.4,-0.2,0.2,0.2,0.0,0.2,0.2,0.2,0.6,-0.8,1.2,1.2,,,,0,5.0,5.0,0,-0.7000000000000002,0.0,0.0,0.0,0.0,3.2,3.2,2,0,HOME,0,0
157,2024-12-07 13:00:00,La Liga,Las Palmas,Valladolid,6.0,0.7,1.6,0.4,1.4,2.2,6.7,1.1,5.6,0.8,0.6,1.2,1.0,1.6,2.0,-0.4,-1.0,0.2,0.0,0.2,0.4,0.2,0.2,0.20000000000000007,1.2,1.2,,,,0,5.0,5.0,0,5.3,1.2000000000000002,0.8000000000000003,0.0,0.0,3.8000000000000003,1.7999999999999998,2,1,HOME,1,1
907,2024-12-07 14:00:00,Serie A,Genoa,Torino,5.3,0.7,1.2,0.2,0.8,1.2,5.6,1.1,4.5,0.6,0.6,1.0,1.4,1.8,2.2,-0.8,-0.8,0.0,0.0,0.4,0.4,0.0,0.2,0.0,1.2,1.2,,,,0,5.0,5.0,0,4.6,1.0,0.3999999999999999,0.0,0.0,2.4,1.0,0,0,DRAW,0,0
1256,2024-12-07 14:30:00,Bundesliga,Bayern München,1. FC Heidenheim,8.7,0.7,2.6,0.6,0.2,2.6,7.8,0.0,7.8,2.6,0.6,2.6,1.6,0.2,2.6,2.4,-1.0,0.8,0.2,0.0,0.2,0.8,0.2,2.0,1.2,1.2,,,,0,5.0,5.0,0,7.999999999999999,2.0,2.4,0.0,0.0,5.2,0.8,4,2,HOME,1,1
1257,2024-12-07 14:30:00,Bundesliga,Bayer Leverkusen,FC St. Pauli,6.0,4.7,2.0,1.0,1.2,0.8,7.8,3.3,4.5,2.2,1.2,2.6,1.4,1.6,1.4,1.0,0.0,0.2,0.4,0.2,0.2,0.6,0.4,1.0000000000000002,1.2,1.2,,,,0,5.0,5.0,0,1.2999999999999998,1.0,-0.3999999999999999,0.0,0.0,2.8,2.2,2,1,HOME,1,1
1258,2024-12-07 14:30:00,Bundesliga,Eintracht Frankfurt,FC Augsburg,8.7,5.3,3.2,0.8,1.0,1.0,10.0,4.4,5.6,2.6,0.2,3.2,0.4,1.2,3.0,2.0,-2.6,0.4,0.0,0.0,0.6,0.8,0.0,2.4,1.2,1.2,,,,0,5.0,5.0,0,3.3999999999999995,2.4000000000000004,0.0,0.0,0.0,4.2,1.8,2,2,DRAW,1,1
1259,2024-12-07 14:30:00,Bundesliga,VfL Bochum,Werder Bremen,0.7,3.3,0.6,1.4,3.2,2.0,1.1,4.4,-3.3000000000000003,0.4,1.8,0.8,2.2,2.6,2.2,-1.8,0.0,0.0,0.0,0.4,0.2,0.0,0.6,-1.4,1.2,1.2,,,,0,5.0,5.0,0,-2.5999999999999996,-0.7999999999999999,-1.2000000000000002,0.0,0.0,2.6,4.6,0,1,AWAY,0,0
1260,2024-12-07 14:30:00,Bundesliga,Holstein Kiel,RB Leipzig,2.0,2.7,0.8,1.6,2.0,2.4,0.0,1.1,-1.1,0.6,1.4,0.8,1.4,3.0,1.2,-2.2,0.2,0.2,0.6,0.4,0.2,0.2,0.4,-0.7999999999999999,1.2,1.2,,,,0,5.0,5.0,0,-0.7000000000000002,-0.8,0.3999999999999999,0.0,0.0,3.2,3.6,0,2,AWAY,0,0
527,2024-12-07 15:00:00,Premier League,Crystal Palace,Manchester City,4.0,2.0,1.2,1.0,1.4,2.0,5.6,3.3,2.3,1.0,0.8,0.4,1.0,0.8,1.6,-0.4,-0.6,0.4,0.0,0.6,0.2,0.2,0.2,0.19999999999999996,1.2,1.2,,,,0,5.0,5.0,0,2.0,0.19999999999999996,0.6000000000000001,0.0,0.0,3.2,2.4,2,2,DRAW,1,1
528,2024-12-07 15:00:00,Premier League,Brentford,Newcastle,4.7,5.3,1.8,1.6,1.6,1.4,4.4,2.2,2.2,2.6,1.0,3.4,1.2,2.0,1.4,1.4,-0.2,0.0,0.2,0.0,0.2,0.8,0.2,1.6,1.2,1.2,,,,0,5.0,5.0,0,-0.5999999999999996,0.19999999999999996,-0.20000000000000018,0.0,0.0,3.2,3.2,4,2,HOME,1,1
529,2024-12-07 15:00:00,Premier League,Aston Villa,Southampton,2.7,2.7,1.2,1.0,2.4,2.2,4.4,1.1,3.3000000000000003,1.8,0.2,1.8,0.6,1.0,2.0,0.8,-1.4,0.2,0.0,0.2,0.4,0.4,0.0,1.6,1.2,1.2,,,,0,5.0,5.0,0,0.0,0.19999999999999996,-0.19999999999999973,0.0,0.0,3.4000000000000004,3.4,1,0,HOME,0,0
158,2024-12-07 15:15:00,La Liga,Real Betis,Barcelona,3.3,4.7,1.2,2.2,1.8,1.4,1.1,4.4,-3.3000000000000003,2.0,2.0,1.4,2.8,1.0,0.8,0.4,2.0,0.4,0.4,0.0,0.2,0.6,0.6,0.0,1.2,1.2,,,,0,5.0,5.0,0,-1.4000000000000004,-1.0000000000000002,-0.40000000000000013,0.0,0.0,2.5999999999999996,4.0,2,2,DRAW,1,1
908,2024-12-07 17:00:00,Serie A,Juventus,Bologna,6.0,8.0,1.4,1.8,0.6,1.0,5.6,6.7,-1.1000000000000005,1.8,2.0,1.2,1.8,0.6,1.6,0.6,0.2,0.6,0.2,0.2,0.2,0.4,0.6,-0.19999999999999996,1.2,1.2,,,,0,5.0,5.0,0,-2.0,-0.40000000000000013,0.4,0.0,0.0,2.4,2.4,2,2,DRAW,1,1
159,2024-12-07 17:30:00,La Liga,Valencia,Rayo Vallecano,3.3,4.0,1.6,2.0,1.6,1.6,4.4,3.3,1.1000000000000005,1.6,1.8,1.8,2.0,1.2,1.0,0.6,1.0,0.4,0.2,0.2,0.4,0.4,0.6,-0.19999999999999996,1.2,1.2,,,,0,5.0,5.0,0,-0.7000000000000002,-0.3999999999999999,0.0,0.0,0.0,3.2,3.6,0,1,AWAY,0,0
530,2024-12-07 17:30:00,Premier League,Manchester United,Nottingham Forest,5.3,4.0,1.8,1.0,0.8,1.8,4.4,3.3,1.1000000000000005,2.0,1.0,2.0,1.2,1.0,2.0,1.0,-0.8,0.4,0.0,0.2,0.4,0.6,0.2,1.0,1.2,1.2,,,,0,5.0,5.0,0,1.2999999999999998,0.8,1.0,0.0,0.0,3.6,1.8,2,3,AWAY,1,1
1261,2024-12-07 17:30:00,Bundesliga,Borussia Mönchengladbach,Borussia Dortmund,5.3,4.7,1.6,1.8,1.0,1.4,4.4,4.4,0.0,2.4,0.2,2.2,0.8,1.2,2.4,1.0,-1.6,0.4,0.2,0.0,0.2,0.8,0.0,2.1999999999999997,1.2,1.2,,,,0,5.0,5.0,0,0.5999999999999996,-0.19999999999999996,0.3999999999999999,0.0,0.0,3.0,2.8,1,1,DRAW,0,1
909,2024-12-07 19:45:00,Serie A,AS Roma,Lecce,2.0,5.3,1.0,0.8,1.8,0.6,0.0,5.6,-5.6,1.2,0.6,1.0,0.2,1.4,1.2,-0.4,-1.0,0.2,0.2,0.4,0.8,0.4,0.2,0.6,1.2,1.2,,,,0,5.0,5.0,0,-3.3,0.19999999999999996,-1.2000000000000002,0.0,0.0,1.6,2.6,4,1,HOME,1,1
160,2024-12-07 20:00:00,La Liga,Girona,Real Madrid,6.7,6.0,2.2,2.0,1.4,1.2,7.8,6.7,1.0999999999999996,2.0,2.0,2.0,1.8,1.2,0.8,0.8,1.0,0.2,0.4,0.4,0.0,0.6,0.6,0.0,1.2,1.2,,,,0,5.0,5.0,0,0.7000000000000002,0.20000000000000018,-0.19999999999999996,0.0,0.0,3.4000000000000004,3.4,0,3,AWAY,1,0
910,2024-12-08 11:30:00,Serie A,Fiorentina,Cagliari,10.0,3.3,2.4,1.4,0.4,1.8,10.0,5.6,4.4,2.6,1.0,2.8,1.4,1.2,1.8,1.6,-0.4,0.0,0.0,0.0,0.2,0.8,0.2,1.6,1.2,1.2,,,,0,5.0,5.0,0,6.7,1.0,1.4,0.0,0.0,4.2,1.7999999999999998,1,0,HOME,0,0
161,2024-12-08 13:00:00,La Liga,Leganes,Real Sociedad,4.7,6.0,1.6,1.0,1.6,0.6,4.4,6.7,-2.3,1.4,1.4,0.8,0.6,1.0,0.4,-0.2,0.2,0.6,0.6,0.6,0.6,0.4,0.4,0.0,1.2,1.2,,,,0,5.0,5.0,0,-1.2999999999999998,0.6000000000000001,-1.0,0.0,0.0,2.2,2.6,0,3,AWAY,1,0
531,2024-12-08 14:00:00,Premier League,Fulham,Arsenal,6.7,6.7,1.8,2.2,1.4,0.8,4.4,10.0,-5.6,1.8,1.0,2.0,1.6,2.0,1.6,0.0,0.0,0.0,0.0,0.0,0.4,0.6,0.2,0.8,1.2,1.2,,,,0,5.0,5.0,0,0.0,-0.40000000000000013,-0.5999999999999999,0.0,0.0,2.6,3.6,1,1,DRAW,0,1
532,2024-12-08 14:00:00,Premier League,Leicester,Brighton,2.7,4.7,1.2,1.4,2.2,1.6,3.3,4.4,-1.1000000000000005,1.4,1.2,1.4,1.4,1.4,2.0,0.0,-0.6,0.2,0.2,0.0,0.0,0.4,0.4,0.19999999999999996,1.2,1.2,,,,0,5.0,5.0,0,-2.0,-0.19999999999999996,-0.6000000000000001,0.0,0.0,2.8,3.6,2,2,DRAW,1,1
533,2024-12-08 14:00:00,Premier League,Ipswich,Bournemouth,3.3,6.0,0.8,2.0,1.0,1.6,1.1,6.7,-5.6,0.6,0.8,0.8,1.4,1.4,2.0,-0.6,-0.6,0.0,0.0,0.4,0.4,0.0,0.2,-0.20000000000000007,1.2,1.2,,,,0,5.0,5.0,0,-2.7,-1.2,0.6000000000000001,0.0,0.0,2.4000000000000004,3.0,1,2,AWAY,1,1
911,2024-12-08 14:00:00,Serie A,Hellas Verona,Empoli,2.0,3.3,0.8,0.6,2.4,1.6,0.0,2.2,-2.2,1.2,1.0,1.4,1.0,2.8,1.4,-1.4,-0.4,0.0,0.2,0.4,0.2,0.4,0.2,0.19999999999999996,1.2,1.2,,,,0,5.0,5.0,0,-1.2999999999999998,0.20000000000000007,-0.7999999999999998,0.0,0.0,2.4000000000000004,3.0,1,4,AWAY,1,1
1262,2024-12-08 14:30:00,Bundesliga,VfL Wolfsburg,FSV Mainz 05,7.3,7.3,2.0,1.8,0.6,0.4,10.0,10.0,0.0,1.0,2.2,1.4,2.4,1.8,1.0,-0.4,1.4,0.2,0.6,0.0,0.2,0.2,0.6,-1.2000000000000002,1.2,1.2,,,,0,5.0,5.0,0,0.0,0.19999999999999996,-0.19999999999999996,0.0,0.0,2.4,2.4,4,3,HOME,1,1
162,2024-12-08 15:15:00,La Liga,Athletic Club,Villarreal,7.3,5.3,1.4,2.6,0.8,1.2,10.0,2.2,7.8,2.2,1.4,1.8,2.0,0.8,1.4,1.0,0.6,0.2,0.0,0.0,0.4,0.6,0.4,0.8000000000000003,1.2,1.2,,,,0,5.0,5.0,0,2.0,-1.2000000000000002,0.3999999999999999,0.0,0.0,2.5999999999999996,3.4000000000000004,2,0,HOME,0,0
534,2024-12-08 16:30:00,Premier League,Tottenham,Chelsea,4.7,7.3,2.0,2.4,1.0,0.8,4.4,10.0,-5.6,2.0,2.0,2.6,2.4,1.2,1.0,1.4,1.4,0.0,0.2,0.0,0.0,0.6,0.6,0.0,1.2,1.2,,,,0,5.0,5.0,0,-2.5999999999999996,-0.3999999999999999,-0.19999999999999996,0.0,0.0,2.8,3.4,3,4,AWAY,1,1
1263,2024-12-08 16:30:00,Bundesliga,1899 Hoffenheim,SC Freiburg,3.3,3.3,0.8,0.8,1.4,1.6,4.4,4.4,0.0,1.2,1.4,2.2,1.0,2.8,1.4,-0.6,-0.4,0.0,0.6,0.2,0.4,0.4,0.4,-0.19999999999999996,1.2,1.2,,,,0,5.0,5.0,0,0.0,0.0,0.20000000000000018,0.0,0.0,2.4000000000000004,2.2,1,1,DRAW,0,1
912,2024-12-08 17:00:00,Serie A,Venezia,Como,2.0,1.3,0.8,0.6,1.8,2.0,0.0,2.2,-2.2,1.2,0.8,1.2,1.0,1.4,1.6,-0.2,-0.6,0.2,0.0,0.4,0.4,0.4,0.2,0.3999999999999999,1.2,1.2,,,,0,5.0,5.0,0,0.7,0.20000000000000007,0.19999999999999996,0.0,0.0,2.8,2.4,2,2,DRAW,1,1
163,2024-12-08 17:30:00,La Liga,Osasuna,Alaves,5.3,3.3,1.2,1.0,1.4,1.6,2.2,2.2,0.0,2.0,0.8,2.0,0.8,1.4,1.6,0.6,-0.8,0.2,0.2,0.0,0.4,0.6,0.2,1.2,1.2,1.2,,,,0,5.0,5.0,0,2.0,0.19999999999999996,0.20000000000000018,0.0,0.0,2.8,2.4,2,2,DRAW,1,1
913,2024-12-08 19:45:00,Serie A,Napoli,Lazio,6.7,8.0,1.0,2.4,0.8,1.0,7.8,6.7,1.0999999999999996,2.4,1.8,1.4,2.0,0.8,1.4,0.6,0.6,0.6,0.2,0.2,0.2,0.8,0.6,0.5999999999999999,1.2,1.2,,,,0,5.0,5.0,0,-1.2999999999999998,-1.4,0.19999999999999996,0.0,0.0,2.0,3.2,0,1,AWAY,0,0
164,2024-12-08 20:00:00,La Liga,Atletico Madrid,Sevilla,8.0,4.7,2.0,1.0,0.4,1.0,10.0,7.8,2.2,2.6,1.8,2.2,1.8,0.6,1.4,1.6,0.4,0.4,0.4,0.0,0.2,0.8,0.6,0.8,1.2,1.2,,,,0,5.0,5.0,0,3.3,1.0,0.6,0.0,0.0,3.0,1.4,4,3,HOME,1,1
914,2024-12-09 19:45:00,Serie A,Monza,Udinese,1.3,0.7,0.4,0.8,1.2,2.0,2.2,1.1,1.1,0.4,0.2,0.8,0.8,1.4,2.0,-0.6,-1.2,0.0,0.0,0.4,0.4,0.0,0.0,0.2,1.2,1.2,,,,0,5.0,5.0,0,0.6000000000000001,-0.4,0.8,0.0,0.0,2.4,2.0,1,2,AWAY,1,1
165,2024-12-09 20:00:00,La Liga,Getafe,Espanyol,4.7,4.0,1.0,1.8,0.6,2.0,4.4,3.3,1.1000000000000005,1.6,0.6,1.2,1.4,0.6,2.6,0.6,-1.2,0.4,0.2,0.2,0.2,0.4,0.2,1.0,1.2,1.2,,,,0,5.0,5.0,0,0.7000000000000002,-0.8,1.4,0.0,0.0,3.0,2.4,1,0,HOME,0,0
535,2024-12-09 20:00:00,Premier League,West Ham,Wolves,2.7,4.7,1.0,2.0,2.2,2.2,3.3,3.3,0.0,1.4,0.8,1.6,2.0,2.0,3.0,-0.4,-1.0,0.2,0.0,0.4,0.2,0.4,0.2,0.5999999999999999,1.2,1.2,,,,0,5.0,5.0,0,-2.0,-1.0,0.0,0.0,0.0,3.2,4.2,2,1,HOME,1,1
1264,2024-12-13 19:30:00,Bundesliga,SC Freiburg,VfL Wolfsburg,4.0,8.7,0.8,2.8,1.2,1.2,4.4,10.0,-5.6,2.0,2.0,1.6,2.8,1.2,1.4,0.4,1.4,0.2,0.2,0.4,0.2,0.6,0.6,0.0,1.2,1.2,,,,0,5.0,5.0,0,-4.699999999999999,-1.9999999999999998,0.0,0.0,0.0,2.0,4.0,3,2,HOME,1,1
915,2024-12-13 19:45:00,Serie A,Empoli,Torino,5.3,1.3,1.4,0.2,1.2,1.0,4.4,2.2,2.2,1.0,0.2,0.4,0.8,1.0,1.8,-0.6,-1.0,0.4,0.2,0.6,0.6,0.2,0.0,0.8,1.2,1.2,,,,0,5.0,5.0,0,4.0,1.2,-0.19999999999999996,0.0,0.0,2.4,1.4,0,1,AWAY,0,0
166,2024-12-13 20:00:00,La Liga,Valladolid,Valencia,0.7,2.7,0.4,1.6,2.2,1.8,0.0,3.3,-3.3,0.2,0.4,0.8,0.4,2.4,1.8,-1.6,-1.4,0.0,0.2,0.2,0.6,0.0,0.0,-0.2,1.2,1.2,,,,0,5.0,5.0,0,-2.0,-1.2000000000000002,-0.40000000000000013,0.0,0.0,2.2,3.8000000000000003,1,0,HOME,0,0
167,2024-12-14 13:00:00,La Liga,Espanyol,Osasuna,2.0,4.0,1.0,1.2,2.2,1.8,3.3,3.3,0.0,1.8,1.2,1.8,0.8,1.6,1.2,0.2,-0.4,0.0,0.4,0.2,0.4,0.6,0.2,0.6000000000000001,1.2,1.2,,,,0,5.0,5.0,0,-2.0,-0.19999999999999996,-0.40000000000000013,0.0,0.0,2.8,3.4000000000000004,0,0,DRAW,0,0
916,2024-12-14 14:00:00,Serie A,Cagliari,Atalanta,3.3,10.0,1.4,2.4,1.6,0.6,4.4,10.0,-5.6,1.4,2.6,1.4,2.2,1.8,0.4,-0.4,1.8,0.2,0.6,0.4,0.0,0.4,0.8,-1.2000000000000002,1.2,1.2,,,,0,5.0,5.0,0,-6.7,-1.0,-1.0,0.0,0.0,2.0,4.0,0,1,AWAY,0,0
1265,2024-12-14 14:30:00,Bundesliga,Borussia Mönchengladbach,Holstein Kiel,5.3,2.0,1.6,0.6,1.0,2.0,4.4,0.0,4.4,2.6,0.4,2.2,1.4,0.8,2.2,1.4,-0.8,0.4,0.0,0.0,0.0,0.8,0.0,2.2,1.2,1.2,,,,0,5.0,5.0,0,3.3,1.0,1.0,0.0,0.0,3.6,1.6,4,1,HOME,1,1
1266,2024-12-14 14:30:00,Bundesliga,FSV Mainz 05,Bayern München,6.7,8.7,2.2,2.4,1.0,0.6,6.7,7.8,-1.0999999999999996,1.4,2.2,1.2,3.0,1.2,0.8,0.0,2.2,0.2,0.6,0.4,0.0,0.4,0.6,-0.8000000000000003,1.2,1.2,,,,0,5.0,5.0,0,-1.9999999999999991,-0.19999999999999973,-0.4,0.0,0.0,2.8000000000000003,3.4,2,1,HOME,1,1
1267,2024-12-14 14:30:00,Bundesliga,FC Augsburg,Bayer Leverkusen,4.0,7.3,0.8,2.0,1.2,1.0,4.4,10.0,-5.6,2.0,1.8,1.4,2.0,1.0,1.2,0.4,0.8,0.4,0.0,0.2,0.0,0.6,0.4,0.19999999999999996,1.2,1.2,,,,0,5.0,5.0,0,-3.3,-1.2,-0.19999999999999996,0.0,0.0,1.8,3.2,0,2,AWAY,0,0
1268,2024-12-14 14:30:00,Bundesliga,Union Berlin,VfL Bochum,0.7,0.7,0.6,0.6,1.8,2.4,0.0,0.0,0.0,1.6,0.0,1.2,1.0,1.0,3.4,0.2,-2.4,0.2,0.0,0.2,0.4,0.4,0.0,1.6,1.2,1.2,,,,0,5.0,5.0,0,0.0,0.0,0.5999999999999999,0.0,0.0,3.0,2.4,1,1,DRAW,0,1
536,2024-12-14 15:00:00,Premier League,Newcastle,Leicester,3.3,2.7,1.8,1.4,2.2,2.4,2.2,4.4,-2.2,1.0,0.8,1.0,1.4,1.4,2.8,-0.4,-1.4,0.2,0.0,0.4,0.2,0.2,0.2,0.19999999999999996,1.2,1.2,,,,0,5.0,5.0,0,0.5999999999999996,0.40000000000000013,0.19999999999999973,0.0,0.0,4.2,3.6,4,0,HOME,1,0
537,2024-12-14 15:00:00,Premier League,Wolves,Ipswich,4.0,2.7,1.8,0.8,2.2,1.2,0.0,0.0,0.0,0.8,0.8,1.6,1.4,2.0,2.2,-0.4,-0.8,0.2,0.0,0.0,0.2,0.2,0.2,0.0,1.2,1.2,,,,0,5.0,5.0,0,1.2999999999999998,1.0,-1.0000000000000002,0.0,0.0,3.0,3.0,1,2,AWAY,1,1
538,2024-12-14 15:00:00,Premier League,Liverpool,Fulham,8.7,5.3,2.4,1.6,1.2,1.4,7.8,5.6,2.2,3.0,1.6,2.2,1.4,0.4,1.0,1.8,0.4,0.6,0.4,0.0,0.0,1.0,0.4,1.4,1.2,1.2,,,,0,5.0,5.0,0,3.3999999999999995,0.7999999999999998,0.19999999999999996,0.0,0.0,3.8,2.8,2,2,DRAW,1,1
539,2024-12-14 15:00:00,Premier League,Arsenal,Everton,7.3,3.3,2.4,0.8,0.8,1.0,7.8,4.4,3.3999999999999995,2.6,1.0,2.8,0.6,1.0,1.2,1.8,-0.6,0.4,0.4,0.0,0.6,0.8,0.2,1.6,1.2,1.2,,,,0,5.0,5.0,0,4.0,1.5999999999999999,0.19999999999999996,0.0,0.0,3.4,1.6,0,0,DRAW,0,0
168,2024-12-14 15:15:00,La Liga,Mallorca,Girona,4.0,6.7,1.2,2.2,2.2,1.8,3.3,4.4,-1.1000000000000005,1.4,1.0,0.8,0.8,1.4,1.2,-0.6,-0.4,0.4,0.2,0.4,0.4,0.4,0.2,0.3999999999999999,1.2,1.2,,,,0,5.0,5.0,0,-2.7,-1.0000000000000002,-0.40000000000000013,0.0,0.0,3.0,4.4,2,1,HOME,1,1
917,2024-12-14 17:00:00,Serie A,Udinese,Napoli,2.7,4.7,0.8,0.6,1.6,1.0,4.4,6.7,-2.3,1.2,2.2,1.0,1.0,1.4,0.2,-0.4,0.8,0.4,0.8,0.4,0.2,0.4,0.6,-1.0000000000000002,1.2,1.2,,,,0,5.0,5.0,0,-2.0,0.20000000000000007,-0.6000000000000001,0.0,0.0,1.8,2.2,1,3,AWAY,1,1
169,2024-12-14 17:30:00,La Liga,Sevilla,Celta Vigo,4.7,5.3,1.6,1.6,1.4,1.4,4.4,4.4,0.0,2.0,0.8,1.0,1.0,0.8,2.2,0.2,-1.2,0.4,0.2,0.2,0.2,0.6,0.2,1.2,1.2,1.2,,,,0,5.0,5.0,0,-0.5999999999999996,0.0,0.0,0.0,0.0,3.0,3.0,1,0,HOME,0,0
540,2024-12-14 17:30:00,Premier League,Nottingham Forest,Aston Villa,4.0,4.7,1.0,1.2,2.2,1.6,6.7,6.7,0.0,1.8,0.8,1.2,1.2,0.8,2.4,0.4,-1.2,0.6,0.0,0.2,0.4,0.6,0.2,1.0,1.2,1.2,,,,0,5.0,5.0,0,-0.7000000000000002,-0.19999999999999996,-0.6000000000000001,0.0,0.0,2.6,3.4000000000000004,2,1,HOME,1,1
1269,2024-12-14 17:30:00,Bundesliga,FC St. Pauli,Werder Bremen,4.0,4.7,1.2,1.2,1.2,1.6,3.3,4.4,-1.1000000000000005,1.0,1.8,0.6,2.0,1.0,2.0,-0.4,0.0,0.4,0.2,0.8,0.2,0.2,0.6,-0.8,1.2,1.2,,,,0,5.0,5.0,0,-0.7000000000000002,0.0,0.40000000000000013,0.0,0.0,2.8,2.4,0,2,AWAY,0,0
918,2024-12-14 19:45:00,Serie A,Juventus,Venezia,6.0,0.7,1.4,0.6,0.6,1.8,3.3,1.1,2.1999999999999997,1.8,0.2,1.6,0.8,1.0,2.0,0.6,-1.2,0.4,0.0,0.0,0.4,0.4,0.0,1.6,1.2,1.2,,,,0,5.0,5.0,0,5.3,0.7999999999999999,1.2000000000000002,0.0,0.0,3.2,1.2,2,2,DRAW,1,1
170,2024-12-14 20:00:00,La Liga,Rayo Vallecano,Real Madrid,4.0,8.0,1.2,2.6,1.6,0.4,6.7,6.7,0.0,1.0,2.0,1.0,2.0,1.4,0.8,-0.4,1.2,0.2,0.4,0.0,0.0,0.2,0.6,-1.0,1.2,1.2,,,,0,5.0,5.0,0,-4.0,-1.4000000000000001,-1.2000000000000002,0.0,0.0,1.6,4.2,3,3,DRAW,1,1
919,2024-12-15 11:30:00,Serie A,Lecce,Monza,3.3,1.3,0.8,0.6,1.4,1.2,4.4,2.2,2.2,1.2,1.0,1.0,1.0,2.0,1.2,-1.0,-0.2,0.2,0.2,0.2,0.4,0.2,0.2,0.19999999999999996,1.2,1.2,,,,0,5.0,5.0,0,1.9999999999999998,0.20000000000000007,-0.19999999999999996,0.0,0.0,2.0,2.0,2,1,HOME,1,1
171,2024-12-15 13:00:00,La Liga,Atletico Madrid,Getafe,10.0,6.7,2.8,1.2,0.8,0.4,10.0,4.4,5.6,2.6,1.0,2.4,0.8,1.2,0.8,1.2,0.0,0.2,0.4,0.0,0.6,0.8,0.2,1.6,1.2,1.2,,,,0,5.0,5.0,0,3.3,1.5999999999999999,-0.4,0.0,0.0,3.1999999999999997,2.0,1,0,HOME,0,0
541,2024-12-15 14:00:00,Premier League,Brighton,Crystal Palace,5.3,4.0,1.6,1.2,1.6,1.4,2.2,5.6,-3.3999999999999995,1.8,1.0,2.0,1.2,1.6,1.4,0.4,-0.2,0.0,0.2,0.0,0.2,0.4,0.2,0.8,1.2,1.2,,,,0,5.0,5.0,0,1.2999999999999998,0.40000000000000013,-0.20000000000000018,0.0,0.0,3.0,2.8,1,3,AWAY,1,1
920,2024-12-15 14:00:00,Serie A,Bologna,Fiorentina,6.7,10.0,1.8,1.6,1.4,0.2,4.4,10.0,-5.6,1.8,2.6,1.2,2.0,0.4,0.0,0.8,2.0,0.6,1.0,0.2,0.2,0.4,0.8,-0.8,1.2,1.2,,,,0,5.0,5.0,0,-3.3,0.19999999999999996,-1.2,0.0,0.0,2.0,3.0,1,0,HOME,0,0
921,2024-12-15 14:00:00,Serie A,Parma,Hellas Verona,4.0,2.0,1.4,1.0,1.8,3.0,3.3,0.0,3.3,0.8,0.0,1.4,0.8,1.8,2.8,-0.4,-2.0,0.0,0.0,0.2,0.4,0.2,0.0,0.8,1.2,1.2,,,,0,5.0,5.0,0,2.0,0.3999999999999999,1.2,0.0,0.0,4.4,2.8,2,3,AWAY,1,1
1270,2024-12-15 14:30:00,Bundesliga,1. FC Heidenheim,VfB Stuttgart,0.0,5.3,1.0,1.8,3.4,1.4,0.0,7.8,-7.8,0.2,1.2,0.2,1.4,2.2,1.8,-2.0,-0.4,0.2,0.2,0.8,0.4,0.0,0.2,-1.0,1.2,1.2,,,,0,5.0,5.0,0,-5.3,-0.8,-2.0,0.0,0.0,2.4,5.2,1,3,AWAY,1,1
172,2024-12-15 15:15:00,La Liga,Alaves,Athletic Club,2.0,8.7,1.2,1.6,2.0,0.6,3.3,10.0,-6.7,1.4,1.6,1.2,1.2,1.6,0.8,-0.4,0.4,0.2,0.4,0.2,0.2,0.4,0.4,-0.20000000000000018,1.2,1.2,,,,0,5.0,5.0,0,-6.699999999999999,-0.40000000000000013,-1.4,0.0,0.0,1.7999999999999998,3.6,1,1,DRAW,0,1
542,2024-12-15 16:30:00,Premier League,Manchester City,Manchester United,2.7,4.7,1.2,2.0,2.0,1.2,4.4,3.3,1.1000000000000005,2.0,0.6,1.8,0.4,1.6,1.0,0.2,-0.6,0.4,0.4,0.2,0.6,0.6,0.0,1.4,1.2,1.2,,,,0,5.0,5.0,0,-2.0,-0.8,-0.8,0.0,0.0,2.4,4.0,1,2,AWAY,1,1
1271,2024-12-15 16:30:00,Bundesliga,Borussia Dortmund,1899 Hoffenheim,5.3,3.3,1.8,1.0,1.2,1.6,5.6,4.4,1.1999999999999993,2.6,0.6,2.6,0.4,1.0,1.0,1.6,-0.6,0.2,0.4,0.0,0.6,0.8,0.0,2.0,1.2,1.2,,,,0,5.0,5.0,0,2.0,0.8,0.40000000000000013,0.0,0.0,3.4000000000000004,2.2,1,1,DRAW,0,1
922,2024-12-15 17:00:00,Serie A,Como,AS Roma,2.0,2.0,0.8,1.6,1.4,2.0,2.2,3.3,-1.0999999999999996,1.0,0.4,1.2,1.0,2.2,2.2,-1.0,-1.2,0.0,0.0,0.2,0.2,0.2,0.0,0.6,1.2,1.2,,,,0,5.0,5.0,0,0.0,-0.8,0.6000000000000001,0.0,0.0,2.8,3.0,2,0,HOME,0,0
173,2024-12-15 17:30:00,La Liga,Villarreal,Real Betis,3.3,2.0,1.4,1.4,1.4,2.2,1.1,1.1,0.0,1.6,0.8,2.0,1.0,1.8,1.8,0.2,-0.8,0.2,0.0,0.0,0.4,0.4,0.2,0.8,1.2,1.2,,,,0,5.0,5.0,0,1.2999999999999998,0.0,0.8000000000000003,0.0,0.0,3.6,2.8,1,2,AWAY,1,1
174,2024-12-15 17:30:00,La Liga,Real Sociedad,Las Palmas,8.0,6.0,1.6,1.8,0.2,1.6,6.7,6.7,0.0,2.0,1.8,1.4,1.8,0.6,1.8,0.8,0.0,0.6,0.0,0.2,0.2,0.6,0.6,0.19999999999999996,1.2,1.2,,,,0,5.0,5.0,0,2.0,-0.19999999999999996,1.4000000000000001,0.0,0.0,3.2,2.0,0,0,DRAW,0,0
1272,2024-12-15 18:30:00,Bundesliga,RB Leipzig,Eintracht Frankfurt,2.7,8.7,1.4,3.4,2.2,1.2,3.3,7.8,-4.5,1.6,2.0,1.6,2.6,1.2,1.4,0.4,1.2,0.6,0.2,0.4,0.0,0.4,0.6,-0.3999999999999999,1.2,1.2,,,,0,5.0,5.0,0,-5.999999999999999,-2.0,-1.0000000000000002,0.0,0.0,2.5999999999999996,5.6,2,1,HOME,1,1
543,2024-12-15 19:00:00,Premier League,Southampton,Tottenham,0.7,2.7,0.8,1.8,2.4,1.6,1.1,1.1,0.0,0.8,1.2,1.4,1.8,2.4,1.0,-1.0,0.8,0.2,0.4,0.0,0.4,0.2,0.4,-0.3999999999999999,1.2,1.2,,,,0,5.0,5.0,0,-2.0,-1.0,-0.7999999999999998,0.0,0.0,2.4000000000000004,4.2,0,5,AWAY,1,0
544,2024-12-15 19:00:00,Premier League,Chelsea,Brentford,8.7,6.7,3.0,2.4,1.2,1.6,10.0,6.7,3.3,2.2,0.2,2.2,0.8,1.0,2.0,1.2,-1.2,0.2,0.2,0.0,0.2,0.6,0.0,2.0,1.2,1.2,,,,0,5.0,5.0,0,1.9999999999999991,0.6000000000000001,0.40000000000000013,0.0,0.0,4.6,3.5999999999999996,2,1,HOME,1,1
923,2024-12-15 19:45:00,Serie A,AC Milan,Genoa,5.3,6.0,1.6,1.2,1.0,0.6,4.4,5.6,-1.1999999999999993,2.0,1.2,1.4,0.8,0.4,2.0,1.0,-1.2,0.8,0.4,0.4,0.4,0.6,0.4,0.8,1.2,1.2,,,,0,5.0,5.0,0,-0.7000000000000002,0.40000000000000013,-0.4,0.0,0.0,2.2,2.2,0,0,DRAW,0,0
175,2024-12-15 20:00:00,La Liga,Barcelona,Leganes,3.3,2.7,2.0,1.0,1.6,2.2,4.4,1.1,3.3000000000000003,2.4,0.6,3.4,1.4,0.8,2.0,2.6,-0.6,0.4,0.0,0.0,0.0,0.8,0.0,1.7999999999999998,1.2,1.2,,,,0,5.0,5.0,0,0.5999999999999996,1.0,0.6000000000000001,0.0,0.0,4.2,2.6,0,1,AWAY,0,0
924,2024-12-16 19:45:00,Serie A,Lazio,Inter,8.0,8.7,1.6,2.6,0.8,0.4,6.7,7.8,-1.0999999999999996,3.0,2.6,2.4,2.6,0.6,0.6,1.8,2.0,0.4,0.6,0.0,0.0,1.0,0.8,0.3999999999999999,1.2,1.2,,,,0,5.0,5.0,0,-0.6999999999999993,-1.0,-0.4,0.0,0.0,2.0,3.4000000000000004,0,6,AWAY,1,0
545,2024-12-16 20:00:00,Premier League,Bournemouth,West Ham,6.0,4.7,2.0,1.4,1.6,1.8,10.0,3.3,6.7,2.4,0.8,1.8,1.0,0.8,2.2,1.0,-1.2,0.4,0.2,0.0,0.2,0.8,0.2,1.5999999999999999,1.2,1.2,,,,0,5.0,5.0,0,1.2999999999999998,0.6000000000000001,0.19999999999999996,0.0,0.0,3.8,3.0,1,1,DRAW,0,1
176,2024-12-18 20:30:00,La Liga,Villarreal,Rayo Vallecano,1.3,4.7,1.0,1.6,1.8,1.6,0.0,7.8,-7.8,1.6,1.8,2.0,1.8,1.2,0.8,0.8,1.0,0.2,0.4,0.0,0.4,0.4,0.6,-0.19999999999999996,1.2,1.2,,,,0,5.0,5.0,0,-3.4000000000000004,-0.6000000000000001,-0.19999999999999996,0.0,0.0,2.6,3.4000000000000004,1,1,DRAW,0,1
177,2024-12-18 20:30:00,La Liga,Espanyol,Valencia,2.7,2.7,0.8,1.2,1.6,1.4,1.1,0.0,1.1,1.4,0.4,1.2,0.4,1.2,1.4,0.0,-1.0,0.2,0.2,0.4,0.6,0.4,0.0,0.9999999999999999,1.2,1.2,,,,0,5.0,5.0,0,0.0,-0.3999999999999999,-0.20000000000000018,0.0,0.0,2.2,2.8,1,1,DRAW,0,1
1273,2024-12-20 19:30:00,Bundesliga,Bayern München,RB Leipzig,6.7,4.7,2.0,1.6,1.0,2.0,4.4,6.7,-2.3,2.6,1.8,3.0,1.8,0.6,1.2,2.4,0.6,0.6,0.6,0.0,0.0,0.8,0.6,0.8,1.2,1.2,,,,0,5.0,5.0,0,2.0,0.3999999999999999,1.0,0.0,0.0,4.0,2.6,5,1,HOME,1,1
925,2024-12-20 19:45:00,Serie A,Hellas Verona,AC Milan,2.0,4.0,1.0,1.4,3.0,1.0,3.3,4.4,-1.1000000000000005,1.2,1.4,1.2,1.6,3.0,1.6,-1.8,0.0,0.0,0.2,0.4,0.0,0.4,0.4,-0.19999999999999996,1.2,1.2,,,,0,5.0,5.0,0,-2.0,-0.3999999999999999,-2.0,0.0,0.0,2.0,4.4,0,1,AWAY,0,0
178,2024-12-20 20:00:00,La Liga,Girona,Valladolid,4.7,2.7,1.6,0.6,1.6,2.0,1.1,3.3,-2.1999999999999997,1.8,0.6,2.0,1.0,1.8,1.8,0.2,-0.8,0.0,0.0,0.4,0.4,0.6,0.2,1.2000000000000002,1.2,1.2,,,,0,5.0,5.0,0,2.0,1.0,0.3999999999999999,0.0,0.0,3.6,2.2,3,0,HOME,1,0
546,2024-12-21 12:30:00,Premier League,Aston Villa,Manchester City,4.7,2.7,1.4,1.2,1.6,2.0,6.7,4.4,2.3,1.8,0.8,1.4,1.2,0.8,1.8,0.6,-0.6,0.4,0.0,0.2,0.2,0.4,0.2,1.0,1.2,1.2,,,,0,5.0,5.0,0,2.0,0.19999999999999996,0.3999999999999999,0.0,0.0,3.4,2.8,2,1,HOME,1,1
179,2024-12-21 13:00:00,La Liga,Getafe,Mallorca,4.7,6.0,0.8,1.6,0.6,2.2,4.4,3.3,1.1000000000000005,1.6,1.2,1.0,1.2,0.6,1.6,0.4,-0.4,0.4,0.0,0.2,0.4,0.4,0.4,0.40000000000000013,1.2,1.2,,,,0,5.0,5.0,0,-1.2999999999999998,-0.8,1.6,0.0,0.0,3.0,2.2,0,1,AWAY,0,0
926,2024-12-21 14:00:00,Serie A,Torino,Bologna,3.3,6.7,0.4,1.8,0.8,1.4,4.4,7.8,-3.3999999999999995,0.8,1.6,0.8,1.8,1.2,1.8,-0.4,0.0,0.2,0.2,0.4,0.2,0.2,0.4,-0.8,1.2,1.2,,,,0,5.0,5.0,0,-3.4000000000000004,-1.4,0.5999999999999999,0.0,0.0,1.7999999999999998,2.6,0,2,AWAY,0,0
1274,2024-12-21 14:30:00,Bundesliga,Werder Bremen,Union Berlin,6.7,1.3,1.4,0.8,0.8,1.4,7.8,1.1,6.699999999999999,1.0,0.6,1.2,0.8,2.2,1.6,-1.0,-0.8,0.0,0.2,0.4,0.6,0.2,0.2,0.4,1.2,1.2,,,,0,5.0,5.0,0,5.4,0.5999999999999999,0.5999999999999999,0.0,0.0,2.8,1.6,4,1,HOME,1,1
1275,2024-12-21 14:30:00,Bundesliga,1899 Hoffenheim,Borussia Mönchengladbach,4.0,5.3,1.2,1.6,1.4,1.0,2.2,4.4,-2.2,1.4,0.4,2.2,0.6,2.2,1.6,0.0,-1.0,0.0,0.2,0.2,0.4,0.4,0.0,0.9999999999999999,1.2,1.2,,,,0,5.0,5.0,0,-1.2999999999999998,-0.40000000000000013,-0.3999999999999999,0.0,0.0,2.2,3.0,1,2,AWAY,1,1
1276,2024-12-21 14:30:00,Bundesliga,Eintracht Frankfurt,FSV Mainz 05,6.7,8.0,2.2,2.6,1.2,1.2,4.4,6.7,-2.3,2.2,2.0,3.0,2.4,1.4,1.2,1.6,1.2,0.4,0.6,0.0,0.2,0.6,0.6,0.20000000000000018,1.2,1.2,,,,0,5.0,5.0,0,-1.2999999999999998,-0.3999999999999999,0.0,0.0,0.0,3.4000000000000004,3.8,1,3,AWAY,1,1
1277,2024-12-21 14:30:00,Bundesliga,VfB Stuttgart,FC St. Pauli,6.7,2.0,2.4,0.8,1.6,1.6,7.8,3.3,4.5,2.0,1.2,2.0,1.4,1.4,1.2,0.6,0.2,0.2,0.4,0.0,0.2,0.6,0.4,0.8,1.2,1.2,,,,0,5.0,5.0,0,4.7,1.5999999999999999,0.0,0.0,0.0,4.0,2.4000000000000004,0,1,AWAY,0,0
1278,2024-12-21 14:30:00,Bundesliga,Holstein Kiel,FC Augsburg,0.0,3.3,0.6,0.6,2.8,1.4,0.0,4.4,-4.4,0.6,0.4,0.6,0.8,2.2,2.6,-1.6,-1.8,0.2,0.0,0.6,0.4,0.2,0.0,0.19999999999999996,1.2,1.2,,,,0,5.0,5.0,0,-3.3,0.0,-1.4,0.0,0.0,2.0,3.4,5,1,HOME,1,1
547,2024-12-21 15:00:00,Premier League,West Ham,Brighton,4.7,3.3,1.6,1.4,2.0,2.0,4.4,1.1,3.3000000000000003,2.0,1.4,2.0,1.4,1.6,1.6,0.4,-0.2,0.2,0.2,0.2,0.0,0.6,0.4,0.6000000000000001,1.2,1.2,,,,0,5.0,5.0,0,1.4000000000000004,0.20000000000000018,0.0,0.0,0.0,3.6,3.4,1,1,DRAW,0,1
548,2024-12-21 15:00:00,Premier League,Brentford,Nottingham Forest,4.7,6.0,2.0,1.2,1.6,1.8,3.3,6.7,-3.4000000000000004,3.0,1.4,4.0,1.4,2.2,2.0,1.8,-0.6,0.0,0.0,0.0,0.4,1.0,0.4,1.6,1.2,1.2,,,,0,5.0,5.0,0,-1.2999999999999998,0.8,0.19999999999999996,0.0,0.0,3.8,2.8,0,2,AWAY,0,0
549,2024-12-21 15:00:00,Premier League,Ipswich,Newcastle,2.7,3.3,0.8,2.0,1.2,2.0,3.3,4.4,-1.1000000000000005,0.4,1.0,0.6,1.4,1.4,1.6,-0.8,-0.2,0.0,0.2,0.4,0.2,0.0,0.2,-0.6,1.2,1.2,,,,0,5.0,5.0,0,-0.5999999999999996,-1.2,0.8,0.0,0.0,2.8,3.2,0,4,AWAY,1,0
180,2024-12-21 15:15:00,La Liga,Celta Vigo,Real Sociedad,3.3,6.7,1.4,1.2,1.6,0.2,3.3,7.8,-4.5,1.6,2.0,1.4,1.2,1.0,0.2,0.4,1.0,0.4,0.8,0.0,0.4,0.4,0.6,-0.3999999999999999,1.2,1.2,,,,0,5.0,5.0,0,-3.4000000000000004,0.19999999999999996,-1.4000000000000001,0.0,0.0,1.5999999999999999,2.8,2,0,HOME,0,0
927,2024-12-21 17:00:00,Serie A,Genoa,Napoli,4.7,6.7,1.0,1.2,0.6,0.6,5.6,6.7,-1.1000000000000005,0.8,2.6,1.0,1.6,1.2,0.4,-0.2,1.2,0.2,0.6,0.4,0.0,0.0,0.8,-1.8,1.2,1.2,,,,0,5.0,5.0,0,-2.0,-0.19999999999999996,0.0,0.0,0.0,1.6,1.7999999999999998,1,2,AWAY,1,1
181,2024-12-21 17:30:00,La Liga,Osasuna,Athletic Club,2.7,8.7,1.0,1.6,1.8,0.6,3.3,7.8,-4.5,1.6,1.2,2.0,1.0,1.6,1.0,0.4,0.0,0.2,0.2,0.0,0.2,0.4,0.2,0.40000000000000013,1.2,1.2,,,,0,5.0,5.0,0,-5.999999999999999,-0.6000000000000001,-1.2000000000000002,0.0,0.0,1.6,3.4000000000000004,1,2,AWAY,1,1
550,2024-12-21 17:30:00,Premier League,Crystal Palace,Arsenal,6.0,7.3,1.8,2.2,1.2,0.6,7.8,5.6,2.2,1.0,1.0,0.8,1.4,1.2,1.4,-0.4,0.0,0.2,0.0,0.4,0.4,0.2,0.2,0.0,1.2,1.2,,,,0,5.0,5.0,0,-1.2999999999999998,-0.40000000000000013,-0.6,0.0,0.0,2.4,3.4000000000000004,1,5,AWAY,1,1
1279,2024-12-21 17:30:00,Bundesliga,Bayer Leverkusen,SC Freiburg,8.7,5.3,2.4,1.4,1.0,1.6,10.0,7.8,2.2,2.2,1.0,2.2,0.6,1.2,1.6,1.0,-1.0,0.2,0.4,0.2,0.4,0.6,0.2,1.2000000000000002,1.2,1.2,,,,0,5.0,5.0,0,3.3999999999999995,1.0,0.6000000000000001,0.0,0.0,4.0,2.4,5,1,HOME,1,1
928,2024-12-21 19:45:00,Serie A,Lecce,Lazio,5.3,6.0,1.2,1.2,1.4,1.8,4.4,3.3,1.1000000000000005,1.6,1.8,1.0,1.6,1.8,1.0,-0.8,0.6,0.2,0.4,0.2,0.2,0.4,0.6,-0.19999999999999996,1.2,1.2,,,,0,5.0,5.0,0,-0.7000000000000002,0.0,0.40000000000000013,0.0,0.0,3.0,2.5999999999999996,1,2,AWAY,1,1
182,2024-12-21 20:00:00,La Liga,Barcelona,Atletico Madrid,3.3,10.0,2.0,2.6,1.6,0.8,4.4,10.0,-5.6,1.8,2.0,2.0,1.6,1.0,0.4,1.0,1.2,0.2,0.6,0.2,0.2,0.6,0.6,-0.19999999999999996,1.2,1.2,,,,0,5.0,5.0,0,-6.7,-0.6000000000000001,-0.8,0.0,0.0,2.8,4.2,1,2,AWAY,1,1
929,2024-12-22 11:30:00,Serie A,AS Roma,Parma,2.0,4.0,1.2,1.8,1.8,2.2,3.3,3.3,0.0,1.2,1.2,1.4,1.2,1.4,1.4,0.0,-0.2,0.2,0.2,0.4,0.2,0.4,0.2,0.0,1.2,1.2,,,,0,5.0,5.0,0,-2.0,-0.6000000000000001,0.40000000000000013,0.0,0.0,3.4000000000000004,3.6,5,0,HOME,1,0
183,2024-12-22 13:00:00,La Liga,Valencia,Alaves,2.7,2.7,1.2,1.4,1.4,1.6,1.1,3.3,-2.1999999999999997,1.4,1.0,1.6,1.2,1.2,1.8,0.4,-0.6,0.4,0.2,0.4,0.2,0.4,0.2,0.3999999999999999,1.2,1.2,,,,0,5.0,5.0,0,0.0,-0.19999999999999996,0.20000000000000018,0.0,0.0,2.8,2.8,2,2,DRAW,1,1
551,2024-12-22 14:00:00,Premier League,Manchester United,Bournemouth,4.7,6.7,1.8,1.8,1.4,1.2,3.3,7.8,-4.5,2.0,1.4,2.4,1.8,1.0,1.6,1.4,0.2,0.4,0.0,0.0,0.2,0.6,0.4,0.6000000000000001,1.2,1.2,,,,0,5.0,5.0,0,-2.0,0.0,-0.19999999999999996,0.0,0.0,3.0,3.2,0,3,AWAY,1,0
552,2024-12-22 14:00:00,Premier League,Fulham,Southampton,4.0,0.7,1.6,0.8,1.8,3.0,5.6,0.0,5.6,1.4,0.2,1.6,0.4,2.0,1.6,-0.4,-1.2,0.0,0.0,0.0,0.6,0.4,0.0,1.2,1.2,1.2,,,,0,5.0,5.0,0,3.3,0.8,1.2,0.0,0.0,4.6,2.6,0,0,DRAW,0,0
553,2024-12-22 14:00:00,Premier League,Everton,Chelsea,4.0,10.0,0.8,3.2,0.8,1.2,4.4,10.0,-5.6,1.8,2.0,1.4,2.6,0.4,1.6,1.0,1.0,0.6,0.0,0.4,0.0,0.4,0.6,-0.19999999999999996,1.2,1.2,,,,0,5.0,5.0,0,-6.0,-2.4000000000000004,0.3999999999999999,0.0,0.0,2.0,4.0,0,0,DRAW,0,0
554,2024-12-22 14:00:00,Premier League,Leicester,Wolves,2.7,2.0,1.4,1.6,2.6,2.6,4.4,0.0,4.4,1.4,0.8,1.6,2.0,1.6,2.8,0.0,-0.8,0.2,0.0,0.0,0.2,0.4,0.2,0.5999999999999999,1.2,1.2,,,,0,5.0,5.0,0,0.7000000000000002,-0.20000000000000018,0.0,0.0,0.0,4.0,4.2,0,3,AWAY,1,0
930,2024-12-22 14:00:00,Serie A,Venezia,Cagliari,1.3,3.3,1.0,1.2,2.0,1.4,2.2,3.3,-1.0999999999999996,0.8,0.4,1.2,0.8,1.8,1.6,-0.6,-0.8,0.0,0.0,0.4,0.4,0.2,0.0,0.4,1.2,1.2,,,,0,5.0,5.0,0,-1.9999999999999998,-0.19999999999999996,-0.6000000000000001,0.0,0.0,2.4,3.2,2,1,HOME,1,1
1280,2024-12-22 14:30:00,Bundesliga,VfL Bochum,1. FC Heidenheim,1.3,0.0,0.4,1.2,1.2,3.8,1.1,0.0,1.1,0.4,0.6,0.8,1.6,2.4,2.6,-1.6,-1.0,0.0,0.2,0.4,0.2,0.0,0.2,-0.19999999999999996,1.2,1.2,,,,0,5.0,5.0,0,1.3,-0.7999999999999999,2.5999999999999996,0.0,0.0,4.2,2.4,2,0,HOME,0,0
184,2024-12-22 15:15:00,La Liga,Real Madrid,Sevilla,6.7,6.7,2.4,1.8,1.0,1.2,4.4,6.7,-2.3,2.4,1.8,2.2,2.2,1.2,1.2,1.0,1.0,0.6,0.4,0.2,0.2,0.8,0.6,0.5999999999999999,1.2,1.2,,,,0,5.0,5.0,0,0.0,0.5999999999999999,0.19999999999999996,0.0,0.0,3.5999999999999996,2.8,4,2,HOME,1,1
555,2024-12-22 16:30:00,Premier League,Tottenham,Liverpool,4.7,7.3,2.6,2.4,1.2,1.4,3.3,5.6,-2.3,1.4,2.2,2.6,2.2,1.8,1.6,0.8,0.6,0.0,0.2,0.0,0.0,0.4,0.6,-0.8000000000000003,1.2,1.2,,,,0,5.0,5.0,0,-2.5999999999999996,0.20000000000000018,0.19999999999999996,0.0,0.0,4.0,3.5999999999999996,3,6,AWAY,1,1
1281,2024-12-22 16:30:00,Bundesliga,VfL Wolfsburg,Borussia Dortmund,8.0,4.0,3.0,1.6,1.6,1.2,6.7,3.3,3.4000000000000004,1.6,0.2,2.0,1.0,2.0,2.6,0.0,-1.6,0.2,0.0,0.0,0.0,0.4,0.0,1.4000000000000001,1.2,1.2,,,,0,5.0,5.0,0,4.0,1.4,-0.40000000000000013,0.0,0.0,4.2,3.2,1,3,AWAY,1,1
931,2024-12-22 17:00:00,Serie A,Atalanta,Empoli,10.0,3.3,2.0,1.2,0.6,1.4,10.0,3.3,6.7,3.0,1.0,3.4,1.4,0.8,1.6,2.6,-0.2,0.2,0.0,0.0,0.2,1.0,0.2,2.0,1.2,1.2,,,,0,5.0,5.0,0,6.7,0.8,0.7999999999999999,0.0,0.0,3.4,1.7999999999999998,3,2,HOME,1,1
185,2024-12-22 17:30:00,La Liga,Las Palmas,Espanyol,6.7,3.3,1.8,0.8,1.2,1.0,7.8,2.2,5.6,1.4,0.6,1.2,1.2,1.2,2.0,0.0,-0.8,0.2,0.2,0.2,0.4,0.4,0.2,0.7999999999999999,1.2,1.2,,,,0,5.0,5.0,0,3.4000000000000004,1.0,-0.19999999999999996,0.0,0.0,2.8,2.0,1,0,HOME,0,0
186,2024-12-22 17:30:00,La Liga,Leganes,Villarreal,4.7,1.3,0.6,0.8,1.4,1.6,4.4,1.1,3.3000000000000003,1.4,1.4,0.8,2.0,1.2,1.4,-0.4,0.6,0.6,0.0,0.6,0.4,0.4,0.4,0.0,1.2,1.2,,,,0,5.0,5.0,0,3.4000000000000004,-0.20000000000000007,0.20000000000000018,0.0,0.0,2.2,2.2,2,5,AWAY,1,1
932,2024-12-22 19:45:00,Serie A,Monza,Juventus,1.3,4.7,0.8,1.4,1.4,1.0,1.1,3.3,-2.1999999999999997,0.4,1.8,0.8,2.0,1.4,1.0,-0.6,1.0,0.0,0.6,0.4,0.2,0.0,0.4,-1.4,1.2,1.2,,,,0,5.0,5.0,0,-3.4000000000000004,-0.5999999999999999,-0.3999999999999999,0.0,0.0,1.8,2.8,1,2,AWAY,1,1
187,2024-12-22 20:00:00,La Liga,Real Betis,Rayo Vallecano,3.3,5.3,1.6,1.8,2.2,1.6,4.4,5.6,-1.1999999999999993,1.6,2.0,1.4,2.0,1.2,0.8,0.2,1.2,0.4,0.4,0.0,0.2,0.4,0.6,-0.3999999999999999,1.2,1.2,,,,0,5.0,5.0,0,-2.0,-0.19999999999999996,-0.6000000000000001,0.0,0.0,3.2,4.0,1,1,DRAW,0,1
933,2024-12-23 17:30:00,Serie A,Fiorentina,Udinese,8.0,2.7,1.4,1.0,0.4,1.8,6.7,3.3,3.4000000000000004,3.0,0.8,2.6,1.2,0.8,1.6,1.8,-0.4,0.2,0.0,0.0,0.2,1.0,0.2,2.2,1.2,1.2,,,,0,5.0,5.0,0,5.3,0.3999999999999999,1.4,0.0,0.0,3.2,1.4,1,2,AWAY,1,1
934,2024-12-23 19:45:00,Serie A,Inter,Como,8.7,4.0,3.2,1.2,0.4,1.2,10.0,5.6,4.4,2.2,0.4,2.4,0.8,1.6,1.6,0.8,-0.8,0.2,0.0,0.0,0.4,0.6,0.0,1.8000000000000003,1.2,1.2,,,,0,5.0,5.0,0,4.699999999999999,2.0,0.7999999999999999,0.0,0.0,4.4,1.6,2,0,HOME,0,0
556,2024-12-26 12:30:00,Premier League,Manchester City,Everton,2.7,4.0,1.4,0.8,1.6,0.8,1.1,5.6,-4.5,1.8,1.0,1.6,0.4,1.6,1.0,0.0,-0.6,0.4,0.6,0.2,0.8,0.6,0.2,0.8,1.2,1.2,,,,0,5.0,5.0,0,-1.2999999999999998,0.5999999999999999,-0.8,0.0,0.0,2.2,2.4000000000000004,1,1,DRAW,0,1
557,2024-12-26 15:00:00,Premier League,Newcastle,Aston Villa,5.3,6.0,2.8,1.4,1.6,1.4,6.7,6.7,0.0,1.4,0.6,1.6,1.0,1.2,2.4,0.4,-1.4,0.4,0.0,0.4,0.4,0.4,0.2,0.7999999999999999,1.2,1.2,,,,0,5.0,5.0,0,-0.7000000000000002,1.4,-0.20000000000000018,0.0,0.0,4.199999999999999,3.0,3,0,HOME,1,0
558,2024-12-26 15:00:00,Premier League,Bournemouth,Crystal Palace,8.7,5.3,2.2,1.6,0.8,1.8,7.8,4.4,3.3999999999999995,2.0,1.6,1.4,1.6,0.8,1.2,0.6,0.4,0.4,0.2,0.0,0.2,0.6,0.4,0.3999999999999999,1.2,1.2,,,,0,5.0,5.0,0,3.3999999999999995,0.6000000000000001,1.0,0.0,0.0,4.0,2.4000000000000004,0,0,DRAW,0,0
559,2024-12-26 15:00:00,Premier League,Southampton,West Ham,1.3,3.3,0.4,1.4,2.4,2.2,1.1,5.6,-4.5,0.6,0.8,1.2,1.0,3.2,2.2,-2.0,-1.2,0.2,0.2,0.2,0.2,0.2,0.2,-0.20000000000000007,1.2,1.2,,,,0,5.0,5.0,0,-1.9999999999999998,-0.9999999999999999,-0.19999999999999973,0.0,0.0,2.6,3.8,0,1,AWAY,0,0
560,2024-12-26 15:00:00,Premier League,Chelsea,Fulham,8.7,4.7,2.8,1.4,1.0,1.0,7.8,3.3,4.5,2.2,1.2,1.8,1.6,0.8,1.4,1.0,0.2,0.2,0.2,0.0,0.0,0.6,0.2,1.0000000000000002,1.2,1.2,,,,0,5.0,5.0,0,3.999999999999999,1.4,0.0,0.0,0.0,3.8,2.4,1,2,AWAY,1,1
561,2024-12-26 15:00:00,Premier League,Nottingham Forest,Tottenham,8.0,2.7,1.6,2.4,1.2,2.4,10.0,3.3,6.7,2.4,1.2,1.6,2.2,0.8,1.0,0.8,1.2,0.6,0.4,0.0,0.4,0.8,0.4,1.2,1.2,1.2,,,,0,5.0,5.0,0,5.3,-0.7999999999999998,1.2,0.0,0.0,4.0,3.5999999999999996,1,0,HOME,0,0
562,2024-12-26 17:30:00,Premier League,Wolves,Manchester United,2.0,4.0,1.4,1.6,2.4,1.8,3.3,3.3,0.0,0.8,1.0,1.6,0.8,2.0,1.2,-0.4,-0.4,0.2,0.2,0.0,0.4,0.2,0.2,-0.19999999999999996,1.2,1.2,,,,0,5.0,5.0,0,-2.0,-0.20000000000000018,-0.5999999999999999,0.0,0.0,3.2,4.0,2,0,HOME,0,0
563,2024-12-26 20:00:00,Premier League,Liverpool,Leicester,7.3,2.7,3.2,1.2,2.0,2.8,5.6,1.1,4.5,2.6,0.8,2.0,1.0,0.8,2.8,1.2,-1.8,0.4,0.0,0.0,0.4,0.8,0.2,1.8,1.2,1.2,,,,0,5.0,5.0,0,4.6,2.0,0.7999999999999998,0.0,0.0,6.0,3.2,3,1,HOME,1,1
564,2024-12-27 19:30:00,Premier League,Brighton,Brentford,2.0,4.0,1.2,2.0,2.0,2.0,2.2,3.3,-1.0999999999999996,1.6,0.2,1.8,0.8,1.8,1.8,0.0,-1.0,0.0,0.2,0.0,0.2,0.4,0.0,1.4000000000000001,1.2,1.2,,,,0,5.0,5.0,0,-2.0,-0.8,0.0,0.0,0.0,3.2,4.0,0,0,DRAW,0,0
565,2024-12-27 20:15:00,Premier League,Arsenal,Ipswich,7.3,2.0,2.6,0.6,0.8,1.8,5.6,3.3,2.3,2.2,1.2,2.0,1.6,0.6,2.2,1.4,-0.6,0.6,0.0,0.2,0.2,0.6,0.4,1.0000000000000002,1.2,1.2,,,,0,5.0,5.0,0,5.3,2.0,1.0,0.0,0.0,4.4,1.4,1,0,HOME,0,0
935,2024-12-28 14:00:00,Serie A,Empoli,Genoa,2.7,4.0,1.4,1.0,1.8,0.8,3.3,2.2,1.0999999999999996,0.8,1.4,0.4,0.8,1.2,1.6,-0.8,-0.8,0.2,0.6,0.6,0.4,0.2,0.4,-0.5999999999999999,1.2,1.2,,,,0,5.0,5.0,0,-1.2999999999999998,0.3999999999999999,-1.0,0.0,0.0,2.2,2.8,1,2,AWAY,1,1
936,2024-12-28 14:00:00,Serie A,Parma,Monza,2.0,1.3,1.4,1.0,3.0,1.6,0.0,0.0,0.0,0.8,1.0,1.4,1.2,1.8,1.2,-0.4,0.0,0.0,0.2,0.2,0.2,0.2,0.2,-0.19999999999999996,1.2,1.2,,,,0,5.0,5.0,0,0.7,0.3999999999999999,-1.4,0.0,0.0,3.0,4.0,2,1,HOME,1,1
937,2024-12-28 17:00:00,Serie A,Cagliari,Inter,2.7,8.7,0.8,3.4,1.2,0.4,0.0,10.0,-10.0,1.4,3.0,1.4,3.6,1.6,0.4,-0.2,3.2,0.2,0.8,0.4,0.0,0.4,1.0,-1.6,1.2,1.2,,,,0,5.0,5.0,0,-5.999999999999999,-2.5999999999999996,-0.7999999999999999,0.0,0.0,1.2000000000000002,4.6,0,3,AWAY,1,0
938,2024-12-28 19:45:00,Serie A,Lazio,Atalanta,6.0,10.0,1.4,2.2,2.0,0.8,6.7,10.0,-3.3,2.4,3.0,2.0,2.2,1.6,0.2,0.4,2.0,0.4,0.8,0.2,0.0,0.8,1.0,-0.6000000000000001,1.2,1.2,,,,0,5.0,5.0,0,-4.0,-0.8000000000000003,-1.2,0.0,0.0,2.2,4.2,1,1,DRAW,0,1
939,2024-12-29 11:30:00,Serie A,Udinese,Torino,4.7,3.3,1.2,0.4,1.6,0.8,6.7,4.4,2.3,1.2,0.8,0.8,0.6,1.4,1.2,-0.6,-0.6,0.4,0.4,0.4,0.6,0.4,0.2,0.3999999999999999,1.2,1.2,,,,0,5.0,5.0,0,1.4000000000000004,0.7999999999999999,-0.8,0.0,0.0,2.0,2.0,2,2,DRAW,1,1
940,2024-12-29 14:00:00,Serie A,Napoli,Venezia,8.0,3.3,1.4,1.2,0.6,1.8,6.7,5.6,1.1000000000000005,1.8,0.4,1.0,1.0,1.0,2.0,0.0,-1.0,0.4,0.0,0.4,0.4,0.6,0.0,1.4,1.2,1.2,,,,0,5.0,5.0,0,4.7,0.19999999999999996,1.2000000000000002,0.0,0.0,3.2,1.7999999999999998,1,0,HOME,0,0
566,2024-12-29 14:30:00,Premier League,Leicester,Manchester City,2.7,3.3,1.2,1.6,2.6,1.4,0.0,1.1,-1.1,0.8,0.2,1.4,1.0,2.2,2.0,-0.8,-1.0,0.0,0.0,0.2,0.2,0.2,0.0,0.6000000000000001,1.2,1.2,,,,0,5.0,5.0,0,-0.5999999999999996,-0.40000000000000013,-1.2000000000000002,0.0,0.0,2.5999999999999996,4.2,0,2,AWAY,0,0
567,2024-12-29 15:00:00,Premier League,Fulham,Bournemouth,6.0,7.3,1.6,1.4,1.0,0.4,5.6,5.6,0.0,1.6,2.0,1.4,2.4,1.4,1.4,0.0,1.0,0.2,0.2,0.2,0.0,0.4,0.6,-0.3999999999999999,1.2,1.2,,,,0,5.0,5.0,0,-1.2999999999999998,0.20000000000000018,-0.6,0.0,0.0,2.0,2.4,2,2,DRAW,1,1
568,2024-12-29 15:00:00,Premier League,Everton,Nottingham Forest,4.0,8.0,1.0,1.6,1.0,1.2,3.3,10.0,-6.7,1.4,1.8,1.0,1.6,0.2,1.8,0.8,-0.2,0.8,0.2,0.6,0.4,0.2,0.6,-0.40000000000000013,1.2,1.2,,,,0,5.0,5.0,0,-4.0,-0.6000000000000001,0.19999999999999996,0.0,0.0,2.2,2.6,0,2,AWAY,0,0
569,2024-12-29 15:00:00,Premier League,Tottenham,Wolves,2.0,4.0,2.2,1.4,2.4,1.6,3.3,6.7,-3.4000000000000004,0.8,1.4,2.4,2.0,2.8,1.8,-0.4,0.2,0.0,0.2,0.0,0.2,0.2,0.4,-0.5999999999999999,1.2,1.2,,,,0,5.0,5.0,0,-2.0,0.8000000000000003,-0.7999999999999998,0.0,0.0,3.8000000000000003,3.8,2,2,DRAW,1,1
570,2024-12-29 15:00:00,Premier League,Crystal Palace,Southampton,5.3,0.7,1.4,0.2,1.6,2.4,4.4,1.1,3.3000000000000003,1.0,0.4,1.0,0.2,2.0,1.0,-1.0,-0.8,0.2,0.2,0.2,0.8,0.2,0.0,0.6,1.2,1.2,,,,0,5.0,5.0,0,4.6,1.2,0.7999999999999998,0.0,0.0,3.8,1.8,2,1,HOME,1,1
941,2024-12-29 17:00:00,Serie A,Juventus,Fiorentina,4.7,6.0,1.4,1.4,1.2,0.8,5.6,3.3,2.3,1.8,2.4,1.8,2.0,1.2,0.2,0.6,1.8,0.4,0.8,0.0,0.2,0.4,0.8,-0.5999999999999999,1.2,1.2,,,,0,5.0,5.0,0,-1.2999999999999998,0.0,-0.3999999999999999,0.0,0.0,2.2,2.5999999999999996,2,2,DRAW,1,1
571,2024-12-29 17:15:00,Premier League,West Ham,Liverpool,5.3,7.3,1.2,3.2,1.2,1.8,5.6,7.8,-2.2,1.6,2.2,1.4,3.0,1.6,2.0,-0.2,1.0,0.2,0.2,0.2,0.0,0.4,0.6,-0.6000000000000001,1.2,1.2,,,,0,5.0,5.0,0,-2.0,-2.0,0.6000000000000001,0.0,0.0,3.0,4.4,0,5,AWAY,1,0
942,2024-12-29 19:45:00,Serie A,AC Milan,AS Roma,5.3,4.0,1.0,1.8,0.4,1.2,4.4,6.7,-2.3,1.6,0.2,0.8,0.8,0.4,2.4,0.4,-1.6,0.8,0.0,0.6,0.4,0.4,0.0,1.4000000000000001,1.2,1.2,,,,0,5.0,5.0,0,1.2999999999999998,-0.8,0.7999999999999999,0.0,0.0,2.2,2.2,1,1,DRAW,0,1
943,2024-12-30 17:30:00,Serie A,Como,Lecce,3.3,4.7,1.0,1.2,1.4,1.6,4.4,3.3,1.1000000000000005,1.0,0.6,1.0,0.4,1.8,1.4,-0.8,-1.0,0.2,0.2,0.2,0.6,0.2,0.2,0.4,1.2,1.2,,,,0,5.0,5.0,0,-1.4000000000000004,-0.19999999999999996,0.20000000000000018,0.0,0.0,2.6,2.5999999999999996,2,0,HOME,0,0
572,2024-12-30 19:45:00,Premier League,Ipswich,Chelsea,2.0,6.7,0.6,2.4,1.8,1.4,3.3,4.4,-1.1000000000000005,0.4,2.2,0.6,2.4,1.8,1.2,-1.2,1.2,0.0,0.2,0.4,0.2,0.0,0.6,-1.8000000000000003,1.2,1.2,,,,0,5.0,5.0,0,-4.7,-1.7999999999999998,-0.40000000000000013,0.0,0.0,2.0,4.2,2,0,HOME,0,0
573,2024-12-30 19:45:00,Premier League,Aston Villa,Brighton,6.0,2.0,1.4,1.0,1.4,1.8,3.3,2.2,1.0999999999999996,2.2,1.0,1.8,1.4,1.0,1.8,0.8,-0.4,0.2,0.0,0.0,0.0,0.6,0.2,1.2000000000000002,1.2,1.2,,,,0,5.0,5.0,0,4.0,0.3999999999999999,0.40000000000000013,0.0,0.0,3.2,2.4,2,2,DRAW,1,1
944,2024-12-30 19:45:00,Serie A,Bologna,Hellas Verona,6.7,2.0,1.6,0.8,1.0,2.6,7.8,3.3,4.5,2.2,0.6,1.2,1.0,0.2,2.6,1.0,-1.6,0.8,0.0,0.2,0.4,0.6,0.2,1.6,1.2,1.2,,,,0,5.0,5.0,0,4.7,0.8,1.6,0.0,0.0,4.2,1.8,2,3,AWAY,1,1
574,2024-12-30 20:00:00,Premier League,Manchester United,Newcastle,2.0,6.7,0.8,3.2,2.2,1.4,3.3,10.0,-6.7,1.4,1.4,2.0,2.2,1.4,1.6,0.6,0.6,0.4,0.2,0.2,0.0,0.4,0.4,0.0,1.2,1.2,,,,0,5.0,5.0,0,-4.7,-2.4000000000000004,-0.8000000000000003,0.0,0.0,2.2,5.4,0,2,AWAY,0,0
575,2025-01-01 17:30:00,Premier League,Brentford,Arsenal,2.7,7.3,1.2,1.8,1.8,0.4,1.1,7.8,-6.699999999999999,2.4,1.6,3.0,2.4,2.0,1.2,1.0,1.2,0.0,0.0,0.2,0.2,0.8,0.4,0.7999999999999998,1.2,1.2,,,,0,5.0,5.0,0,-4.6,-0.6000000000000001,-1.4,0.0,0.0,1.6,3.6,1,3,AWAY,1,1
188,2025-01-03 20:00:00,La Liga,Valencia,Real Madrid,1.3,6.7,0.8,2.6,1.4,1.4,2.2,7.8,-5.6,1.0,2.0,1.6,2.4,1.6,1.2,0.0,1.2,0.2,0.4,0.4,0.0,0.2,0.6,-1.0,1.2,1.2,,,,0,5.0,5.0,0,-5.4,-1.8,0.0,0.0,0.0,2.2,4.0,1,2,AWAY,1,1
576,2025-01-04 12:30:00,Premier League,Tottenham,Newcastle,2.7,8.0,2.6,3.0,2.6,0.8,1.1,10.0,-8.9,0.4,2.0,2.0,2.4,3.0,1.2,-1.0,1.2,0.0,0.4,0.0,0.0,0.0,0.6,-1.6,1.2,1.2,,,,0,5.0,5.0,0,-5.3,-0.3999999999999999,-1.8,0.0,0.0,3.4000000000000004,5.6,1,2,AWAY,1,1
945,2025-01-04 14:00:00,Serie A,Venezia,Empoli,3.3,2.0,1.2,1.4,1.8,2.0,4.4,0.0,4.4,1.4,1.0,1.6,1.6,1.6,1.8,0.0,-0.2,0.0,0.0,0.2,0.2,0.4,0.2,0.3999999999999999,1.2,1.2,,,,0,5.0,5.0,0,1.2999999999999998,-0.19999999999999996,0.19999999999999996,0.0,0.0,3.2,3.2,1,1,DRAW,0,1
577,2025-01-04 15:00:00,Premier League,Bournemouth,Everton,6.0,4.0,1.6,1.0,0.8,0.6,5.6,2.2,3.3999999999999995,1.6,0.6,1.0,0.2,0.8,1.2,0.2,-1.0,0.4,0.4,0.2,0.8,0.4,0.0,1.0,1.2,1.2,,,,0,5.0,5.0,0,2.0,0.6000000000000001,-0.20000000000000007,0.0,0.0,2.2,1.8,1,0,HOME,0,0
578,2025-01-04 15:00:00,Premier League,Southampton,Brentford,0.7,2.7,0.2,1.2,1.8,1.8,1.1,1.1,0.0,0.6,0.4,0.8,0.6,2.8,1.4,-2.0,-0.8,0.2,0.4,0.4,0.4,0.2,0.0,0.19999999999999996,1.2,1.2,,,,0,5.0,5.0,0,-2.0,-1.0,0.0,0.0,0.0,2.0,3.0,0,5,AWAY,1,0
579,2025-01-04 15:00:00,Premier League,Manchester City,West Ham,3.3,5.3,1.4,1.0,1.4,1.6,4.4,4.4,0.0,1.4,1.4,1.2,1.0,1.4,1.4,-0.2,-0.4,0.4,0.4,0.2,0.2,0.4,0.4,0.0,1.2,1.2,,,,0,5.0,5.0,0,-2.0,0.3999999999999999,0.20000000000000018,0.0,0.0,3.0,2.4,4,1,HOME,1,1
580,2025-01-04 15:00:00,Premier League,Crystal Palace,Chelsea,5.3,4.7,1.6,1.4,1.8,1.6,4.4,1.1,3.3000000000000003,1.0,2.0,1.2,2.2,2.2,1.4,-1.0,0.8,0.0,0.2,0.2,0.4,0.2,0.6,-1.0,1.2,1.2,,,,0,5.0,5.0,0,0.5999999999999996,0.20000000000000018,-0.19999999999999996,0.0,0.0,3.2,3.2,1,1,DRAW,0,1
581,2025-01-04 15:00:00,Premier League,Aston Villa,Leicester,4.7,0.7,1.2,0.6,1.6,2.8,4.4,0.0,4.4,2.2,0.2,2.0,0.6,1.2,3.0,0.8,-2.4,0.2,0.0,0.0,0.4,0.6,0.0,2.0,1.2,1.2,,,,0,5.0,5.0,0,4.0,0.6,1.1999999999999997,0.0,0.0,4.0,2.2,2,1,HOME,1,1
946,2025-01-04 17:00:00,Serie A,Fiorentina,Napoli,4.7,8.0,1.2,1.4,1.0,0.6,1.1,10.0,-8.9,2.4,2.6,2.4,1.8,1.0,0.6,1.4,1.2,0.2,0.4,0.0,0.0,0.8,0.8,-0.20000000000000018,1.2,1.2,,,,0,5.0,5.0,0,-3.3,-0.19999999999999996,-0.4,0.0,0.0,1.7999999999999998,2.4,0,3,AWAY,1,0
582,2025-01-04 17:30:00,Premier League,Brighton,Arsenal,2.7,7.3,1.2,2.0,1.6,0.6,3.3,10.0,-6.7,1.2,2.2,1.2,3.0,1.4,1.2,-0.2,1.8,0.2,0.0,0.2,0.0,0.2,0.6,-1.0000000000000002,1.2,1.2,,,,0,5.0,5.0,0,-4.6,-0.8,-1.0,0.0,0.0,1.7999999999999998,3.6,1,1,DRAW,0,1
947,2025-01-04 19:45:00,Serie A,Hellas Verona,Udinese,4.0,4.7,1.4,1.4,2.0,1.8,6.7,4.4,2.3,0.6,1.4,0.8,1.6,3.0,1.6,-2.2,0.0,0.0,0.0,0.6,0.0,0.2,0.4,-0.7999999999999999,1.2,1.2,,,,0,5.0,5.0,0,-0.7000000000000002,0.0,-0.19999999999999996,0.0,0.0,3.2,3.4,0,0,DRAW,0,0
948,2025-01-05 11:30:00,Serie A,Monza,Cagliari,0.7,2.0,1.0,0.4,1.8,1.4,0.0,0.0,0.0,0.2,0.2,0.8,0.8,1.6,1.8,-0.8,-1.0,0.0,0.0,0.4,0.4,0.0,0.0,0.0,1.2,1.2,,,,0,5.0,5.0,0,-1.3,0.6,-0.40000000000000013,0.0,0.0,2.4,2.2,1,2,AWAY,1,1
583,2025-01-05 14:00:00,Premier League,Fulham,Ipswich,4.7,4.0,1.4,1.0,1.2,1.6,5.6,3.3,2.3,1.2,1.2,1.4,1.4,1.6,1.6,-0.2,-0.2,0.2,0.0,0.2,0.4,0.2,0.4,0.0,1.2,1.2,,,,0,5.0,5.0,0,0.7000000000000002,0.3999999999999999,0.40000000000000013,0.0,0.0,3.0,2.2,2,2,DRAW,1,1
949,2025-01-05 14:00:00,Serie A,Lecce,Genoa,2.7,5.3,1.0,1.0,2.0,0.6,3.3,4.4,-1.1000000000000005,1.6,2.0,1.2,1.0,1.0,0.8,0.2,0.2,0.2,0.6,0.0,0.4,0.4,0.6,-0.3999999999999999,1.2,1.2,,,,0,5.0,5.0,0,-2.5999999999999996,0.0,-1.4,0.0,0.0,1.6,3.0,0,0,DRAW,0,0
584,2025-01-05 16:30:00,Premier League,Liverpool,Manchester United,7.3,2.0,3.8,0.8,1.8,2.2,10.0,0.0,10.0,2.6,0.8,2.2,0.8,0.8,1.6,1.4,-0.8,0.4,0.0,0.0,0.4,0.8,0.2,1.8,1.2,1.2,,,,0,5.0,5.0,0,5.3,3.0,0.40000000000000013,0.0,0.0,6.0,2.6,2,2,DRAW,1,1
950,2025-01-05 17:00:00,Serie A,Torino,Parma,3.3,4.0,0.6,1.6,1.0,2.6,4.4,3.3,1.1000000000000005,0.8,1.0,0.4,1.2,1.0,2.4,-0.6,-1.2,0.2,0.0,0.6,0.2,0.2,0.2,-0.19999999999999996,1.2,1.2,,,,0,5.0,5.0,0,-0.7000000000000002,-1.0,1.6,0.0,0.0,3.2,2.6,0,0,DRAW,0,0
951,2025-01-05 19:45:00,Serie A,AS Roma,Lazio,4.7,4.7,2.0,1.0,1.2,2.2,4.4,4.4,0.0,1.8,2.4,2.4,2.0,1.2,1.0,1.2,1.0,0.4,0.4,0.2,0.0,0.6,0.8,-0.5999999999999999,1.2,1.2,,,,0,5.0,5.0,0,0.0,1.0,1.0000000000000002,0.0,0.0,4.2,2.2,2,0,HOME,0,0
585,2025-01-06 20:00:00,Premier League,Wolves,Nottingham Forest,4.7,10.0,1.8,2.0,1.2,0.6,7.8,10.0,-2.2,1.4,1.8,1.8,1.4,1.6,1.6,0.2,-0.2,0.4,0.4,0.0,0.4,0.4,0.6,-0.40000000000000013,1.2,1.2,,,,0,5.0,5.0,0,-5.3,-0.19999999999999996,-0.6,0.0,0.0,2.4,3.2,0,3,AWAY,1,0
952,2025-01-10 19:45:00,Serie A,Lazio,Como,4.7,5.3,0.8,1.4,2.0,1.0,4.4,6.7,-2.3,2.0,0.4,1.8,0.6,1.6,1.4,0.2,-0.8,0.4,0.0,0.2,0.6,0.6,0.0,1.6,1.2,1.2,,,,0,5.0,5.0,0,-0.5999999999999996,-0.5999999999999999,-1.0,0.0,0.0,1.8,3.4,1,1,DRAW,0,1
1282,2025-01-10 19:45:00,Bundesliga,Borussia Dortmund,Bayer Leverkusen,6.0,10.0,2.0,3.2,0.8,1.0,5.6,10.0,-4.4,2.2,1.8,2.0,1.6,0.8,1.0,1.2,0.6,0.2,0.2,0.0,0.0,0.6,0.4,0.40000000000000013,1.2,1.2,,,,0,5.0,5.0,0,-4.0,-1.2000000000000002,0.19999999999999996,0.0,0.0,3.0,4.0,2,3,AWAY,1,1
189,2025-01-10 20:00:00,La Liga,Rayo Vallecano,Celta Vigo,6.0,4.7,1.8,1.4,1.4,1.2,3.3,6.7,-3.4000000000000004,1.0,0.8,1.4,0.8,1.8,1.8,-0.4,-1.0,0.2,0.2,0.0,0.4,0.2,0.2,0.19999999999999996,1.2,1.2,,,,0,5.0,5.0,0,1.2999999999999998,0.40000000000000013,-0.19999999999999996,0.0,0.0,3.0,2.8,2,1,HOME,1,1
190,2025-01-11 13:00:00,La Liga,Alaves,Girona,3.3,4.7,1.6,2.0,1.6,1.6,3.3,3.3,0.0,1.0,1.0,1.0,1.0,1.6,1.2,-0.6,-0.2,0.2,0.2,0.2,0.2,0.2,0.2,0.0,1.2,1.2,,,,0,5.0,5.0,0,-1.4000000000000004,-0.3999999999999999,0.0,0.0,0.0,3.2,3.6,0,1,AWAY,0,0
953,2025-01-11 14:00:00,Serie A,Udinese,Atalanta,5.3,8.7,1.4,1.8,1.4,0.8,5.6,7.8,-2.2,0.8,2.6,1.0,2.0,1.8,0.4,-0.8,1.6,0.2,0.6,0.4,0.0,0.2,0.8,-1.8,1.2,1.2,,,,0,5.0,5.0,0,-3.3999999999999995,-0.40000000000000013,-0.5999999999999999,0.0,0.0,2.2,3.2,0,0,DRAW,0,0
954,2025-01-11 14:00:00,Serie A,Empoli,Lecce,2.7,2.7,1.6,0.8,1.6,1.8,1.1,1.1,0.0,0.8,0.6,0.6,0.4,1.4,1.6,-0.8,-1.2,0.2,0.2,0.4,0.6,0.2,0.2,0.20000000000000007,1.2,1.2,,,,0,5.0,5.0,0,0.0,0.8,0.19999999999999996,0.0,0.0,3.4000000000000004,2.4000000000000004,1,3,AWAY,1,1
1283,2025-01-11 14:30:00,Bundesliga,SC Freiburg,Holstein Kiel,4.7,2.0,1.6,1.4,2.6,2.6,4.4,3.3,1.1000000000000005,2.0,0.2,1.8,1.2,1.4,2.6,0.4,-1.4,0.2,0.0,0.4,0.0,0.6,0.0,1.8,1.2,1.2,,,,0,5.0,5.0,0,2.7,0.20000000000000018,0.0,0.0,0.0,4.2,4.0,3,2,HOME,1,1
1284,2025-01-11 14:30:00,Bundesliga,FSV Mainz 05,VfL Bochum,8.0,2.7,2.6,0.6,1.2,1.0,6.7,4.4,2.3,2.0,0.2,1.6,0.8,1.0,2.8,0.6,-2.0,0.2,0.0,0.2,0.4,0.6,0.0,1.8,1.2,1.2,,,,0,5.0,5.0,0,5.3,2.0,-0.19999999999999996,0.0,0.0,3.6,1.7999999999999998,2,0,HOME,0,0
1285,2025-01-11 14:30:00,Bundesliga,1899 Hoffenheim,VfL Wolfsburg,3.3,6.0,1.4,2.6,1.8,2.0,2.2,3.3,-1.0999999999999996,1.4,2.0,1.8,2.6,1.8,1.2,0.0,1.4,0.0,0.2,0.2,0.2,0.4,0.6,-0.6000000000000001,1.2,1.2,,,,0,5.0,5.0,0,-2.7,-1.2000000000000002,0.19999999999999996,0.0,0.0,3.4,4.4,0,1,AWAY,0,0
1286,2025-01-11 14:30:00,Bundesliga,1. FC Heidenheim,Union Berlin,0.0,0.7,1.0,1.0,3.6,2.2,0.0,1.1,-1.1,0.2,0.6,0.4,1.0,2.2,2.2,-1.8,-1.2,0.2,0.2,0.6,0.4,0.0,0.2,-0.39999999999999997,1.2,1.2,,,,0,5.0,5.0,0,-0.7,0.0,-1.4,0.0,0.0,3.2,4.6,2,0,HOME,0,0
1287,2025-01-11 14:30:00,Bundesliga,FC St. Pauli,Eintracht Frankfurt,4.0,4.7,1.0,1.8,1.4,1.4,3.3,1.1,2.1999999999999997,0.8,1.4,0.6,2.0,1.4,1.4,-0.8,0.6,0.2,0.2,0.8,0.0,0.2,0.4,-0.5999999999999999,1.2,1.2,,,,0,5.0,5.0,0,-0.7000000000000002,-0.8,0.0,0.0,0.0,2.4,3.2,0,1,AWAY,0,0
191,2025-01-11 15:15:00,La Liga,Valladolid,Real Betis,2.0,3.3,0.4,1.4,2.4,2.0,3.3,5.6,-2.3,0.8,1.4,0.8,1.4,2.0,1.8,-1.2,-0.4,0.2,0.0,0.2,0.2,0.2,0.4,-0.5999999999999999,1.2,1.2,,,,0,5.0,5.0,0,-1.2999999999999998,-0.9999999999999999,-0.3999999999999999,0.0,0.0,2.4,3.8,1,0,HOME,0,0
955,2025-01-11 17:00:00,Serie A,Torino,Juventus,4.0,4.7,0.6,1.8,0.8,1.6,2.2,5.6,-3.3999999999999995,0.4,1.8,0.2,1.8,1.0,1.2,-0.8,0.6,0.2,0.4,0.8,0.2,0.0,0.4,-1.4,1.2,1.2,,,,0,5.0,5.0,0,-0.7000000000000002,-1.2000000000000002,0.8,0.0,0.0,2.2,2.6,1,1,DRAW,0,1
192,2025-01-11 17:30:00,La Liga,Espanyol,Leganes,1.3,2.7,0.2,0.8,1.0,2.4,2.2,3.3,-1.0999999999999996,1.6,1.0,1.2,1.4,1.0,1.8,0.2,-0.4,0.2,0.2,0.4,0.0,0.4,0.2,0.6000000000000001,1.2,1.2,,,,0,5.0,5.0,0,-1.4000000000000001,-0.6000000000000001,1.4,0.0,0.0,2.6,1.8,1,1,DRAW,0,1
1288,2025-01-11 17:30:00,Bundesliga,Borussia Mönchengladbach,Bayern München,6.7,6.7,2.0,2.8,1.2,1.2,7.8,6.7,1.0999999999999996,2.6,1.6,2.8,2.2,1.0,1.2,1.8,1.0,0.2,0.4,0.0,0.0,0.8,0.4,1.0,1.2,1.2,,,,0,5.0,5.0,0,0.0,-0.7999999999999998,0.0,0.0,0.0,3.2,4.0,0,1,AWAY,0,0
956,2025-01-11 19:45:00,Serie A,AC Milan,Cagliari,5.3,2.0,1.2,0.6,0.6,1.6,5.6,3.3,2.3,1.2,0.8,0.8,1.2,0.6,1.6,0.2,-0.4,0.6,0.0,0.6,0.2,0.2,0.2,0.3999999999999999,1.2,1.2,,,,0,5.0,5.0,0,3.3,0.6,1.0,0.0,0.0,2.8,1.2,1,1,DRAW,0,1
193,2025-01-11 20:00:00,La Liga,Sevilla,Valencia,4.7,1.3,2.0,0.8,2.0,1.4,3.3,2.2,1.0999999999999996,2.0,0.6,0.8,0.6,0.6,1.0,0.2,-0.4,0.6,0.2,0.2,0.4,0.6,0.0,1.4,1.2,1.2,,,,0,5.0,5.0,0,3.4000000000000004,1.2,-0.6000000000000001,0.0,0.0,3.4,2.8,1,1,DRAW,0,1
957,2025-01-12 11:30:00,Serie A,Genoa,Parma,4.0,2.7,0.6,1.0,0.6,2.4,4.4,4.4,0.0,0.6,1.0,0.8,1.0,1.2,2.2,-0.4,-1.2,0.2,0.2,0.4,0.4,0.0,0.2,-0.4,1.2,1.2,,,,0,5.0,5.0,0,1.2999999999999998,-0.4,1.7999999999999998,0.0,0.0,3.0,1.6,1,0,HOME,0,0
194,2025-01-12 13:00:00,La Liga,Las Palmas,Getafe,6.7,2.7,1.4,0.2,1.0,0.8,7.8,3.3,4.5,1.8,0.8,1.2,0.6,1.0,0.8,0.2,-0.2,0.4,0.4,0.2,0.8,0.6,0.2,1.0,1.2,1.2,,,,0,5.0,5.0,0,4.0,1.2,-0.19999999999999996,0.0,0.0,2.2,1.2,1,2,AWAY,1,1
958,2025-01-12 14:00:00,Serie A,Venezia,Inter,4.0,10.0,1.4,3.8,1.4,0.2,4.4,10.0,-5.6,1.0,3.0,1.2,3.6,1.4,0.0,-0.2,3.6,0.0,1.0,0.2,0.0,0.2,1.0,-2.0,1.2,1.2,,,,0,5.0,5.0,0,-6.0,-2.4,-1.2,0.0,0.0,1.5999999999999999,5.199999999999999,0,1,AWAY,0,0
1289,2025-01-12 14:30:00,Bundesliga,RB Leipzig,Werder Bremen,4.0,6.7,1.8,1.8,3.0,0.8,6.7,10.0,-3.3,2.0,1.8,2.0,1.6,1.4,1.4,0.6,0.2,0.4,0.4,0.2,0.2,0.6,0.6,0.19999999999999996,1.2,1.2,,,,0,5.0,5.0,0,-2.7,0.0,-2.2,0.0,0.0,2.6,4.8,4,2,HOME,1,1
195,2025-01-12 15:15:00,La Liga,Atletico Madrid,Osasuna,10.0,2.7,2.8,1.2,1.0,1.4,10.0,2.2,7.8,3.0,1.2,2.4,0.8,1.0,1.2,1.4,-0.4,0.4,0.4,0.0,0.4,1.0,0.2,1.8,1.2,1.2,,,,0,5.0,5.0,0,7.3,1.5999999999999999,0.3999999999999999,0.0,0.0,4.199999999999999,2.2,1,0,HOME,0,0
1290,2025-01-12 16:30:00,Bundesliga,FC Augsburg,VfB Stuttgart,2.7,6.7,0.8,2.0,2.4,1.2,1.1,6.7,-5.6,2.0,1.2,1.0,1.4,0.8,1.8,0.2,-0.4,0.4,0.2,0.4,0.4,0.6,0.2,0.8,1.2,1.2,,,,0,5.0,5.0,0,-4.0,-1.2,-1.2,0.0,0.0,2.0,4.4,0,1,AWAY,0,0
959,2025-01-12 17:00:00,Serie A,Bologna,AS Roma,6.7,6.7,2.0,2.4,1.0,0.8,6.7,7.8,-1.0999999999999996,2.0,0.2,1.4,0.8,0.6,2.4,0.8,-1.6,0.8,0.0,0.2,0.4,0.6,0.0,1.8,1.2,1.2,,,,0,5.0,5.0,0,0.0,-0.3999999999999999,-0.19999999999999996,0.0,0.0,2.8,3.4,2,2,DRAW,1,1
960,2025-01-12 19:45:00,Serie A,Napoli,Hellas Verona,8.0,4.7,1.8,1.4,0.6,1.8,10.0,4.4,5.6,1.8,1.2,0.6,1.4,0.8,1.8,-0.2,-0.4,0.6,0.0,0.4,0.4,0.6,0.4,0.6000000000000001,1.2,1.2,,,,0,5.0,5.0,0,3.3,0.40000000000000013,1.2000000000000002,0.0,0.0,3.6,2.0,2,0,HOME,0,0
961,2025-01-13 19:45:00,Serie A,Monza,Fiorentina,0.0,2.7,1.0,0.8,2.0,1.6,0.0,1.1,-1.1,0.0,2.0,0.6,1.2,1.6,0.6,-1.0,0.6,0.0,0.6,0.4,0.2,0.0,0.6,-2.0,1.2,1.2,,,,0,5.0,5.0,0,-2.7,0.19999999999999996,-0.3999999999999999,0.0,0.0,2.6,2.8,2,1,HOME,1,1
196,2025-01-13 20:00:00,La Liga,Real Sociedad,Villarreal,4.7,2.7,1.0,1.4,0.6,1.6,4.4,4.4,0.0,1.6,1.4,0.8,2.6,0.6,1.6,0.2,1.0,0.6,0.0,0.4,0.4,0.4,0.4,0.20000000000000018,1.2,1.2,,,,0,5.0,5.0,0,2.0,-0.3999999999999999,1.0,0.0,0.0,2.6,2.0,1,0,HOME,0,0
962,2025-01-14 17:30:00,Serie A,Como,AC Milan,5.3,4.0,1.4,0.8,1.0,0.8,4.4,5.6,-1.1999999999999993,1.4,1.4,1.2,1.4,1.6,1.4,-0.4,0.0,0.4,0.4,0.2,0.0,0.4,0.4,0.0,1.2,1.2,,,,0,5.0,5.0,0,1.2999999999999998,0.5999999999999999,-0.19999999999999996,0.0,0.0,2.2,1.8,1,2,AWAY,1,1
1291,2025-01-14 17:30:00,Bundesliga,Holstein Kiel,Borussia Dortmund,2.0,4.0,1.8,1.6,2.6,1.4,3.3,4.4,-1.1000000000000005,1.2,0.8,1.2,1.4,1.6,1.8,-0.4,-0.4,0.2,0.0,0.6,0.0,0.4,0.2,0.3999999999999999,1.2,1.2,,,,0,5.0,5.0,0,-2.0,0.19999999999999996,-1.2000000000000002,0.0,0.0,3.2,4.2,4,2,HOME,1,1
586,2025-01-14 19:30:00,Premier League,West Ham,Fulham,3.3,4.7,0.8,1.6,2.2,1.4,3.3,5.6,-2.3,1.0,1.8,1.0,1.6,2.4,1.0,-1.4,0.6,0.2,0.2,0.4,0.0,0.2,0.4,-0.8,1.2,1.2,,,,0,5.0,5.0,0,-1.4000000000000004,-0.8,-0.8000000000000003,0.0,0.0,2.2,3.8000000000000003,3,2,HOME,1,1
587,2025-01-14 19:30:00,Premier League,Chelsea,Bournemouth,3.3,6.0,0.8,1.4,1.2,0.6,1.1,5.6,-4.5,2.0,2.0,1.8,2.6,1.0,1.6,0.8,1.0,0.2,0.2,0.0,0.0,0.6,0.6,0.0,1.2,1.2,,,,0,5.0,5.0,0,-2.7,-0.5999999999999999,-0.6,0.0,0.0,1.4,2.5999999999999996,2,2,DRAW,1,1
588,2025-01-14 19:30:00,Premier League,Brentford,Manchester City,2.7,4.7,1.4,1.8,1.4,1.2,4.4,7.8,-3.3999999999999995,1.8,0.8,2.4,1.2,2.0,1.6,0.4,-0.4,0.0,0.2,0.2,0.2,0.6,0.2,1.0,1.2,1.2,,,,0,5.0,5.0,0,-2.0,-0.40000000000000013,-0.19999999999999996,0.0,0.0,2.5999999999999996,3.2,2,2,DRAW,1,1
1292,2025-01-14 19:30:00,Bundesliga,VfL Wolfsburg,Borussia Mönchengladbach,6.0,4.7,2.6,1.6,2.0,1.4,3.3,6.7,-3.4000000000000004,1.4,1.0,1.8,1.0,2.2,1.4,-0.4,-0.4,0.2,0.2,0.0,0.2,0.4,0.2,0.3999999999999999,1.2,1.2,,,,0,5.0,5.0,0,1.2999999999999998,1.0,-0.6000000000000001,0.0,0.0,4.0,3.6,5,1,HOME,1,1
1293,2025-01-14 19:30:00,Bundesliga,Bayer Leverkusen,FSV Mainz 05,10.0,8.0,2.8,2.4,1.0,1.2,10.0,10.0,0.0,2.6,2.0,2.8,2.4,1.0,1.0,1.8,1.4,0.2,0.6,0.2,0.2,0.8,0.6,0.6000000000000001,1.2,1.2,,,,0,5.0,5.0,0,2.0,0.3999999999999999,0.19999999999999996,0.0,0.0,4.0,3.4,1,0,HOME,0,0
1294,2025-01-14 19:30:00,Bundesliga,Eintracht Frankfurt,SC Freiburg,4.7,6.7,1.8,2.2,1.4,2.2,3.3,6.7,-3.4000000000000004,1.6,0.4,2.8,0.6,2.0,2.6,0.8,-2.0,0.2,0.2,0.0,0.4,0.4,0.0,1.2000000000000002,1.2,1.2,,,,0,5.0,5.0,0,-2.0,-0.40000000000000013,0.8000000000000003,0.0,0.0,4.0,3.6,4,1,HOME,1,1
963,2025-01-14 19:45:00,Serie A,Atalanta,Juventus,7.3,4.7,1.4,1.8,0.8,1.6,5.6,5.6,0.0,3.0,1.8,3.0,1.2,1.0,0.6,2.0,0.6,0.2,0.4,0.0,0.2,1.0,0.4,1.2,1.2,1.2,,,,0,5.0,5.0,0,2.5999999999999996,-0.40000000000000013,0.8,0.0,0.0,3.0,2.6,1,1,DRAW,0,1
589,2025-01-14 20:00:00,Premier League,Nottingham Forest,Liverpool,10.0,7.3,2.0,3.6,0.2,1.6,10.0,7.8,2.2,2.4,2.2,1.6,3.8,0.8,2.0,0.8,1.8,0.6,0.2,0.0,0.0,0.8,0.6,0.19999999999999973,1.2,1.2,,,,0,5.0,5.0,0,2.7,-1.6,1.4000000000000001,0.0,0.0,3.6,3.8000000000000003,1,1,DRAW,0,1
1295,2025-01-15 17:30:00,Bundesliga,VfL Bochum,FC St. Pauli,2.7,4.0,0.6,1.0,1.0,1.2,4.4,3.3,1.1000000000000005,0.8,1.2,0.8,1.0,2.0,1.2,-1.2,-0.2,0.2,0.4,0.4,0.2,0.2,0.4,-0.3999999999999999,1.2,1.2,,,,0,5.0,5.0,0,-1.2999999999999998,-0.4,0.19999999999999996,0.0,0.0,1.7999999999999998,2.0,1,0,HOME,0,0
590,2025-01-15 19:30:00,Premier League,Newcastle,Wolves,10.0,4.7,3.0,1.6,0.2,1.4,10.0,4.4,5.6,2.0,1.4,2.2,2.0,1.0,1.8,1.2,0.2,0.6,0.2,0.2,0.2,0.6,0.4,0.6000000000000001,1.2,1.2,,,,0,5.0,5.0,0,5.3,1.4,1.2,0.0,0.0,4.4,1.8,3,0,HOME,1,0
591,2025-01-15 19:30:00,Premier League,Everton,Aston Villa,2.0,4.7,0.2,1.4,0.8,1.8,1.1,4.4,-3.3000000000000003,1.2,0.0,1.0,0.4,0.6,2.8,0.4,-2.4,0.6,0.0,0.6,0.6,0.2,0.0,1.2,1.2,1.2,,,,0,5.0,5.0,0,-2.7,-1.2,1.0,0.0,0.0,2.0,2.2,0,1,AWAY,0,0
592,2025-01-15 19:30:00,Premier League,Leicester,Crystal Palace,0.0,5.3,0.4,1.4,2.8,1.6,0.0,5.6,-5.6,0.8,1.8,1.2,1.6,2.0,1.0,-0.8,0.6,0.0,0.4,0.4,0.2,0.2,0.4,-1.0,1.2,1.2,,,,0,5.0,5.0,0,-5.3,-0.9999999999999999,-1.1999999999999997,0.0,0.0,2.0,4.199999999999999,0,2,AWAY,0,0
1296,2025-01-15 19:30:00,Bundesliga,Bayern München,1899 Hoffenheim,6.7,1.3,2.4,0.6,1.2,1.4,6.7,1.1,5.6,3.0,0.8,3.8,0.4,0.6,0.8,3.2,-0.4,0.6,0.4,0.0,0.6,1.0,0.0,2.2,1.2,1.2,,,,0,5.0,5.0,0,5.4,1.7999999999999998,0.19999999999999996,0.0,0.0,3.8,1.7999999999999998,5,0,HOME,1,0
1297,2025-01-15 19:30:00,Bundesliga,Werder Bremen,1. FC Heidenheim,6.7,2.0,2.2,1.0,1.4,2.6,6.7,3.3,3.4000000000000004,1.6,0.0,2.0,1.2,1.4,3.0,0.6,-1.8,0.0,0.0,0.2,0.4,0.4,0.0,1.6,1.2,1.2,,,,0,5.0,5.0,0,4.7,1.2000000000000002,1.2000000000000002,0.0,0.0,4.800000000000001,2.4,3,3,DRAW,1,1
1298,2025-01-15 19:30:00,Bundesliga,VfB Stuttgart,RB Leipzig,6.7,6.0,1.8,2.0,1.2,2.6,6.7,6.7,0.0,1.8,1.2,1.8,1.8,1.4,2.2,0.4,-0.4,0.2,0.4,0.2,0.0,0.6,0.4,0.6000000000000001,1.2,1.2,,,,0,5.0,5.0,0,0.7000000000000002,-0.19999999999999996,1.4000000000000001,0.0,0.0,4.4,3.2,2,1,HOME,1,1
1299,2025-01-15 19:30:00,Bundesliga,Union Berlin,FC Augsburg,0.7,2.7,1.0,0.8,2.4,2.0,1.1,0.0,1.1,1.2,0.4,1.0,1.0,1.0,2.8,0.0,-1.8,0.2,0.0,0.2,0.2,0.2,0.0,0.7999999999999999,1.2,1.2,,,,0,5.0,5.0,0,-2.0,0.19999999999999996,-0.3999999999999999,0.0,0.0,3.0,3.2,0,2,AWAY,0,0
964,2025-01-15 19:45:00,Serie A,Inter,Bologna,10.0,5.3,3.0,1.8,0.2,1.4,10.0,4.4,5.6,2.2,2.0,2.2,1.8,1.2,1.4,1.0,0.4,0.4,0.4,0.0,0.2,0.6,0.6,0.20000000000000018,1.2,1.2,,,,0,5.0,5.0,0,4.7,1.2,1.2,0.0,0.0,4.4,2.0,2,2,DRAW,1,1
593,2025-01-15 20:00:00,Premier League,Arsenal,Tottenham,7.3,2.7,2.0,2.2,0.6,2.2,7.8,1.1,6.699999999999999,2.2,1.2,1.6,1.8,0.4,0.6,1.2,1.2,0.8,0.4,0.2,0.6,0.6,0.4,1.0000000000000002,1.2,1.2,,,,0,5.0,5.0,0,4.6,-0.20000000000000018,1.6,0.0,0.0,4.2,2.8000000000000003,2,1,HOME,1,1
594,2025-01-16 19:30:00,Premier League,Ipswich,Brighton,4.7,2.7,1.2,1.0,1.6,1.4,4.4,3.3,1.1000000000000005,0.8,1.2,0.8,1.6,1.6,1.8,-0.8,-0.2,0.2,0.0,0.4,0.0,0.2,0.2,-0.3999999999999999,1.2,1.2,,,,0,5.0,5.0,0,2.0,0.19999999999999996,-0.20000000000000018,0.0,0.0,2.5999999999999996,2.6,0,2,AWAY,0,0
595,2025-01-16 20:00:00,Premier League,Manchester United,Southampton,2.7,0.7,0.8,0.2,2.0,2.6,1.1,0.0,1.1,1.2,0.4,1.8,0.4,1.6,1.2,0.2,-0.8,0.4,0.2,0.4,0.6,0.4,0.0,0.7999999999999999,1.2,1.2,,,,0,5.0,5.0,0,2.0,0.6000000000000001,0.6000000000000001,0.0,0.0,3.4000000000000004,2.2,3,1,HOME,1,1
1300,2025-01-17 19:30:00,Bundesliga,Eintracht Frankfurt,Borussia Dortmund,4.7,3.3,1.8,1.8,1.6,2.0,6.7,3.3,3.4000000000000004,2.0,0.8,3.0,1.6,1.6,2.2,1.4,-0.6,0.2,0.0,0.0,0.0,0.6,0.2,1.2,1.2,1.2,,,,0,5.0,5.0,0,1.4000000000000004,0.0,0.3999999999999999,0.0,0.0,3.8,3.4000000000000004,2,0,HOME,0,0
965,2025-01-17 19:45:00,Serie A,AS Roma,Genoa,5.3,5.3,2.0,0.8,1.0,0.6,5.6,7.8,-2.2,1.8,2.2,2.6,1.0,1.2,0.2,1.4,0.8,0.4,0.8,0.2,0.4,0.6,0.6,-0.40000000000000013,1.2,1.2,,,,0,5.0,5.0,0,0.0,1.2,-0.4,0.0,0.0,2.6,1.8,3,1,HOME,1,1
197,2025-01-17 20:00:00,La Liga,Espanyol,Valladolid,2.0,4.0,0.4,0.6,0.8,2.0,2.2,6.7,-4.5,1.2,0.6,1.0,0.8,1.0,2.0,0.0,-1.2,0.2,0.0,0.4,0.6,0.2,0.2,0.6,1.2,1.2,,,,0,5.0,5.0,0,-2.0,-0.19999999999999996,1.2,0.0,0.0,2.4,1.4,2,1,HOME,1,1
596,2025-01-18 12:30:00,Premier League,Newcastle,Bournemouth,10.0,6.0,2.8,1.6,0.2,0.8,10.0,5.6,4.4,2.0,2.2,2.6,2.6,1.0,1.4,1.6,1.2,0.6,0.2,0.2,0.0,0.6,0.6,-0.20000000000000018,1.2,1.2,,,,0,5.0,5.0,0,4.0,1.1999999999999997,0.6000000000000001,0.0,0.0,3.5999999999999996,1.8,1,4,AWAY,1,1
198,2025-01-18 13:00:00,La Liga,Girona,Sevilla,4.7,4.7,1.4,2.0,1.4,2.0,6.7,4.4,2.3,1.8,1.2,2.2,2.2,1.6,2.0,0.6,0.2,0.2,0.2,0.4,0.2,0.6,0.4,0.6000000000000001,1.2,1.2,,,,0,5.0,5.0,0,0.0,-0.6000000000000001,0.6000000000000001,0.0,0.0,3.4,3.4,1,2,AWAY,1,1
966,2025-01-18 14:00:00,Serie A,Bologna,Monza,5.3,2.0,1.8,1.2,1.4,1.8,2.2,3.3,-1.0999999999999996,2.0,0.4,1.8,0.8,1.0,1.6,0.8,-0.8,0.6,0.0,0.0,0.2,0.6,0.0,1.6,1.2,1.2,,,,0,5.0,5.0,0,3.3,0.6000000000000001,0.40000000000000013,0.0,0.0,3.6,2.5999999999999996,3,1,HOME,1,1
1301,2025-01-18 14:30:00,Bundesliga,Bayern München,VfL Wolfsburg,8.0,6.0,3.2,2.6,1.0,2.0,10.0,6.7,3.3,3.0,2.0,4.0,2.2,0.6,1.0,3.4,1.2,0.6,0.4,0.0,0.2,1.0,0.6,1.0,1.2,1.2,,,,0,5.0,5.0,0,2.0,0.6000000000000001,1.0,0.0,0.0,5.2,3.6,3,2,HOME,1,1
1302,2025-01-18 14:30:00,Bundesliga,VfB Stuttgart,SC Freiburg,8.0,4.7,1.8,1.8,1.0,2.8,6.7,3.3,3.4000000000000004,1.8,0.4,1.8,0.6,1.4,2.8,0.4,-2.2,0.2,0.2,0.2,0.4,0.6,0.0,1.4,1.2,1.2,,,,0,5.0,5.0,0,3.3,0.0,1.7999999999999998,0.0,0.0,4.6,2.8,4,0,HOME,1,0
1303,2025-01-18 14:30:00,Bundesliga,VfL Bochum,RB Leipzig,4.7,6.0,0.8,2.0,0.8,2.0,6.7,3.3,3.4000000000000004,1.4,0.6,0.8,1.6,1.4,2.6,-0.6,-1.0,0.4,0.2,0.4,0.0,0.4,0.2,0.7999999999999999,1.2,1.2,,,,0,5.0,5.0,0,-1.2999999999999998,-1.2,1.2,0.0,0.0,2.8,2.8,3,3,DRAW,1,1
1304,2025-01-18 14:30:00,Bundesliga,1. FC Heidenheim,FC St. Pauli,2.7,2.0,1.6,0.4,2.4,1.2,4.4,3.3,1.1000000000000005,0.8,1.2,0.8,0.8,2.0,1.0,-1.2,-0.2,0.4,0.4,0.4,0.4,0.2,0.4,-0.3999999999999999,1.2,1.2,,,,0,5.0,5.0,0,0.7000000000000002,1.2000000000000002,-1.2,0.0,0.0,2.8,2.8,0,2,AWAY,0,0
1305,2025-01-18 14:30:00,Bundesliga,Holstein Kiel,1899 Hoffenheim,4.0,1.3,2.4,0.6,2.4,2.0,6.7,0.0,6.7,1.8,0.6,2.0,0.2,1.6,1.6,0.4,-1.4,0.2,0.4,0.4,0.8,0.6,0.0,1.2000000000000002,1.2,1.2,,,,0,5.0,5.0,0,2.7,1.7999999999999998,-0.3999999999999999,0.0,0.0,4.4,3.0,1,3,AWAY,1,1
597,2025-01-18 15:00:00,Premier League,Leicester,Fulham,0.0,4.0,0.4,1.6,2.4,1.6,0.0,2.2,-2.2,0.8,1.6,1.0,1.8,2.0,1.4,-1.0,0.4,0.0,0.2,0.6,0.0,0.2,0.4,-0.8,1.2,1.2,,,,0,5.0,5.0,0,-4.0,-1.2000000000000002,-0.7999999999999998,0.0,0.0,2.0,4.0,0,2,AWAY,0,0
598,2025-01-18 15:00:00,Premier League,West Ham,Crystal Palace,4.7,5.3,1.2,1.2,2.4,1.4,3.3,7.8,-4.5,1.4,2.2,1.6,1.6,2.8,0.6,-1.2,1.0,0.0,0.6,0.2,0.2,0.4,0.6,-0.8000000000000003,1.2,1.2,,,,0,5.0,5.0,0,-0.5999999999999996,0.0,-1.0,0.0,0.0,2.5999999999999996,3.5999999999999996,0,2,AWAY,0,0
599,2025-01-18 15:00:00,Premier League,Brentford,Liverpool,3.3,7.3,1.6,3.4,1.4,1.4,4.4,5.6,-1.1999999999999993,1.4,2.2,2.2,3.6,2.0,1.8,0.2,1.8,0.0,0.2,0.2,0.0,0.4,0.6,-0.8000000000000003,1.2,1.2,,,,0,5.0,5.0,0,-4.0,-1.7999999999999998,0.0,0.0,0.0,3.0,4.8,0,2,AWAY,0,0
199,2025-01-18 15:15:00,La Liga,Leganes,Atletico Madrid,3.3,10.0,1.0,2.6,2.0,0.8,4.4,10.0,-5.6,1.2,2.0,1.2,1.8,2.2,0.6,-1.0,1.2,0.4,0.4,0.4,0.2,0.4,0.6,-0.8,1.2,1.2,,,,0,5.0,5.0,0,-6.7,-1.6,-1.2,0.0,0.0,1.8,4.6,1,0,HOME,0,0
967,2025-01-18 17:00:00,Serie A,Juventus,AC Milan,4.7,6.0,1.6,1.0,1.4,0.6,3.3,5.6,-2.3,1.4,2.0,2.0,1.6,1.6,1.2,0.4,0.4,0.2,0.4,0.0,0.0,0.2,0.6,-0.6000000000000001,1.2,1.2,,,,0,5.0,5.0,0,-1.2999999999999998,0.6000000000000001,-0.7999999999999999,0.0,0.0,2.2,2.4,2,0,HOME,0,0
200,2025-01-18 17:30:00,La Liga,Real Betis,Alaves,3.3,2.7,1.0,1.4,1.4,1.6,4.4,2.2,2.2,1.8,0.6,1.4,1.4,1.0,2.2,0.4,-0.8,0.4,0.0,0.0,0.2,0.4,0.0,1.2000000000000002,1.2,1.2,,,,0,5.0,5.0,0,0.5999999999999996,-0.3999999999999999,0.20000000000000018,0.0,0.0,2.6,2.8,1,3,AWAY,1,1
600,2025-01-18 17:30:00,Premier League,Arsenal,Aston Villa,8.7,6.7,2.4,1.4,0.8,1.4,7.8,7.8,0.0,2.6,0.6,1.6,0.4,0.2,2.0,1.4,-1.6,0.8,0.2,0.2,0.6,0.8,0.2,2.0,1.2,1.2,,,,0,5.0,5.0,0,1.9999999999999991,1.0,0.5999999999999999,0.0,0.0,3.8,2.2,2,2,DRAW,1,1
1306,2025-01-18 17:30:00,Bundesliga,Bayer Leverkusen,Borussia Mönchengladbach,10.0,4.7,2.6,1.6,0.8,1.8,10.0,3.3,6.7,2.6,1.0,2.6,1.0,0.8,2.0,1.8,-1.0,0.4,0.2,0.2,0.2,0.8,0.2,1.6,1.2,1.2,,,,0,5.0,5.0,0,5.3,1.0,1.0,0.0,0.0,4.4,2.4000000000000004,3,1,HOME,1,1
968,2025-01-18 19:45:00,Serie A,Atalanta,Napoli,6.0,10.0,1.2,2.2,0.8,0.4,3.3,10.0,-6.7,2.6,2.6,2.0,2.0,1.0,0.6,1.0,1.4,0.2,0.4,0.0,0.0,0.8,0.8,0.0,1.2,1.2,,,,0,5.0,5.0,0,-4.0,-1.0000000000000002,-0.4,0.0,0.0,1.6,3.0,2,3,AWAY,1,1
201,2025-01-18 20:00:00,La Liga,Getafe,Barcelona,4.7,2.7,0.6,1.8,0.6,1.6,3.3,1.1,2.1999999999999997,1.4,1.6,0.8,2.6,0.6,1.2,0.2,1.4,0.4,0.2,0.4,0.2,0.4,0.4,-0.20000000000000018,1.2,1.2,,,,0,5.0,5.0,0,2.0,-1.2000000000000002,1.0,0.0,0.0,2.2,2.4,1,1,DRAW,0,1
969,2025-01-19 11:30:00,Serie A,Fiorentina,Torino,0.7,4.0,0.8,0.8,2.0,1.0,1.1,3.3,-2.1999999999999997,1.8,1.0,2.0,0.6,1.4,1.0,0.6,-0.4,0.2,0.4,0.2,0.6,0.6,0.2,0.8,1.2,1.2,,,,0,5.0,5.0,0,-3.3,0.0,-1.0,0.0,0.0,1.8,2.8,1,1,DRAW,0,1
202,2025-01-19 13:00:00,La Liga,Celta Vigo,Athletic Club,4.0,8.7,1.2,1.8,1.2,0.8,3.3,7.8,-4.5,2.0,1.8,1.6,1.2,0.8,0.8,0.8,0.4,0.6,0.2,0.0,0.2,0.6,0.4,0.19999999999999996,1.2,1.2,,,,0,5.0,5.0,0,-4.699999999999999,-0.6000000000000001,-0.3999999999999999,0.0,0.0,2.0,3.0,1,2,AWAY,1,1
601,2025-01-19 14:00:00,Premier League,Manchester United,Brighton,2.7,4.7,1.0,1.2,2.0,0.8,4.4,5.6,-1.1999999999999993,1.2,1.2,1.8,1.6,1.8,1.6,0.0,0.0,0.2,0.2,0.4,0.0,0.4,0.2,0.0,1.2,1.2,,,,0,5.0,5.0,0,-2.0,-0.19999999999999996,-1.2,0.0,0.0,1.8,3.2,1,3,AWAY,1,1
602,2025-01-19 14:00:00,Premier League,Everton,Tottenham,1.3,0.7,0.2,1.4,1.0,2.6,0.0,1.1,-1.1,1.0,1.2,0.8,2.0,0.6,0.8,0.2,1.2,0.6,0.4,0.8,0.4,0.2,0.4,-0.19999999999999996,1.2,1.2,,,,0,5.0,5.0,0,0.6000000000000001,-1.2,1.6,0.0,0.0,2.8000000000000003,2.4,3,2,HOME,1,1
603,2025-01-19 14:00:00,Premier League,Nottingham Forest,Southampton,8.7,0.7,1.8,0.4,0.2,2.2,7.8,0.0,7.8,2.0,0.4,1.2,0.6,1.0,1.4,0.2,-0.8,0.4,0.2,0.0,0.4,0.6,0.0,1.6,1.2,1.2,,,,0,5.0,5.0,0,7.999999999999999,1.4,2.0,0.0,0.0,4.0,0.6000000000000001,3,2,HOME,1,1
970,2025-01-19 14:00:00,Serie A,Cagliari,Lecce,2.7,4.7,0.8,1.2,1.6,1.2,4.4,4.4,0.0,0.8,1.2,0.8,1.0,1.8,1.6,-1.0,-0.6,0.2,0.2,0.6,0.4,0.2,0.4,-0.3999999999999999,1.2,1.2,,,,0,5.0,5.0,0,-2.0,-0.3999999999999999,-0.40000000000000013,0.0,0.0,2.0,2.8,4,1,HOME,1,1
971,2025-01-19 14:00:00,Serie A,Parma,Venezia,2.7,3.3,0.8,1.0,2.0,1.2,4.4,1.1,3.3000000000000003,1.2,0.4,1.6,0.8,1.8,1.8,-0.2,-1.0,0.0,0.0,0.2,0.6,0.4,0.0,0.7999999999999999,1.2,1.2,,,,0,5.0,5.0,0,-0.5999999999999996,-0.19999999999999996,-0.8,0.0,0.0,2.0,3.0,1,1,DRAW,0,1
1307,2025-01-19 14:30:00,Bundesliga,Union Berlin,FSV Mainz 05,0.7,6.0,0.8,2.0,2.4,1.4,0.0,6.7,-6.7,0.6,1.4,0.6,1.8,1.2,1.2,-0.6,0.6,0.2,0.4,0.4,0.4,0.0,0.4,-0.7999999999999999,1.2,1.2,,,,0,5.0,5.0,0,-5.3,-1.2,-1.0,0.0,0.0,2.2,4.4,2,1,HOME,1,1
203,2025-01-19 15:15:00,La Liga,Real Madrid,Las Palmas,6.7,6.7,2.6,1.2,1.6,0.8,7.8,4.4,3.3999999999999995,2.4,2.0,2.4,1.6,1.2,1.2,1.2,0.4,0.6,0.2,0.2,0.4,0.8,0.6,0.3999999999999999,1.2,1.2,,,,0,5.0,5.0,0,0.0,1.4000000000000001,-0.8,0.0,0.0,3.4000000000000004,2.8,4,1,HOME,1,1
604,2025-01-19 16:30:00,Premier League,Ipswich,Manchester City,2.7,5.3,0.8,2.0,1.8,1.2,4.4,7.8,-3.3999999999999995,0.6,1.0,0.6,1.4,1.8,1.6,-1.2,-0.2,0.2,0.2,0.6,0.2,0.2,0.2,-0.4,1.2,1.2,,,,0,5.0,5.0,0,-2.5999999999999996,-1.2,-0.6000000000000001,0.0,0.0,2.0,3.8,0,6,AWAY,1,0
1308,2025-01-19 16:30:00,Bundesliga,Werder Bremen,FC Augsburg,6.7,2.7,2.4,1.0,1.6,2.0,4.4,3.3,1.1000000000000005,1.8,1.0,2.6,1.2,1.8,2.2,0.8,-1.0,0.0,0.2,0.0,0.2,0.4,0.2,0.8,1.2,1.2,,,,0,5.0,5.0,0,4.0,1.4,0.3999999999999999,0.0,0.0,4.4,2.6,0,2,AWAY,0,0
972,2025-01-19 17:00:00,Serie A,Hellas Verona,Lazio,4.7,3.3,1.2,0.8,1.4,2.2,4.4,2.2,2.2,0.8,1.8,0.8,1.0,2.4,1.2,-1.6,-0.2,0.2,0.4,0.6,0.2,0.2,0.6,-1.0,1.2,1.2,,,,0,5.0,5.0,0,1.4000000000000004,0.3999999999999999,0.8000000000000003,0.0,0.0,3.4000000000000004,2.2,0,3,AWAY,1,0
204,2025-01-19 17:30:00,La Liga,Osasuna,Rayo Vallecano,2.0,6.0,0.8,1.6,1.2,1.2,1.1,5.6,-4.5,1.0,1.6,1.4,1.2,1.6,1.0,-0.2,0.2,0.2,0.2,0.0,0.2,0.2,0.4,-0.6000000000000001,1.2,1.2,,,,0,5.0,5.0,0,-4.0,-0.8,0.0,0.0,0.0,2.0,2.8,1,1,DRAW,0,1
973,2025-01-19 19:45:00,Serie A,Inter,Empoli,8.7,0.7,2.8,1.0,0.4,2.0,7.8,1.1,6.699999999999999,2.2,1.0,1.8,1.6,0.8,1.8,1.0,-0.2,0.4,0.0,0.0,0.2,0.6,0.2,1.2000000000000002,1.2,1.2,,,,0,5.0,5.0,0,7.999999999999999,1.7999999999999998,1.6,0.0,0.0,4.8,1.4,3,1,HOME,1,1
205,2025-01-19 20:00:00,La Liga,Valencia,Real Sociedad,2.0,6.7,1.0,1.2,1.4,0.4,2.2,4.4,-2.2,0.8,1.8,1.8,1.2,2.0,0.6,-0.2,0.6,0.0,0.6,0.2,0.4,0.2,0.6,-1.0,1.2,1.2,,,,0,5.0,5.0,0,-4.7,-0.19999999999999996,-0.9999999999999999,0.0,0.0,1.4,2.5999999999999996,1,0,HOME,0,0
974,2025-01-20 19:45:00,Serie A,Como,Udinese,4.7,4.0,1.2,1.0,1.0,1.2,4.4,3.3,1.1000000000000005,1.4,1.6,1.2,1.2,1.0,1.0,0.2,0.2,0.4,0.2,0.2,0.2,0.4,0.4,-0.20000000000000018,1.2,1.2,,,,0,5.0,5.0,0,0.7000000000000002,0.19999999999999996,0.19999999999999996,0.0,0.0,2.4,2.0,4,1,HOME,1,1
206,2025-01-20 20:00:00,La Liga,Villarreal,Mallorca,2.7,6.0,1.4,1.2,1.6,1.8,4.4,6.7,-2.3,1.2,1.2,1.6,1.0,1.2,1.4,0.4,-0.4,0.2,0.2,0.0,0.4,0.2,0.4,0.0,1.2,1.2,,,,0,5.0,5.0,0,-3.3,0.19999999999999996,0.19999999999999996,0.0,0.0,3.2,2.8,4,0,HOME,1,0
605,2025-01-20 20:00:00,Premier League,Chelsea,Wolves,2.0,4.7,0.8,1.4,1.4,1.6,2.2,1.1,1.1,1.6,0.8,1.8,1.2,1.2,2.2,0.6,-1.0,0.2,0.2,0.0,0.4,0.4,0.2,0.8,1.2,1.2,,,,0,5.0,5.0,0,-2.7,-0.5999999999999999,0.20000000000000018,0.0,0.0,2.4000000000000004,2.8,3,1,HOME,1,1
1309,2025-01-24 19:30:00,Bundesliga,VfL Wolfsburg,Holstein Kiel,4.0,4.0,2.2,2.6,2.0,2.6,6.7,3.3,3.4000000000000004,2.0,0.0,2.4,1.2,1.6,2.8,0.8,-1.6,0.2,0.0,0.0,0.0,0.6,0.0,2.0,1.2,1.2,,,,0,5.0,5.0,0,0.0,-0.3999999999999999,0.6000000000000001,0.0,0.0,4.800000000000001,4.6,2,2,DRAW,1,1
975,2025-01-24 19:45:00,Serie A,Torino,Cagliari,2.7,4.7,0.8,1.6,1.2,1.6,3.3,7.8,-4.5,0.6,1.0,0.4,1.2,1.0,1.4,-0.6,-0.2,0.2,0.0,0.6,0.2,0.0,0.2,-0.4,1.2,1.2,,,,0,5.0,5.0,0,-2.0,-0.8,0.40000000000000013,0.0,0.0,2.4000000000000004,2.8,2,0,HOME,0,0
207,2025-01-24 20:00:00,La Liga,Las Palmas,Osasuna,4.7,2.0,1.0,0.8,1.4,1.2,3.3,1.1,2.1999999999999997,1.8,1.0,1.4,0.6,1.2,1.2,0.2,-0.6,0.4,0.4,0.0,0.6,0.6,0.2,0.8,1.2,1.2,,,,0,5.0,5.0,0,2.7,0.19999999999999996,-0.19999999999999996,0.0,0.0,2.2,2.2,1,1,DRAW,0,1
208,2025-01-25 13:00:00,La Liga,Mallorca,Real Betis,4.0,3.3,0.8,1.2,2.4,1.6,6.7,1.1,5.6,1.4,0.8,1.0,1.0,1.6,1.8,-0.6,-0.8,0.2,0.0,0.4,0.4,0.4,0.2,0.5999999999999999,1.2,1.2,,,,0,5.0,5.0,0,0.7000000000000002,-0.3999999999999999,-0.7999999999999998,0.0,0.0,2.4000000000000004,3.5999999999999996,0,1,AWAY,0,0
976,2025-01-25 14:00:00,Serie A,Como,Atalanta,4.7,4.0,1.6,1.4,1.2,1.4,4.4,2.2,2.2,2.0,2.2,2.0,1.4,0.8,0.4,1.2,1.0,0.4,0.6,0.0,0.2,0.6,0.6,-0.20000000000000018,1.2,1.2,,,,0,5.0,5.0,0,0.7000000000000002,0.20000000000000018,0.19999999999999996,0.0,0.0,3.0,2.5999999999999996,1,2,AWAY,1,1
1310,2025-01-25 14:30:00,Bundesliga,SC Freiburg,Bayern München,4.0,8.0,1.6,3.0,3.4,1.0,3.3,10.0,-6.7,2.6,2.0,2.4,1.8,1.2,0.6,1.2,1.2,0.2,0.6,0.2,0.0,0.8,0.6,0.6000000000000001,1.2,1.2,,,,0,5.0,5.0,0,-4.0,-1.4,-2.4,0.0,0.0,2.6,6.4,1,2,AWAY,1,1
1311,2025-01-25 14:30:00,Bundesliga,FSV Mainz 05,VfB Stuttgart,6.0,8.0,1.6,2.0,1.0,0.6,3.3,10.0,-6.7,2.6,1.6,2.0,1.2,0.6,1.4,1.4,-0.2,0.4,0.4,0.0,0.4,0.8,0.4,1.0,1.2,1.2,,,,0,5.0,5.0,0,-2.0,-0.3999999999999999,-0.4,0.0,0.0,2.2,3.0,2,0,HOME,0,0
1312,2025-01-25 14:30:00,Bundesliga,Borussia Dortmund,Werder Bremen,2.7,4.7,1.6,2.2,2.2,2.0,0.0,1.1,-1.1,1.6,1.2,2.0,1.2,1.2,1.8,0.8,-0.6,0.2,0.4,0.0,0.2,0.4,0.4,0.40000000000000013,1.2,1.2,,,,0,5.0,5.0,0,-2.0,-0.6000000000000001,-0.20000000000000018,0.0,0.0,3.6,4.4,2,2,DRAW,1,1
1313,2025-01-25 14:30:00,Bundesliga,FC Augsburg,1. FC Heidenheim,4.0,2.7,1.0,1.2,1.6,2.0,6.7,4.4,2.3,1.4,0.2,0.6,1.4,0.8,3.0,-0.2,-1.6,0.4,0.0,0.6,0.4,0.4,0.0,1.2,1.2,1.2,,,,0,5.0,5.0,0,1.2999999999999998,-0.19999999999999996,0.3999999999999999,0.0,0.0,3.0,2.8,2,1,HOME,1,1
1314,2025-01-25 14:30:00,Bundesliga,RB Leipzig,Bayer Leverkusen,4.7,10.0,2.2,2.8,2.6,0.8,4.4,10.0,-5.6,2.0,2.2,2.0,2.0,1.8,1.2,0.2,0.8,0.2,0.2,0.2,0.0,0.6,0.6,-0.20000000000000018,1.2,1.2,,,,0,5.0,5.0,0,-5.3,-0.5999999999999996,-1.8,0.0,0.0,3.0,5.4,2,2,DRAW,1,1
606,2025-01-25 15:00:00,Premier League,Bournemouth,Nottingham Forest,6.0,8.7,1.8,2.0,1.0,0.6,7.8,7.8,0.0,1.6,2.4,0.8,2.0,0.6,1.0,0.2,1.0,0.6,0.6,0.2,0.2,0.4,0.8,-0.7999999999999998,1.2,1.2,,,,0,5.0,5.0,0,-2.6999999999999993,-0.19999999999999996,-0.4,0.0,0.0,2.4,3.0,5,0,HOME,1,0
607,2025-01-25 15:00:00,Premier League,Wolves,Arsenal,2.7,7.3,1.0,1.8,2.2,1.0,0.0,5.6,-5.6,1.2,2.2,1.4,3.0,1.8,1.2,-0.4,1.8,0.4,0.0,0.2,0.0,0.4,0.6,-1.0000000000000002,1.2,1.2,,,,0,5.0,5.0,0,-4.6,-0.8,-1.2000000000000002,0.0,0.0,2.0,4.0,0,1,AWAY,0,0
608,2025-01-25 15:00:00,Premier League,Liverpool,Ipswich,7.3,2.7,2.6,0.8,0.8,2.2,5.6,1.1,4.5,2.2,1.4,2.2,1.2,1.0,1.2,1.2,0.0,0.4,0.0,0.0,0.4,0.6,0.4,0.8000000000000003,1.2,1.2,,,,0,5.0,5.0,0,4.6,1.8,1.4000000000000001,0.0,0.0,4.800000000000001,1.6,4,1,HOME,1,1
609,2025-01-25 15:00:00,Premier League,Southampton,Newcastle,0.0,8.0,0.8,2.2,2.8,1.0,0.0,6.7,-6.7,0.0,2.0,0.6,2.2,3.8,1.2,-3.2,1.0,0.0,0.4,0.6,0.0,0.0,0.6,-2.0,1.2,1.2,,,,0,5.0,5.0,0,-8.0,-1.4000000000000001,-1.7999999999999998,0.0,0.0,1.8,5.0,1,3,AWAY,1,1
610,2025-01-25 15:00:00,Premier League,Brighton,Everton,6.0,2.7,1.6,0.8,0.8,1.4,7.8,3.3,4.5,1.2,0.6,1.0,0.2,1.2,1.2,-0.2,-1.0,0.2,0.4,0.2,0.8,0.2,0.0,0.6,1.2,1.2,,,,0,5.0,5.0,0,3.3,0.8,0.5999999999999999,0.0,0.0,3.0,1.6,0,1,AWAY,0,0
209,2025-01-25 15:15:00,La Liga,Atletico Madrid,Villarreal,8.0,4.7,1.6,2.2,1.0,1.2,6.7,6.7,0.0,3.0,0.8,2.0,1.4,0.8,1.6,1.2,-0.2,0.6,0.0,0.0,0.6,1.0,0.2,2.2,1.2,1.2,,,,0,5.0,5.0,0,3.3,-0.6000000000000001,0.19999999999999996,0.0,0.0,2.8,3.2,1,1,DRAW,0,1
977,2025-01-25 17:00:00,Serie A,Napoli,Juventus,10.0,6.0,2.2,1.6,0.6,1.0,10.0,5.6,4.4,1.8,1.4,0.8,1.0,0.8,0.8,0.0,0.2,0.6,0.2,0.4,0.2,0.6,0.2,0.40000000000000013,1.2,1.2,,,,0,5.0,5.0,0,4.0,0.6000000000000001,0.4,0.0,0.0,3.2,2.2,2,1,HOME,1,1
210,2025-01-25 17:30:00,La Liga,Sevilla,Espanyol,4.7,4.0,1.8,0.8,2.0,0.8,4.4,4.4,0.0,1.6,0.0,0.8,0.4,0.8,2.2,0.0,-1.8,0.4,0.0,0.2,0.6,0.4,0.0,1.6,1.2,1.2,,,,0,5.0,5.0,0,0.7000000000000002,1.0,-1.2,0.0,0.0,2.6,2.8,1,1,DRAW,0,1
611,2025-01-25 17:30:00,Premier League,Manchester City,Chelsea,7.3,3.3,3.0,1.4,0.8,1.6,7.8,5.6,2.2,1.4,1.6,1.8,2.0,1.6,1.4,0.2,0.6,0.2,0.2,0.2,0.4,0.4,0.4,-0.20000000000000018,1.2,1.2,,,,0,5.0,5.0,0,4.0,1.6,0.8,0.0,0.0,4.6,2.2,3,1,HOME,1,1
1315,2025-01-25 17:30:00,Bundesliga,Borussia Mönchengladbach,VfL Bochum,4.0,5.3,1.6,1.4,2.2,1.2,0.0,4.4,-4.4,2.0,0.2,2.2,0.6,0.8,2.6,1.4,-2.0,0.2,0.0,0.2,0.6,0.6,0.0,1.8,1.2,1.2,,,,0,5.0,5.0,0,-1.2999999999999998,0.20000000000000018,-1.0000000000000002,0.0,0.0,2.8,3.6,3,0,HOME,1,0
978,2025-01-25 19:45:00,Serie A,Empoli,Bologna,0.7,5.3,1.2,2.2,2.4,1.6,1.1,5.6,-4.5,0.8,1.6,0.8,1.8,1.4,1.8,-0.6,0.0,0.2,0.2,0.2,0.2,0.2,0.4,-0.8,1.2,1.2,,,,0,5.0,5.0,0,-4.6,-1.0000000000000002,-0.7999999999999998,0.0,0.0,2.8,4.6,1,1,DRAW,0,1
211,2025-01-25 20:00:00,La Liga,Valladolid,Real Madrid,4.0,8.7,0.8,3.2,1.4,1.4,3.3,10.0,-6.7,1.4,2.0,0.8,2.4,1.6,1.2,-0.8,1.2,0.4,0.4,0.2,0.0,0.4,0.6,-0.6000000000000001,1.2,1.2,,,,0,5.0,5.0,0,-4.699999999999999,-2.4000000000000004,0.0,0.0,0.0,2.2,4.6,0,3,AWAY,1,0
979,2025-01-26 11:30:00,Serie A,AC Milan,Parma,5.3,3.3,1.0,0.6,1.0,1.6,4.4,2.2,2.2,1.4,0.8,1.0,0.6,0.4,2.0,0.6,-1.4,0.6,0.2,0.4,0.6,0.2,0.2,0.5999999999999999,1.2,1.2,,,,0,5.0,5.0,0,2.0,0.4,0.6000000000000001,0.0,0.0,2.6,1.6,3,2,HOME,1,1
212,2025-01-26 13:00:00,La Liga,Rayo Vallecano,Girona,4.7,4.0,1.6,1.2,1.4,1.4,5.6,6.7,-1.1000000000000005,1.4,1.4,1.6,1.0,1.8,1.0,-0.2,0.0,0.2,0.4,0.0,0.2,0.4,0.4,0.0,1.2,1.2,,,,0,5.0,5.0,0,0.7000000000000002,0.40000000000000013,0.0,0.0,0.0,3.0,2.5999999999999996,2,1,HOME,1,1
612,2025-01-26 14:00:00,Premier League,Tottenham,Leicester,0.7,0.0,1.2,0.4,2.0,2.2,0.0,0.0,0.0,0.4,0.0,2.0,0.6,3.0,3.2,-1.0,-2.6,0.0,0.0,0.0,0.4,0.0,0.0,0.4,1.2,1.2,,,,0,5.0,5.0,0,0.7,0.7999999999999999,0.20000000000000018,0.0,0.0,3.4000000000000004,2.4,1,2,AWAY,1,1
613,2025-01-26 14:00:00,Premier League,Crystal Palace,Brentford,7.3,3.3,1.4,1.6,0.4,1.4,7.8,4.4,3.3999999999999995,1.2,1.0,1.4,1.4,2.0,1.0,-0.6,0.4,0.0,0.6,0.0,0.4,0.2,0.2,0.19999999999999996,1.2,1.2,,,,0,5.0,5.0,0,4.0,-0.20000000000000018,0.9999999999999999,0.0,0.0,2.8,2.0,1,2,AWAY,1,1
980,2025-01-26 14:00:00,Serie A,Udinese,AS Roma,4.0,7.3,1.0,2.6,1.4,0.8,2.2,7.8,-5.6,0.4,0.4,0.6,1.0,1.8,1.8,-1.2,-0.8,0.2,0.0,0.6,0.4,0.0,0.0,0.0,1.2,1.2,,,,0,5.0,5.0,0,-3.3,-1.6,-0.5999999999999999,0.0,0.0,1.8,4.0,1,2,AWAY,1,1
1316,2025-01-26 14:30:00,Bundesliga,1899 Hoffenheim,Eintracht Frankfurt,2.7,6.0,1.0,1.8,2.0,1.2,3.3,10.0,-6.7,0.8,2.0,1.2,2.0,1.8,1.0,-0.6,1.0,0.0,0.4,0.4,0.0,0.2,0.6,-1.2,1.2,1.2,,,,0,5.0,5.0,0,-3.3,-0.8,-0.8,0.0,0.0,2.2,3.8,2,2,DRAW,1,1
213,2025-01-26 15:15:00,La Liga,Real Sociedad,Getafe,4.7,4.7,0.8,0.8,0.6,0.8,3.3,4.4,-1.1000000000000005,2.0,1.4,0.8,1.0,0.4,0.8,0.4,0.2,0.8,0.4,0.4,0.6,0.6,0.4,0.6000000000000001,1.2,1.2,,,,0,5.0,5.0,0,0.0,0.0,0.20000000000000007,0.0,0.0,1.6,1.4,0,3,AWAY,1,0
614,2025-01-26 16:30:00,Premier League,Aston Villa,West Ham,5.3,4.0,1.4,1.0,1.6,2.6,7.8,3.3,4.5,2.6,1.4,2.0,1.2,1.0,1.6,1.0,-0.4,0.2,0.4,0.0,0.0,0.8,0.4,1.2000000000000002,1.2,1.2,,,,0,5.0,5.0,0,1.2999999999999998,0.3999999999999999,1.0,0.0,0.0,4.0,2.6,1,1,DRAW,0,1
1317,2025-01-26 16:30:00,Bundesliga,FC St. Pauli,Union Berlin,4.0,2.7,0.6,0.8,0.8,2.0,3.3,3.3,0.0,0.8,0.0,0.6,0.6,1.0,2.6,-0.4,-2.0,0.2,0.0,0.8,0.6,0.2,0.0,0.8,1.2,1.2,,,,0,5.0,5.0,0,1.2999999999999998,-0.20000000000000007,1.2,0.0,0.0,2.6,1.6,3,0,HOME,1,0
981,2025-01-26 17:00:00,Serie A,Lecce,Inter,2.7,8.7,1.0,2.2,1.8,0.6,4.4,7.8,-3.3999999999999995,1.2,3.0,1.0,3.6,1.0,0.0,0.0,3.6,0.2,1.0,0.2,0.0,0.2,1.0,-1.8,1.2,1.2,,,,0,5.0,5.0,0,-5.999999999999999,-1.2000000000000002,-1.2000000000000002,0.0,0.0,1.6,4.0,0,4,AWAY,1,0
214,2025-01-26 17:30:00,La Liga,Athletic Club,Leganes,8.7,4.7,1.8,1.0,0.8,1.8,7.8,4.4,3.3999999999999995,2.6,1.0,2.0,1.4,0.6,1.8,1.4,-0.4,0.4,0.2,0.0,0.0,0.8,0.2,1.6,1.2,1.2,,,,0,5.0,5.0,0,3.999999999999999,0.8,1.0,0.0,0.0,3.6,1.8,0,0,DRAW,0,0
615,2025-01-26 19:00:00,Premier League,Fulham,Manchester United,5.3,2.7,2.0,1.2,1.6,2.0,4.4,4.4,0.0,1.4,1.0,1.6,1.0,1.2,1.6,0.4,-0.6,0.2,0.0,0.2,0.4,0.2,0.2,0.3999999999999999,1.2,1.2,,,,0,5.0,5.0,0,2.5999999999999996,0.8,0.3999999999999999,0.0,0.0,4.0,2.8,0,1,AWAY,0,0
982,2025-01-26 19:45:00,Serie A,Lazio,Fiorentina,5.3,1.3,1.4,1.0,1.0,2.0,4.4,1.1,3.3000000000000003,1.6,1.4,1.4,1.2,1.8,1.0,-0.4,0.2,0.2,0.4,0.2,0.2,0.4,0.4,0.20000000000000018,1.2,1.2,,,,0,5.0,5.0,0,4.0,0.3999999999999999,1.0,0.0,0.0,3.4,2.0,1,2,AWAY,1,1
215,2025-01-26 20:00:00,La Liga,Barcelona,Valencia,3.3,4.0,1.8,1.2,1.4,1.2,1.1,4.4,-3.3000000000000003,1.2,0.6,2.0,0.8,1.4,1.2,0.6,-0.4,0.0,0.0,0.2,0.2,0.4,0.0,0.6,1.2,1.2,,,,0,5.0,5.0,0,-0.7000000000000002,0.6000000000000001,-0.19999999999999996,0.0,0.0,3.0,2.5999999999999996,7,1,HOME,1,1
983,2025-01-27 17:30:00,Serie A,Venezia,Hellas Verona,3.3,2.7,0.8,0.6,1.0,1.6,2.2,1.1,1.1,1.0,1.2,1.0,1.4,1.2,2.0,-0.2,-0.6,0.0,0.0,0.4,0.4,0.2,0.4,-0.19999999999999996,1.2,1.2,,,,0,5.0,5.0,0,0.5999999999999996,0.20000000000000007,0.6000000000000001,0.0,0.0,2.4000000000000004,1.6,1,1,DRAW,0,1
984,2025-01-27 19:45:00,Serie A,Genoa,Monza,4.7,2.0,1.0,1.2,1.2,2.0,4.4,3.3,1.1000000000000005,1.2,0.4,1.0,1.0,1.0,1.8,0.0,-0.8,0.4,0.0,0.2,0.0,0.2,0.0,0.7999999999999999,1.2,1.2,,,,0,5.0,5.0,0,2.7,-0.19999999999999996,0.8,0.0,0.0,3.0,2.4,2,0,HOME,0,0
216,2025-01-27 20:00:00,La Liga,Alaves,Celta Vigo,4.0,4.0,1.6,1.2,1.4,1.0,4.4,3.3,1.1000000000000005,1.0,0.2,1.0,0.8,1.2,2.2,-0.2,-1.4,0.2,0.0,0.2,0.4,0.2,0.0,0.8,1.2,1.2,,,,0,5.0,5.0,0,0.0,0.40000000000000013,-0.3999999999999999,0.0,0.0,2.6,2.5999999999999996,1,1,DRAW,0,1
1318,2025-01-31 19:30:00,Bundesliga,Werder Bremen,FSV Mainz 05,3.3,6.0,2.2,1.6,2.4,0.8,2.2,3.3,-1.0999999999999996,1.6,1.2,2.2,2.0,1.8,1.6,0.4,0.4,0.0,0.2,0.2,0.2,0.4,0.4,0.40000000000000013,1.2,1.2,,,,0,5.0,5.0,0,-2.7,0.6000000000000001,-1.5999999999999999,0.0,0.0,3.0,4.0,1,0,HOME,0,0
985,2025-01-31 19:45:00,Serie A,Parma,Lecce,3.3,2.7,1.0,0.8,1.2,2.2,1.1,3.3,-2.1999999999999997,1.4,1.2,1.8,1.2,1.8,2.2,0.0,-1.0,0.0,0.2,0.0,0.2,0.4,0.4,0.19999999999999996,1.2,1.2,,,,0,5.0,5.0,0,0.5999999999999996,0.19999999999999996,1.0000000000000002,0.0,0.0,3.2,2.0,1,3,AWAY,1,1
217,2025-01-31 20:00:00,La Liga,Leganes,Rayo Vallecano,5.3,6.0,1.0,1.4,1.2,1.0,5.6,7.8,-2.2,1.2,1.8,0.8,1.4,2.2,1.0,-1.4,0.4,0.4,0.2,0.4,0.0,0.4,0.4,-0.6000000000000001,1.2,1.2,,,,0,5.0,5.0,0,-0.7000000000000002,-0.3999999999999999,-0.19999999999999996,0.0,0.0,2.0,2.5999999999999996,0,1,AWAY,0,0
616,2025-02-01 12:30:00,Premier League,Nottingham Forest,Brighton,6.7,5.3,1.8,1.6,1.6,1.0,4.4,6.7,-2.3,2.6,1.8,1.6,2.0,0.8,1.2,0.8,0.8,0.4,0.2,0.0,0.0,0.8,0.4,0.8,1.2,1.2,,,,0,5.0,5.0,0,1.4000000000000004,0.19999999999999996,-0.6000000000000001,0.0,0.0,2.8,3.2,7,0,HOME,1,0
218,2025-02-01 13:00:00,La Liga,Getafe,Sevilla,4.7,5.3,1.2,1.4,0.8,1.4,7.8,5.6,2.2,1.4,1.2,0.8,2.0,0.6,2.2,0.2,-0.2,0.4,0.0,0.4,0.2,0.4,0.4,0.19999999999999996,1.2,1.2,,,,0,5.0,5.0,0,-0.5999999999999996,-0.19999999999999996,0.5999999999999999,0.0,0.0,2.5999999999999996,2.2,0,0,DRAW,0,0
986,2025-02-01 14:00:00,Serie A,Udinese,Venezia,2.0,2.0,0.8,0.6,1.6,1.0,1.1,2.2,-1.1,0.4,0.4,0.8,0.6,1.8,1.6,-1.0,-1.0,0.2,0.0,0.4,0.6,0.0,0.0,0.0,1.2,1.2,,,,0,5.0,5.0,0,0.0,0.20000000000000007,-0.6000000000000001,0.0,0.0,1.8,2.2,3,2,HOME,1,1
987,2025-02-01 14:00:00,Serie A,Monza,Hellas Verona,2.0,3.3,1.0,0.8,2.0,1.6,3.3,1.1,2.1999999999999997,0.6,1.4,1.0,1.4,1.6,1.6,-0.6,-0.2,0.0,0.0,0.2,0.4,0.2,0.4,-0.7999999999999999,1.2,1.2,,,,0,5.0,5.0,0,-1.2999999999999998,0.19999999999999996,-0.3999999999999999,0.0,0.0,2.6,2.8,0,1,AWAY,0,0
1319,2025-02-01 14:30:00,Bundesliga,Bayern München,Holstein Kiel,10.0,4.7,3.2,2.8,0.8,2.2,10.0,4.4,5.6,3.0,0.2,4.0,1.4,1.0,2.8,3.0,-1.4,0.4,0.0,0.0,0.0,1.0,0.0,2.8,1.2,1.2,,,,0,5.0,5.0,0,5.3,0.40000000000000036,1.4000000000000001,0.0,0.0,5.4,3.5999999999999996,4,3,HOME,1,1
1320,2025-02-01 14:30:00,Bundesliga,VfB Stuttgart,Borussia Mönchengladbach,6.0,4.0,1.4,1.4,0.8,2.0,6.7,3.3,3.4000000000000004,2.4,0.8,2.2,1.0,0.8,2.4,1.4,-1.4,0.4,0.2,0.2,0.2,0.8,0.2,1.5999999999999999,1.2,1.2,,,,0,5.0,5.0,0,2.0,0.0,1.2,0.0,0.0,3.4,2.2,1,2,AWAY,1,1
1321,2025-02-01 14:30:00,Bundesliga,VfL Bochum,SC Freiburg,4.7,2.0,1.2,1.2,1.6,3.4,4.4,0.0,4.4,1.6,0.2,1.4,0.6,1.0,3.6,0.4,-3.0,0.4,0.0,0.2,0.4,0.4,0.0,1.4000000000000001,1.2,1.2,,,,0,5.0,5.0,0,2.7,0.0,1.7999999999999998,0.0,0.0,4.6,2.8,0,1,AWAY,0,0
1322,2025-02-01 14:30:00,Bundesliga,1. FC Heidenheim,Borussia Dortmund,2.7,2.7,1.2,1.8,1.8,2.4,1.1,1.1,0.0,0.6,0.8,0.8,1.4,2.4,2.2,-1.6,-0.8,0.2,0.0,0.4,0.2,0.2,0.2,-0.20000000000000007,1.2,1.2,,,,0,5.0,5.0,0,0.0,-0.6000000000000001,0.5999999999999999,0.0,0.0,3.5999999999999996,3.6,1,2,AWAY,1,1
1323,2025-02-01 14:30:00,Bundesliga,FC St. Pauli,FC Augsburg,6.0,6.0,1.2,1.4,0.4,1.4,6.7,10.0,-3.3,1.2,1.4,1.2,1.4,1.0,2.0,0.2,-0.6,0.2,0.4,0.6,0.2,0.4,0.4,-0.19999999999999996,1.2,1.2,,,,0,5.0,5.0,0,0.0,-0.19999999999999996,0.9999999999999999,0.0,0.0,2.5999999999999996,1.7999999999999998,1,1,DRAW,0,1
617,2025-02-01 15:00:00,Premier League,Newcastle,Fulham,8.0,3.3,2.2,1.6,1.2,1.6,6.7,3.3,3.4000000000000004,2.0,1.6,2.8,1.8,1.4,1.4,1.4,0.4,0.6,0.2,0.0,0.0,0.6,0.4,0.3999999999999999,1.2,1.2,,,,0,5.0,5.0,0,4.7,0.6000000000000001,0.40000000000000013,0.0,0.0,3.8000000000000003,2.8,1,2,AWAY,1,1
618,2025-02-01 15:00:00,Premier League,Bournemouth,Liverpool,7.3,7.3,2.8,2.8,1.0,0.8,7.8,7.8,0.0,2.2,2.2,1.6,3.4,0.2,1.4,1.4,2.0,0.8,0.4,0.2,0.0,0.6,0.6,0.0,1.2,1.2,,,,0,5.0,5.0,0,0.0,0.0,-0.19999999999999996,0.0,0.0,3.5999999999999996,3.8,0,2,AWAY,0,0
619,2025-02-01 15:00:00,Premier League,Everton,Leicester,4.0,2.0,0.8,0.6,1.2,1.8,6.7,3.3,3.4000000000000004,1.4,0.6,1.4,1.0,1.0,2.8,0.4,-1.8,0.4,0.0,0.6,0.2,0.4,0.2,0.7999999999999999,1.2,1.2,,,,0,5.0,5.0,0,2.0,0.20000000000000007,0.6000000000000001,0.0,0.0,2.6,1.7999999999999998,4,0,HOME,1,0
620,2025-02-01 15:00:00,Premier League,Ipswich,Southampton,2.7,0.0,1.0,1.0,2.8,3.2,0.0,0.0,0.0,0.6,0.2,0.6,0.8,2.8,1.8,-2.2,-1.0,0.2,0.2,0.6,0.4,0.2,0.0,0.39999999999999997,1.2,1.2,,,,0,5.0,5.0,0,2.7,0.0,0.40000000000000036,0.0,0.0,4.2,3.8,1,2,AWAY,1,1
219,2025-02-01 15:15:00,La Liga,Villarreal,Valladolid,5.3,4.0,2.2,0.6,1.0,1.6,4.4,3.3,1.1000000000000005,1.6,0.0,2.2,0.4,1.0,2.0,1.2,-1.6,0.4,0.0,0.0,0.6,0.4,0.0,1.6,1.2,1.2,,,,0,5.0,5.0,0,1.2999999999999998,1.6,0.6000000000000001,0.0,0.0,3.8000000000000003,1.6,5,1,HOME,1,1
988,2025-02-01 17:00:00,Serie A,Atalanta,Torino,4.0,4.7,1.2,1.2,1.2,0.8,4.4,5.6,-1.1999999999999993,2.0,1.2,2.0,0.8,1.6,1.0,0.4,-0.2,0.0,0.4,0.0,0.4,0.6,0.2,0.8,1.2,1.2,,,,0,5.0,5.0,0,-0.7000000000000002,0.0,-0.3999999999999999,0.0,0.0,2.0,2.4,1,1,DRAW,0,1
220,2025-02-01 17:30:00,La Liga,Atletico Madrid,Mallorca,6.7,4.0,1.0,0.6,0.6,1.6,4.4,3.3,1.1000000000000005,2.6,1.2,1.8,0.8,1.0,1.8,0.8,-1.0,0.4,0.2,0.0,0.6,0.8,0.4,1.4000000000000001,1.2,1.2,,,,0,5.0,5.0,0,2.7,0.4,1.0,0.0,0.0,2.6,1.2,2,0,HOME,0,0
621,2025-02-01 17:30:00,Premier League,Wolves,Aston Villa,0.7,6.0,0.6,1.6,2.4,1.2,0.0,5.6,-5.6,0.6,0.8,1.0,0.8,2.0,2.0,-1.0,-1.2,0.2,0.2,0.4,0.4,0.2,0.2,-0.20000000000000007,1.2,1.2,,,,0,5.0,5.0,0,-5.3,-1.0,-1.2,0.0,0.0,1.7999999999999998,4.0,2,0,HOME,0,0
1324,2025-02-01 17:30:00,Bundesliga,Union Berlin,RB Leipzig,2.0,3.3,0.6,2.2,2.4,2.8,3.3,2.2,1.0999999999999996,1.0,0.8,0.8,2.0,1.2,2.8,-0.4,-0.8,0.2,0.2,0.4,0.0,0.2,0.2,0.19999999999999996,1.2,1.2,,,,0,5.0,5.0,0,-1.2999999999999998,-1.6,0.3999999999999999,0.0,0.0,3.4,4.6,0,0,DRAW,0,0
989,2025-02-01 19:45:00,Serie A,Bologna,Como,4.0,4.7,2.0,1.8,1.8,1.2,5.6,3.3,2.3,2.0,0.6,2.2,0.8,1.2,1.4,1.0,-0.6,0.4,0.0,0.0,0.4,0.6,0.0,1.4,1.2,1.2,,,,0,5.0,5.0,0,-0.7000000000000002,0.19999999999999996,-0.6000000000000001,0.0,0.0,3.2,3.6,2,0,HOME,0,0
221,2025-02-01 20:00:00,La Liga,Espanyol,Real Madrid,4.0,8.7,1.0,3.2,1.0,1.4,5.6,10.0,-4.4,1.8,2.0,1.4,2.4,0.8,1.2,0.6,1.2,0.2,0.4,0.2,0.0,0.4,0.6,-0.19999999999999996,1.2,1.2,,,,0,5.0,5.0,0,-4.699999999999999,-2.2,0.3999999999999999,0.0,0.0,2.4,4.2,1,0,HOME,0,0
990,2025-02-02 11:30:00,Serie A,Juventus,Empoli,4.0,1.3,1.4,1.0,1.2,2.0,4.4,1.1,3.3000000000000003,1.8,0.8,2.0,1.6,1.2,2.2,0.8,-0.6,0.4,0.0,0.0,0.2,0.4,0.2,1.0,1.2,1.2,,,,0,5.0,5.0,0,2.7,0.3999999999999999,0.8,0.0,0.0,3.4,2.2,4,1,HOME,1,1
222,2025-02-02 13:00:00,La Liga,Barcelona,Alaves,3.3,4.0,2.2,1.4,1.4,1.2,4.4,4.4,0.0,1.2,1.2,2.4,2.0,1.4,1.8,1.0,0.2,0.0,0.0,0.2,0.0,0.4,0.2,0.0,1.2,1.2,,,,0,5.0,5.0,0,-0.7000000000000002,0.8000000000000003,-0.19999999999999996,0.0,0.0,3.4000000000000004,2.8,1,0,HOME,0,0
622,2025-02-02 14:00:00,Premier League,Manchester United,Crystal Palace,4.7,6.7,1.4,1.6,1.6,0.8,6.7,6.7,0.0,0.6,2.6,1.2,1.6,2.4,0.2,-1.2,1.4,0.0,0.8,0.4,0.2,0.2,0.8,-2.0,1.2,1.2,,,,0,5.0,5.0,0,-2.0,-0.20000000000000018,-0.8,0.0,0.0,2.2,3.2,0,2,AWAY,0,0
623,2025-02-02 14:00:00,Premier League,Brentford,Tottenham,4.7,0.7,2.0,1.4,1.6,2.2,4.4,0.0,4.4,0.8,0.6,1.4,1.6,2.2,1.4,-0.8,0.2,0.0,0.2,0.4,0.4,0.2,0.2,0.20000000000000007,1.2,1.2,,,,0,5.0,5.0,0,4.0,0.6000000000000001,0.6000000000000001,0.0,0.0,4.2,3.0,0,2,AWAY,0,0
991,2025-02-02 14:00:00,Serie A,Fiorentina,Genoa,3.3,6.7,1.2,1.2,1.8,0.8,4.4,6.7,-2.3,1.4,1.6,1.2,1.0,1.4,0.8,-0.2,0.2,0.2,0.6,0.2,0.4,0.4,0.4,-0.20000000000000018,1.2,1.2,,,,0,5.0,5.0,0,-3.4000000000000004,0.0,-1.0,0.0,0.0,2.0,3.0,2,1,HOME,1,1
1325,2025-02-02 14:30:00,Bundesliga,Eintracht Frankfurt,VfL Wolfsburg,6.7,4.7,2.0,2.2,1.2,1.8,7.8,4.4,3.3999999999999995,2.0,1.8,2.0,2.6,1.2,1.6,0.8,1.0,0.4,0.2,0.0,0.0,0.6,0.6,0.19999999999999996,1.2,1.2,,,,0,5.0,5.0,0,2.0,-0.20000000000000018,0.6000000000000001,0.0,0.0,3.8,3.4000000000000004,1,1,DRAW,0,1
223,2025-02-02 15:15:00,La Liga,Valencia,Celta Vigo,3.3,2.7,1.2,1.0,2.4,1.2,4.4,1.1,3.3000000000000003,1.4,0.4,1.6,1.0,1.4,1.8,0.2,-0.8,0.2,0.0,0.2,0.2,0.4,0.0,0.9999999999999999,1.2,1.2,,,,0,5.0,5.0,0,0.5999999999999996,0.19999999999999996,-1.2,0.0,0.0,2.4,3.4,2,1,HOME,1,1
624,2025-02-02 16:30:00,Premier League,Arsenal,Manchester City,7.3,8.7,1.8,3.4,1.0,0.8,7.8,7.8,0.0,2.2,1.6,1.4,2.6,0.6,1.2,0.8,1.4,0.6,0.4,0.2,0.0,0.6,0.4,0.6000000000000001,1.2,1.2,,,,0,5.0,5.0,0,-1.3999999999999995,-1.5999999999999999,-0.19999999999999996,0.0,0.0,2.6,4.4,5,1,HOME,1,1
1326,2025-02-02 16:30:00,Bundesliga,Bayer Leverkusen,1899 Hoffenheim,8.7,2.7,2.8,1.2,1.2,2.2,7.8,4.4,3.3999999999999995,3.0,1.0,3.2,0.8,1.0,1.8,2.2,-1.0,0.2,0.2,0.0,0.6,1.0,0.2,2.0,1.2,1.2,,,,0,5.0,5.0,0,5.999999999999999,1.5999999999999999,1.0000000000000002,0.0,0.0,5.0,2.4,3,1,HOME,1,1
992,2025-02-02 17:00:00,Serie A,AC Milan,Inter,5.3,8.7,1.4,2.6,1.4,0.6,6.7,7.8,-1.0999999999999996,1.8,3.0,1.6,3.8,0.8,0.0,0.8,3.8,0.4,1.0,0.2,0.0,0.4,1.0,-1.2,1.2,1.2,,,,0,5.0,5.0,0,-3.3999999999999995,-1.2000000000000002,-0.7999999999999999,0.0,0.0,2.0,4.0,1,1,DRAW,0,1
224,2025-02-02 17:30:00,La Liga,Osasuna,Real Sociedad,2.0,2.7,0.6,0.2,1.0,1.2,2.2,3.3,-1.0999999999999996,1.2,1.2,1.4,1.0,1.4,0.8,0.0,0.2,0.2,0.4,0.0,0.6,0.2,0.4,0.0,1.2,1.2,,,,0,5.0,5.0,0,-0.7000000000000002,0.39999999999999997,0.19999999999999996,0.0,0.0,1.7999999999999998,1.2,2,1,HOME,1,1
993,2025-02-02 19:45:00,Serie A,AS Roma,Napoli,7.3,10.0,2.0,2.2,1.0,0.6,7.8,10.0,-2.2,2.4,3.0,2.8,2.4,0.8,0.8,2.0,1.6,0.4,0.4,0.2,0.0,0.8,1.0,-0.6000000000000001,1.2,1.2,,,,0,5.0,5.0,0,-2.7,-0.20000000000000018,-0.4,0.0,0.0,2.6,3.2,1,1,DRAW,0,1
225,2025-02-02 20:00:00,La Liga,Real Betis,Athletic Club,4.7,7.3,1.0,1.4,1.2,0.6,3.3,7.8,-4.5,1.2,2.2,1.4,1.6,1.6,1.0,-0.2,0.6,0.2,0.0,0.0,0.0,0.2,0.6,-1.0000000000000002,1.2,1.2,,,,0,5.0,5.0,0,-2.5999999999999996,-0.3999999999999999,-0.6,0.0,0.0,1.6,2.5999999999999996,2,2,DRAW,1,1
994,2025-02-03 19:45:00,Serie A,Cagliari,Lazio,4.7,3.3,1.4,1.2,1.6,1.2,4.4,4.4,0.0,1.4,1.8,1.6,1.4,1.6,1.2,0.0,0.2,0.2,0.4,0.4,0.2,0.4,0.6,-0.40000000000000013,1.2,1.2,,,,0,5.0,5.0,0,1.4000000000000004,0.19999999999999996,-0.40000000000000013,0.0,0.0,2.5999999999999996,2.8,1,2,AWAY,1,1
226,2025-02-03 20:00:00,La Liga,Girona,Las Palmas,4.0,3.3,1.4,0.8,1.2,1.4,3.3,1.1,2.1999999999999997,1.8,1.4,2.4,1.2,1.8,1.6,0.6,-0.4,0.2,0.2,0.2,0.4,0.6,0.4,0.40000000000000013,1.2,1.2,,,,0,5.0,5.0,0,0.7000000000000002,0.5999999999999999,0.19999999999999996,0.0,0.0,2.8,2.0,2,1,HOME,1,1
625,2025-02-03 20:00:00,Premier League,Chelsea,West Ham,3.3,2.7,1.4,1.0,1.8,2.8,4.4,4.4,0.0,2.0,1.0,2.2,1.0,1.2,1.8,1.0,-0.8,0.2,0.2,0.0,0.0,0.6,0.2,1.0,1.2,1.2,,,,0,5.0,5.0,0,0.5999999999999996,0.3999999999999999,0.9999999999999998,0.0,0.0,4.199999999999999,2.8,2,1,HOME,1,1
995,2025-02-06 19:45:00,Serie A,Fiorentina,Inter,4.7,7.3,1.2,2.2,1.6,0.8,7.8,7.8,0.0,1.4,2.6,1.0,3.0,1.4,0.2,-0.4,2.8,0.2,0.8,0.2,0.0,0.4,0.8,-1.2000000000000002,1.2,1.2,,,,0,5.0,5.0,0,-2.5999999999999996,-1.0000000000000002,-0.8,0.0,0.0,2.0,3.8000000000000003,3,0,HOME,1,0
1327,2025-02-07 19:30:00,Bundesliga,Bayern München,Werder Bremen,10.0,3.3,3.0,1.6,1.2,2.2,10.0,4.4,5.6,3.0,1.4,4.2,1.4,1.6,1.4,2.6,0.0,0.2,0.4,0.0,0.2,1.0,0.4,1.6,1.2,1.2,,,,0,5.0,5.0,0,6.7,1.4,1.0000000000000002,0.0,0.0,5.2,2.8,3,0,HOME,1,0
996,2025-02-07 19:45:00,Serie A,Como,Juventus,2.7,5.3,1.4,1.8,1.6,1.0,3.3,6.7,-3.4000000000000004,1.8,1.2,2.0,1.2,1.0,1.2,1.0,0.0,0.4,0.0,0.0,0.0,0.6,0.2,0.6000000000000001,1.2,1.2,,,,0,5.0,5.0,0,-2.5999999999999996,-0.40000000000000013,-0.6000000000000001,0.0,0.0,2.4,3.4000000000000004,1,2,AWAY,1,1
227,2025-02-07 20:00:00,La Liga,Rayo Vallecano,Valladolid,7.3,2.0,1.4,0.6,0.8,2.6,7.8,0.0,7.8,1.4,0.0,1.8,0.6,2.0,2.8,-0.2,-2.2,0.0,0.0,0.0,0.4,0.4,0.0,1.4,1.2,1.2,,,,0,5.0,5.0,0,5.3,0.7999999999999999,1.8,0.0,0.0,4.0,1.4,1,0,HOME,0,0
228,2025-02-08 13:00:00,La Liga,Celta Vigo,Real Betis,2.7,3.3,1.2,1.0,1.4,1.4,1.1,4.4,-3.3000000000000003,2.0,1.2,1.6,1.0,0.8,1.6,0.8,-0.6,0.6,0.2,0.0,0.4,0.6,0.4,0.8,1.2,1.2,,,,0,5.0,5.0,0,-0.5999999999999996,0.19999999999999996,0.0,0.0,0.0,2.5999999999999996,2.4,3,2,HOME,1,1
997,2025-02-08 14:00:00,Serie A,Hellas Verona,Atalanta,3.3,4.0,0.4,1.2,1.2,1.2,4.4,4.4,0.0,0.2,2.2,0.2,1.2,2.6,0.4,-2.4,0.8,0.2,0.6,0.8,0.2,0.0,0.6,-2.0,1.2,1.2,,,,0,5.0,5.0,0,-0.7000000000000002,-0.7999999999999999,0.0,0.0,0.0,1.6,2.4,0,5,AWAY,1,0
1328,2025-02-08 14:30:00,Bundesliga,SC Freiburg,1. FC Heidenheim,4.0,2.7,1.2,1.4,2.4,1.8,3.3,0.0,3.3,2.0,0.2,2.0,1.6,1.4,3.2,0.6,-1.6,0.2,0.0,0.2,0.2,0.6,0.0,1.8,1.2,1.2,,,,0,5.0,5.0,0,1.2999999999999998,-0.19999999999999996,-0.5999999999999999,0.0,0.0,3.0,3.8,1,0,HOME,0,0
1329,2025-02-08 14:30:00,Bundesliga,VfL Wolfsburg,Bayer Leverkusen,5.3,8.7,2.2,2.4,1.4,1.2,2.2,7.8,-5.6,2.0,2.2,2.6,2.0,1.8,1.2,0.8,0.8,0.2,0.2,0.0,0.0,0.6,0.6,-0.20000000000000018,1.2,1.2,,,,0,5.0,5.0,0,-3.3999999999999995,-0.19999999999999973,-0.19999999999999996,0.0,0.0,3.4000000000000004,3.8,0,0,DRAW,0,0
1330,2025-02-08 14:30:00,Bundesliga,FSV Mainz 05,FC Augsburg,4.0,6.7,1.0,1.4,0.8,0.6,3.3,7.8,-4.5,3.0,1.6,2.2,1.6,0.4,1.6,1.8,0.0,0.6,0.4,0.0,0.0,1.0,0.4,1.4,1.2,1.2,,,,0,5.0,5.0,0,-2.7,-0.3999999999999999,-0.20000000000000007,0.0,0.0,1.6,2.2,0,0,DRAW,0,0
1331,2025-02-08 14:30:00,Bundesliga,Borussia Dortmund,VfB Stuttgart,2.7,6.0,1.6,1.6,2.4,1.0,4.4,3.3,1.1000000000000005,1.2,1.6,2.0,1.2,1.4,1.0,0.6,0.2,0.2,0.4,0.0,0.4,0.2,0.4,-0.40000000000000013,1.2,1.2,,,,0,5.0,5.0,0,-3.3,0.0,-1.4,0.0,0.0,2.6,4.0,1,2,AWAY,1,1
1332,2025-02-08 14:30:00,Bundesliga,1899 Hoffenheim,Union Berlin,2.7,2.7,1.2,0.4,2.4,1.6,4.4,4.4,0.0,1.0,0.0,1.6,0.6,1.8,2.6,-0.2,-2.0,0.0,0.0,0.2,0.6,0.2,0.0,1.0,1.2,1.2,,,,0,5.0,5.0,0,0.0,0.7999999999999999,-0.7999999999999998,0.0,0.0,2.8,2.8,0,4,AWAY,1,0
229,2025-02-08 15:15:00,La Liga,Athletic Club,Girona,6.0,6.0,1.4,1.6,1.0,1.0,5.6,3.3,2.3,2.2,1.4,1.2,1.2,0.4,1.2,0.8,0.0,0.6,0.4,0.2,0.0,0.6,0.4,0.8000000000000003,1.2,1.2,,,,0,5.0,5.0,0,0.0,-0.20000000000000018,0.0,0.0,0.0,2.4,2.6,3,0,HOME,1,0
998,2025-02-08 17:00:00,Serie A,Empoli,AC Milan,1.3,5.3,1.0,1.4,2.4,1.4,1.1,4.4,-3.3000000000000003,0.4,1.4,0.8,1.4,1.6,1.6,-0.8,-0.2,0.0,0.2,0.2,0.2,0.0,0.4,-0.9999999999999999,1.2,1.2,,,,0,5.0,5.0,0,-4.0,-0.3999999999999999,-1.0,0.0,0.0,2.4,3.8,0,2,AWAY,0,0
230,2025-02-08 17:30:00,La Liga,Las Palmas,Villarreal,2.7,6.7,1.0,3.0,1.8,1.0,1.1,7.8,-6.699999999999999,1.4,0.8,1.4,1.2,1.4,1.4,0.0,-0.2,0.2,0.0,0.0,0.6,0.4,0.2,0.5999999999999999,1.2,1.2,,,,0,5.0,5.0,0,-4.0,-2.0,-0.8,0.0,0.0,2.0,4.8,1,2,AWAY,1,1
1333,2025-02-08 17:30:00,Bundesliga,Borussia Mönchengladbach,Eintracht Frankfurt,4.0,7.3,1.4,2.0,2.0,0.8,6.7,5.6,1.1000000000000005,2.0,2.0,2.0,2.2,0.6,1.2,1.4,1.0,0.4,0.4,0.2,0.0,0.6,0.6,0.0,1.2,1.2,,,,0,5.0,5.0,0,-3.3,-0.6000000000000001,-1.2,0.0,0.0,2.2,4.0,1,1,DRAW,0,1
999,2025-02-08 19:45:00,Serie A,Torino,Genoa,4.7,4.7,1.0,1.0,0.6,1.0,5.6,3.3,2.3,1.0,1.0,0.6,0.8,0.8,1.2,-0.2,-0.4,0.4,0.4,0.6,0.4,0.2,0.2,0.0,1.2,1.2,,,,0,5.0,5.0,0,0.0,0.0,0.4,0.0,0.0,2.0,1.6,1,1,DRAW,0,1
231,2025-02-08 20:00:00,La Liga,Real Madrid,Atletico Madrid,8.0,6.7,2.6,1.2,1.0,0.6,6.7,4.4,2.3,2.4,1.8,2.8,1.6,1.4,0.6,1.4,1.0,0.4,0.4,0.2,0.4,0.8,0.6,0.5999999999999999,1.2,1.2,,,,0,5.0,5.0,0,1.2999999999999998,1.4000000000000001,-0.4,0.0,0.0,3.2,2.2,1,1,DRAW,0,1
1000,2025-02-09 11:30:00,Serie A,Venezia,AS Roma,2.0,7.3,1.0,2.0,1.4,1.0,2.2,7.8,-5.6,1.2,1.0,1.2,1.0,1.2,1.4,0.0,-0.4,0.0,0.0,0.2,0.4,0.2,0.2,0.19999999999999996,1.2,1.2,,,,0,5.0,5.0,0,-5.3,-1.0,-0.3999999999999999,0.0,0.0,2.0,3.4,0,1,AWAY,0,0
232,2025-02-09 13:00:00,La Liga,Alaves,Getafe,3.3,5.3,1.2,1.2,1.2,0.6,4.4,5.6,-1.1999999999999993,1.2,1.4,0.8,1.0,0.8,0.8,0.0,0.2,0.2,0.4,0.2,0.6,0.2,0.4,-0.19999999999999996,1.2,1.2,,,,0,5.0,5.0,0,-2.0,0.0,-0.6,0.0,0.0,1.7999999999999998,2.4,0,1,AWAY,0,0
1001,2025-02-09 14:00:00,Serie A,Lazio,Monza,4.7,2.0,1.4,0.8,1.2,1.8,6.7,0.0,6.7,1.0,0.2,1.2,0.8,2.0,2.0,-0.8,-1.2,0.2,0.0,0.2,0.2,0.2,0.0,0.8,1.2,1.2,,,,0,5.0,5.0,0,2.7,0.5999999999999999,0.6000000000000001,0.0,0.0,3.2,2.0,5,1,HOME,1,1
1002,2025-02-09 14:00:00,Serie A,Cagliari,Parma,4.7,1.3,1.6,0.8,1.4,1.6,3.3,1.1,2.1999999999999997,1.2,0.2,1.2,0.6,1.4,2.4,-0.2,-1.8,0.2,0.2,0.4,0.6,0.4,0.0,1.0,1.2,1.2,,,,0,5.0,5.0,0,3.4000000000000004,0.8,0.20000000000000018,0.0,0.0,3.2,2.2,2,1,HOME,1,1
1334,2025-02-09 14:30:00,Bundesliga,Holstein Kiel,VfL Bochum,2.7,2.7,2.4,0.8,2.8,1.8,1.1,1.1,0.0,1.2,0.2,2.0,0.2,2.2,1.8,-0.2,-1.6,0.0,0.0,0.4,0.8,0.4,0.0,1.0,1.2,1.2,,,,0,5.0,5.0,0,0.0,1.5999999999999999,-0.9999999999999998,0.0,0.0,4.2,3.5999999999999996,2,2,DRAW,1,1
233,2025-02-09 15:15:00,La Liga,Valencia,Leganes,4.7,3.3,1.2,0.8,2.2,1.4,6.7,4.4,2.3,1.4,1.2,1.2,1.2,1.2,1.2,0.0,0.0,0.2,0.4,0.2,0.2,0.4,0.2,0.19999999999999996,1.2,1.2,,,,0,5.0,5.0,0,1.4000000000000004,0.3999999999999999,-0.8000000000000003,0.0,0.0,2.5999999999999996,3.0,2,0,HOME,0,0
1335,2025-02-09 16:30:00,Bundesliga,RB Leipzig,FC St. Pauli,4.0,4.7,2.0,1.2,1.8,0.6,3.3,7.8,-4.5,1.6,1.2,1.8,0.8,2.0,1.0,-0.2,-0.2,0.2,0.4,0.2,0.4,0.4,0.4,0.40000000000000013,1.2,1.2,,,,0,5.0,5.0,0,-0.7000000000000002,0.8,-1.2000000000000002,0.0,0.0,2.6,3.0,2,0,HOME,0,0
1003,2025-02-09 17:00:00,Serie A,Lecce,Bologna,4.7,6.0,1.4,2.0,2.0,1.2,3.3,7.8,-4.5,1.0,1.2,0.8,1.4,1.6,1.6,-0.8,-0.2,0.2,0.2,0.4,0.2,0.2,0.2,-0.19999999999999996,1.2,1.2,,,,0,5.0,5.0,0,-1.2999999999999998,-0.6000000000000001,-0.8,0.0,0.0,2.5999999999999996,4.0,0,0,DRAW,0,0
234,2025-02-09 17:30:00,La Liga,Real Sociedad,Espanyol,2.0,5.3,0.4,1.0,1.6,0.8,0.0,7.8,-7.8,2.0,0.2,0.8,0.4,0.6,1.8,0.2,-1.4,0.8,0.0,0.4,0.6,0.6,0.0,1.8,1.2,1.2,,,,0,5.0,5.0,0,-3.3,-0.6,-0.8,0.0,0.0,1.2000000000000002,2.6,2,1,HOME,1,1
1004,2025-02-09 19:45:00,Serie A,Napoli,Udinese,8.7,3.3,2.2,1.0,0.8,1.6,7.8,3.3,4.5,2.4,1.6,1.2,1.2,0.4,1.4,0.8,-0.2,0.6,0.2,0.2,0.2,0.8,0.4,0.7999999999999998,1.2,1.2,,,,0,5.0,5.0,0,5.3999999999999995,1.2000000000000002,0.8,0.0,0.0,3.8000000000000003,1.8,1,1,DRAW,0,1
235,2025-02-09 20:00:00,La Liga,Sevilla,Barcelona,4.0,4.7,1.2,2.0,1.4,1.0,5.6,7.8,-2.2,1.8,1.2,1.0,2.0,0.6,1.4,0.4,0.6,0.4,0.0,0.0,0.2,0.4,0.2,0.6000000000000001,1.2,1.2,,,,0,5.0,5.0,0,-0.7000000000000002,-0.8,-0.3999999999999999,0.0,0.0,2.2,3.4,1,4,AWAY,1,1
1005,2025-02-10 19:45:00,Serie A,Inter,Fiorentina,5.3,6.7,2.0,1.8,1.4,1.0,4.4,10.0,-5.6,2.2,1.4,2.2,1.4,1.0,1.2,1.2,0.2,0.2,0.2,0.0,0.2,0.6,0.4,0.8000000000000003,1.2,1.2,,,,0,5.0,5.0,0,-1.4000000000000004,0.19999999999999996,-0.3999999999999999,0.0,0.0,3.0,3.2,2,1,HOME,1,1
236,2025-02-10 20:00:00,La Liga,Mallorca,Osasuna,4.0,3.3,0.6,1.0,1.6,1.2,0.0,5.6,-5.6,1.2,0.6,1.0,0.4,1.8,1.4,-0.8,-1.0,0.0,0.2,0.4,0.6,0.4,0.0,0.6,1.2,1.2,,,,0,5.0,5.0,0,0.7000000000000002,-0.4,-0.40000000000000013,0.0,0.0,1.7999999999999998,2.6,1,1,DRAW,0,1
626,2025-02-12 19:30:00,Premier League,Everton,Liverpool,6.0,7.3,1.6,2.2,0.8,0.8,10.0,10.0,0.0,1.4,2.6,1.4,3.2,1.0,0.8,0.4,2.4,0.4,0.6,0.6,0.0,0.4,0.8,-1.2000000000000002,1.2,1.2,,,,0,5.0,5.0,0,-1.2999999999999998,-0.6000000000000001,0.0,0.0,0.0,2.4000000000000004,3.0,2,2,DRAW,1,1
1336,2025-02-14 19:30:00,Bundesliga,FC Augsburg,RB Leipzig,7.3,4.0,1.4,1.6,0.4,1.4,5.6,5.6,0.0,1.4,1.0,0.6,1.4,0.8,2.0,-0.2,-0.6,0.4,0.4,0.6,0.2,0.4,0.2,0.3999999999999999,1.2,1.2,,,,0,5.0,5.0,0,3.3,-0.20000000000000018,0.9999999999999999,0.0,0.0,2.8,2.0,0,0,DRAW,0,0
1006,2025-02-14 19:45:00,Serie A,Bologna,Torino,6.0,4.7,1.6,1.2,0.8,0.8,5.6,5.6,0.0,2.0,1.4,2.0,1.0,1.2,0.8,0.8,0.2,0.4,0.4,0.0,0.2,0.6,0.2,0.6000000000000001,1.2,1.2,,,,0,5.0,5.0,0,1.2999999999999998,0.40000000000000013,0.0,0.0,0.0,2.4000000000000004,2.0,3,2,HOME,1,1
237,2025-02-14 20:00:00,La Liga,Girona,Getafe,4.0,7.3,1.0,1.4,1.6,0.4,3.3,7.8,-4.5,1.8,2.0,2.0,1.2,1.4,0.4,0.6,0.8,0.2,0.6,0.2,0.4,0.6,0.6,-0.19999999999999996,1.2,1.2,,,,0,5.0,5.0,0,-3.3,-0.3999999999999999,-1.2000000000000002,0.0,0.0,1.4,3.0,1,2,AWAY,1,1
627,2025-02-14 20:00:00,Premier League,Brighton,Chelsea,4.7,5.3,1.2,1.8,2.0,1.6,3.3,6.7,-3.4000000000000004,0.6,1.0,0.6,1.2,1.2,1.8,-0.6,-0.6,0.2,0.2,0.4,0.4,0.0,0.2,-0.4,1.2,1.2,,,,0,5.0,5.0,0,-0.5999999999999996,-0.6000000000000001,-0.3999999999999999,0.0,0.0,2.8,3.8,3,0,HOME,1,0
628,2025-02-15 12:30:00,Premier League,Leicester,Arsenal,2.0,7.3,0.6,2.2,2.2,1.0,3.3,7.8,-4.5,0.2,2.2,0.4,2.2,2.2,0.8,-1.8,1.4,0.0,0.2,0.8,0.0,0.0,0.6,-2.0,1.2,1.2,,,,0,5.0,5.0,0,-5.3,-1.6,-1.2000000000000002,0.0,0.0,1.6,4.4,0,2,AWAY,0,0
238,2025-02-15 13:00:00,La Liga,Leganes,Alaves,3.3,2.7,0.4,0.8,0.8,1.0,1.1,1.1,0.0,0.6,1.2,0.6,1.8,2.4,1.6,-1.8,0.2,0.2,0.0,0.6,0.2,0.2,0.2,-0.6,1.2,1.2,,,,0,5.0,5.0,0,0.5999999999999996,-0.4,0.19999999999999996,0.0,0.0,1.4,1.6,3,3,DRAW,1,1
1007,2025-02-15 14:00:00,Serie A,Atalanta,Cagliari,5.3,4.7,2.2,1.6,1.2,1.4,7.8,3.3,4.5,1.6,0.8,1.8,0.8,1.6,1.4,0.2,-0.6,0.0,0.0,0.0,0.4,0.4,0.2,0.8,1.2,1.2,,,,0,5.0,5.0,0,0.5999999999999996,0.6000000000000001,0.19999999999999996,0.0,0.0,3.6,2.8,0,0,DRAW,0,0
1337,2025-02-15 14:30:00,Bundesliga,VfB Stuttgart,VfL Wolfsburg,6.0,4.0,1.8,2.0,1.2,1.4,3.3,3.3,0.0,1.8,1.4,2.0,2.2,1.2,1.6,0.8,0.6,0.2,0.2,0.2,0.0,0.6,0.4,0.40000000000000013,1.2,1.2,,,,0,5.0,5.0,0,2.0,-0.19999999999999996,0.19999999999999996,0.0,0.0,3.2,3.2,1,2,AWAY,1,1
1338,2025-02-15 14:30:00,Bundesliga,VfL Bochum,Borussia Dortmund,3.3,2.7,1.2,1.4,1.8,2.2,1.1,4.4,-3.3000000000000003,1.4,1.4,1.2,1.6,1.0,1.8,0.2,-0.2,0.4,0.0,0.4,0.2,0.4,0.4,0.0,1.2,1.2,,,,0,5.0,5.0,0,0.5999999999999996,-0.19999999999999996,0.40000000000000013,0.0,0.0,3.4000000000000004,3.2,2,0,HOME,0,0
1339,2025-02-15 14:30:00,Bundesliga,Union Berlin,Borussia Mönchengladbach,4.7,4.7,1.2,1.6,1.2,2.0,4.4,7.8,-3.3999999999999995,1.0,1.2,0.8,1.4,1.2,2.6,-0.4,-1.2,0.2,0.0,0.4,0.0,0.2,0.4,-0.19999999999999996,1.2,1.2,,,,0,5.0,5.0,0,0.0,-0.40000000000000013,0.8,0.0,0.0,3.2,2.8,1,2,AWAY,1,1
1340,2025-02-15 14:30:00,Bundesliga,FC St. Pauli,SC Freiburg,4.7,4.0,1.2,0.8,0.8,2.0,4.4,6.7,-2.3,1.4,0.8,1.4,0.8,1.0,2.8,0.4,-2.0,0.2,0.2,0.4,0.2,0.4,0.2,0.5999999999999999,1.2,1.2,,,,0,5.0,5.0,0,0.7000000000000002,0.3999999999999999,1.2,0.0,0.0,3.2,1.6,0,1,AWAY,0,0
629,2025-02-15 15:00:00,Premier League,Fulham,Nottingham Forest,4.7,6.7,1.6,2.8,1.4,1.6,6.7,6.7,0.0,0.8,2.4,1.0,2.0,1.2,1.4,-0.2,0.6,0.2,0.6,0.4,0.2,0.0,0.8,-1.5999999999999999,1.2,1.2,,,,0,5.0,5.0,0,-2.0,-1.1999999999999997,0.20000000000000018,0.0,0.0,3.2,4.199999999999999,2,1,HOME,1,1
630,2025-02-15 15:00:00,Premier League,Southampton,Bournemouth,2.0,6.7,1.2,2.4,3.0,1.0,3.3,6.7,-3.4000000000000004,0.0,2.2,0.4,2.6,3.8,1.2,-3.4,1.4,0.0,0.2,0.6,0.0,0.0,0.6,-2.2,1.2,1.2,,,,0,5.0,5.0,0,-4.7,-1.2,-2.0,0.0,0.0,2.2,5.4,1,3,AWAY,1,1
631,2025-02-15 15:00:00,Premier League,West Ham,Brentford,2.7,4.7,1.2,1.8,2.2,1.4,1.1,3.3,-2.1999999999999997,1.4,1.4,1.2,1.8,2.2,1.2,-1.0,0.6,0.0,0.4,0.4,0.2,0.4,0.4,0.0,1.2,1.2,,,,0,5.0,5.0,0,-2.0,-0.6000000000000001,-0.8000000000000003,0.0,0.0,2.5999999999999996,4.0,0,1,AWAY,0,0
632,2025-02-15 15:00:00,Premier League,Manchester City,Newcastle,6.7,6.0,3.2,2.0,1.8,1.6,6.7,3.3,3.4000000000000004,2.0,2.4,2.4,2.6,1.0,1.2,1.4,1.4,0.2,0.4,0.0,0.0,0.6,0.8,-0.3999999999999999,1.2,1.2,,,,0,5.0,5.0,0,0.7000000000000002,1.2000000000000002,-0.19999999999999996,0.0,0.0,4.800000000000001,3.8,4,0,HOME,1,0
633,2025-02-15 15:00:00,Premier League,Aston Villa,Ipswich,5.3,0.7,1.2,0.8,1.2,3.2,2.2,0.0,2.2,2.2,0.8,1.6,1.0,1.0,1.8,0.6,-0.8,0.2,0.0,0.0,0.4,0.6,0.2,1.4000000000000001,1.2,1.2,,,,0,5.0,5.0,0,4.6,0.3999999999999999,2.0,0.0,0.0,4.4,2.0,1,1,DRAW,0,1
239,2025-02-15 15:15:00,La Liga,Osasuna,Real Madrid,4.0,6.7,1.0,2.0,1.0,0.8,5.6,4.4,1.1999999999999993,1.2,2.0,1.6,2.2,1.6,1.0,0.0,1.2,0.0,0.4,0.0,0.2,0.2,0.6,-0.8,1.2,1.2,,,,0,5.0,5.0,0,-2.7,-1.0,-0.19999999999999996,0.0,0.0,1.8,3.0,1,1,DRAW,0,1
1008,2025-02-15 17:00:00,Serie A,Lazio,Napoli,6.7,7.3,2.4,1.8,1.0,1.0,6.7,5.6,1.1000000000000005,1.0,2.6,1.6,2.4,2.2,1.0,-0.6,1.4,0.0,0.2,0.2,0.0,0.2,0.8,-1.6,1.2,1.2,,,,0,5.0,5.0,0,-0.5999999999999996,0.5999999999999999,0.0,0.0,0.0,3.4,2.8,2,2,DRAW,1,1
240,2025-02-15 17:30:00,La Liga,Atletico Madrid,Celta Vigo,5.3,2.7,1.0,1.4,0.6,1.8,5.6,4.4,1.1999999999999993,2.6,0.2,1.8,0.8,0.8,1.8,1.0,-1.0,0.6,0.0,0.0,0.2,0.8,0.0,2.4,1.2,1.2,,,,0,5.0,5.0,0,2.5999999999999996,-0.3999999999999999,1.2000000000000002,0.0,0.0,2.8,2.0,1,1,DRAW,0,1
634,2025-02-15 17:30:00,Premier League,Crystal Palace,Everton,6.7,6.7,1.6,2.0,0.6,1.0,6.7,7.8,-1.0999999999999996,1.0,1.0,1.4,0.4,2.2,1.2,-0.8,-0.8,0.0,0.4,0.0,0.6,0.2,0.2,0.0,1.2,1.2,,,,0,5.0,5.0,0,0.0,-0.3999999999999999,0.4,0.0,0.0,2.6,2.6,1,2,AWAY,1,1
1341,2025-02-15 17:30:00,Bundesliga,Bayer Leverkusen,Bayern München,7.3,10.0,1.8,3.4,0.8,1.2,5.6,10.0,-4.4,3.0,2.0,2.8,1.2,0.8,0.8,2.0,0.4,0.2,0.4,0.0,0.0,1.0,0.6,1.0,1.2,1.2,,,,0,5.0,5.0,0,-2.7,-1.5999999999999999,0.3999999999999999,0.0,0.0,3.0,4.2,0,0,DRAW,0,0
1009,2025-02-15 19:45:00,Serie A,AC Milan,Hellas Verona,6.7,2.7,1.6,0.4,1.2,2.2,7.8,4.4,3.3999999999999995,1.4,2.0,1.2,1.6,1.0,1.4,0.2,0.2,0.2,0.2,0.2,0.2,0.2,0.6,-0.6000000000000001,1.2,1.2,,,,0,5.0,5.0,0,4.0,1.2000000000000002,1.0000000000000002,0.0,0.0,3.8000000000000003,1.6,1,0,HOME,0,0
241,2025-02-15 20:00:00,La Liga,Villarreal,Valencia,6.7,6.7,2.4,1.4,0.8,1.8,7.8,6.7,1.0999999999999996,1.6,0.4,2.6,0.8,1.2,2.4,1.4,-1.6,0.2,0.0,0.0,0.2,0.4,0.0,1.2000000000000002,1.2,1.2,,,,0,5.0,5.0,0,0.0,1.0,1.0,0.0,0.0,4.2,2.2,1,1,DRAW,0,1
1010,2025-02-16 11:30:00,Serie A,Fiorentina,Como,6.7,2.0,1.8,1.4,1.0,1.8,6.7,0.0,6.7,1.4,0.6,1.4,0.8,1.4,1.6,0.0,-0.8,0.2,0.0,0.2,0.4,0.4,0.0,0.7999999999999999,1.2,1.2,,,,0,5.0,5.0,0,4.7,0.40000000000000013,0.8,0.0,0.0,3.6,2.4,0,2,AWAY,0,0
242,2025-02-16 13:00:00,La Liga,Espanyol,Athletic Club,5.3,7.3,1.2,1.8,1.0,0.8,4.4,5.6,-1.1999999999999993,1.8,2.2,1.0,1.8,0.6,1.2,0.4,0.6,0.4,0.0,0.2,0.0,0.4,0.6,-0.40000000000000013,1.2,1.2,,,,0,5.0,5.0,0,-2.0,-0.6000000000000001,-0.19999999999999996,0.0,0.0,2.0,2.8,1,1,DRAW,0,1
635,2025-02-16 14:00:00,Premier League,Liverpool,Wolves,7.3,2.0,2.2,0.6,0.8,2.0,7.8,3.3,4.5,2.2,0.8,2.6,1.4,1.2,2.0,1.4,-0.6,0.2,0.2,0.0,0.2,0.6,0.2,1.4000000000000001,1.2,1.2,,,,0,5.0,5.0,0,5.3,1.6,1.2,0.0,0.0,4.2,1.4,2,1,HOME,1,1
1011,2025-02-16 14:00:00,Serie A,Udinese,Empoli,3.3,0.7,1.2,0.8,1.8,2.6,4.4,1.1,3.3000000000000003,1.0,0.8,1.4,1.8,1.8,2.4,-0.4,-0.6,0.2,0.0,0.2,0.0,0.2,0.2,0.19999999999999996,1.2,1.2,,,,0,5.0,5.0,0,2.5999999999999996,0.3999999999999999,0.8,0.0,0.0,3.8,2.6,3,0,HOME,1,0
1012,2025-02-16 14:00:00,Serie A,Monza,Lecce,2.0,4.7,0.8,1.4,2.4,2.0,0.0,4.4,-4.4,0.6,1.2,1.0,1.6,1.6,2.4,-0.6,-0.8,0.0,0.0,0.2,0.2,0.2,0.4,-0.6,1.2,1.2,,,,0,5.0,5.0,0,-2.7,-0.5999999999999999,-0.3999999999999999,0.0,0.0,2.8,3.8,0,0,DRAW,0,0
1342,2025-02-16 14:30:00,Bundesliga,Werder Bremen,1899 Hoffenheim,3.3,2.7,1.2,1.2,2.0,3.0,4.4,1.1,3.3000000000000003,1.6,0.8,2.0,1.0,1.6,2.4,0.4,-1.4,0.2,0.0,0.2,0.4,0.4,0.2,0.8,1.2,1.2,,,,0,5.0,5.0,0,0.5999999999999996,0.0,1.0,0.0,0.0,4.2,3.2,1,3,AWAY,1,1
243,2025-02-16 15:15:00,La Liga,Valladolid,Sevilla,2.0,4.0,0.6,1.0,2.2,1.4,0.0,2.2,-2.2,1.4,1.4,0.6,2.0,1.8,2.0,-1.2,0.0,0.4,0.2,0.4,0.2,0.4,0.4,0.0,1.2,1.2,,,,0,5.0,5.0,0,-2.0,-0.4,-0.8000000000000003,0.0,0.0,2.0,3.2,0,4,AWAY,1,0
636,2025-02-16 16:30:00,Premier League,Tottenham,Manchester United,2.0,4.7,1.4,1.4,1.8,1.6,3.3,3.3,0.0,0.2,1.4,2.0,1.0,3.2,1.4,-1.2,-0.4,0.0,0.2,0.0,0.4,0.0,0.4,-1.2,1.2,1.2,,,,0,5.0,5.0,0,-2.7,0.0,-0.19999999999999996,0.0,0.0,3.0,3.2,1,0,HOME,0,0
1343,2025-02-16 16:30:00,Bundesliga,Eintracht Frankfurt,Holstein Kiel,6.0,3.3,2.0,2.4,1.0,2.6,3.3,2.2,1.0999999999999996,1.6,0.2,2.0,1.8,1.4,3.2,0.6,-1.4,0.2,0.0,0.0,0.0,0.4,0.0,1.4000000000000001,1.2,1.2,,,,0,5.0,5.0,0,2.7,-0.3999999999999999,1.6,0.0,0.0,4.6,3.4,3,1,HOME,1,1
1013,2025-02-16 17:00:00,Serie A,Parma,AS Roma,0.7,7.3,1.0,1.8,2.0,1.0,0.0,7.8,-7.8,1.4,1.6,1.8,1.2,1.8,1.2,0.0,0.0,0.0,0.2,0.0,0.2,0.4,0.4,-0.20000000000000018,1.2,1.2,,,,0,5.0,5.0,0,-6.6,-0.8,-1.0,0.0,0.0,2.0,3.8,0,1,AWAY,0,0
244,2025-02-16 17:30:00,La Liga,Mallorca,Las Palmas,2.7,0.7,0.4,1.0,1.6,2.2,1.1,1.1,0.0,1.4,1.4,1.2,1.4,1.8,1.6,-0.6,-0.2,0.0,0.2,0.2,0.2,0.4,0.4,0.0,1.2,1.2,,,,0,5.0,5.0,0,2.0,-0.6,0.6000000000000001,0.0,0.0,2.6,2.6,3,1,HOME,1,1
1344,2025-02-16 18:30:00,Bundesliga,1. FC Heidenheim,FSV Mainz 05,0.7,2.7,1.0,0.6,2.0,0.8,0.0,4.4,-4.4,0.6,0.6,0.8,1.4,2.2,1.8,-1.4,-0.4,0.2,0.0,0.4,0.4,0.2,0.2,0.0,1.2,1.2,,,,0,5.0,5.0,0,-2.0,0.4,-1.2,0.0,0.0,1.8,2.6,0,2,AWAY,0,0
1014,2025-02-16 19:45:00,Serie A,Juventus,Inter,6.7,6.7,2.0,2.0,1.0,1.2,6.7,4.4,2.3,1.8,2.0,2.4,1.8,1.4,0.8,1.0,1.0,0.2,0.6,0.0,0.2,0.4,0.6,-0.19999999999999996,1.2,1.2,,,,0,5.0,5.0,0,0.0,0.0,0.19999999999999996,0.0,0.0,3.2,3.0,1,0,HOME,0,0
245,2025-02-16 20:00:00,La Liga,Real Betis,Real Sociedad,2.7,4.0,1.2,0.8,1.8,1.4,4.4,3.3,1.1000000000000005,0.8,0.6,1.6,0.8,2.0,1.2,-0.4,-0.4,0.0,0.2,0.0,0.6,0.0,0.2,0.20000000000000007,1.2,1.2,,,,0,5.0,5.0,0,-1.2999999999999998,0.3999999999999999,-0.40000000000000013,0.0,0.0,2.5999999999999996,2.6,3,0,HOME,1,0
1015,2025-02-17 19:45:00,Serie A,Genoa,Venezia,4.7,1.3,1.2,0.8,1.2,1.4,4.4,1.1,3.3000000000000003,1.6,0.4,1.2,1.0,0.8,2.0,0.4,-1.0,0.6,0.0,0.2,0.4,0.4,0.0,1.2000000000000002,1.2,1.2,,,,0,5.0,5.0,0,3.4000000000000004,0.3999999999999999,0.19999999999999996,0.0,0.0,2.5999999999999996,2.0,2,0,HOME,0,0
246,2025-02-17 20:00:00,La Liga,Barcelona,Rayo Vallecano,6.7,8.7,2.8,1.4,1.0,0.6,10.0,10.0,0.0,1.2,1.8,2.0,1.0,1.2,0.6,0.8,0.4,0.2,0.4,0.2,0.0,0.4,0.4,-0.6000000000000001,1.2,1.2,,,,0,5.0,5.0,0,-1.9999999999999991,1.4,-0.4,0.0,0.0,3.4,2.4,1,0,HOME,0,0
637,2025-02-19 19:30:00,Premier League,Aston Villa,Liverpool,4.0,8.7,1.0,2.4,1.2,0.8,2.2,7.8,-5.6,1.8,2.2,1.6,2.4,1.2,0.6,0.4,1.8,0.0,0.6,0.0,0.0,0.4,0.6,-0.40000000000000013,1.2,1.2,,,,0,5.0,5.0,0,-4.699999999999999,-1.4,-0.3999999999999999,0.0,0.0,1.8,3.5999999999999996,2,2,DRAW,1,1
1345,2025-02-21 19:30:00,Bundesliga,SC Freiburg,Werder Bremen,6.0,2.7,0.8,0.8,1.2,2.0,10.0,3.3,6.7,2.4,1.4,2.2,1.4,1.4,1.8,0.8,-0.4,0.2,0.4,0.0,0.2,0.8,0.4,1.0,1.2,1.2,,,,0,5.0,5.0,0,3.3,0.0,0.8,0.0,0.0,2.8,2.0,5,0,HOME,1,0
1016,2025-02-21 19:45:00,Serie A,Lecce,Udinese,3.3,4.7,0.8,1.8,1.8,1.8,5.6,7.8,-2.2,1.0,1.6,0.6,1.2,1.4,1.4,-0.8,-0.2,0.4,0.2,0.6,0.2,0.2,0.4,-0.6000000000000001,1.2,1.2,,,,0,5.0,5.0,0,-1.4000000000000004,-1.0,0.0,0.0,0.0,2.6,3.6,0,1,AWAY,0,0
247,2025-02-21 20:00:00,La Liga,Celta Vigo,Osasuna,3.3,4.7,1.4,1.2,1.6,1.0,4.4,5.6,-1.1999999999999993,2.0,0.8,2.0,0.6,1.2,0.8,0.8,-0.2,0.4,0.2,0.0,0.4,0.6,0.0,1.2,1.2,1.2,,,,0,5.0,5.0,0,-1.4000000000000004,0.19999999999999996,-0.6000000000000001,0.0,0.0,2.4,2.8,1,0,HOME,0,0
638,2025-02-21 20:00:00,Premier League,Leicester,Brentford,2.0,4.7,0.4,1.0,2.2,1.4,3.3,6.7,-3.4000000000000004,0.0,2.0,0.0,1.8,2.2,0.6,-2.2,1.2,0.0,0.6,1.0,0.2,0.0,0.6,-2.0,1.2,1.2,,,,0,5.0,5.0,0,-2.7,-0.6,-0.8000000000000003,0.0,0.0,1.7999999999999998,3.2,0,4,AWAY,1,0
639,2025-02-22 12:30:00,Premier League,Everton,Manchester United,8.7,4.0,2.4,1.0,1.0,1.4,7.8,3.3,4.5,1.4,1.4,1.8,1.0,1.4,1.2,0.4,-0.2,0.2,0.2,0.4,0.4,0.4,0.4,0.0,1.2,1.2,,,,0,5.0,5.0,0,4.699999999999999,1.4,0.3999999999999999,0.0,0.0,3.8,2.0,2,2,DRAW,1,1
248,2025-02-22 13:00:00,La Liga,Alaves,Espanyol,3.3,5.3,1.4,1.2,1.4,1.0,1.1,4.4,-3.3000000000000003,0.6,0.2,0.6,0.4,1.0,1.4,-0.4,-1.0,0.0,0.0,0.4,0.6,0.0,0.0,0.39999999999999997,1.2,1.2,,,,0,5.0,5.0,0,-2.0,0.19999999999999996,-0.3999999999999999,0.0,0.0,2.4,2.5999999999999996,0,1,AWAY,0,0
1017,2025-02-22 14:00:00,Serie A,Venezia,Lazio,1.3,6.7,0.8,2.6,1.6,1.2,0.0,7.8,-7.8,1.0,2.4,0.8,1.6,1.0,0.8,-0.2,0.8,0.0,0.4,0.4,0.2,0.2,0.8,-1.4,1.2,1.2,,,,0,5.0,5.0,0,-5.4,-1.8,-0.40000000000000013,0.0,0.0,2.0,4.2,0,0,DRAW,0,0
1018,2025-02-22 14:00:00,Serie A,Parma,Bologna,0.7,7.3,1.0,1.8,2.0,0.8,0.0,7.8,-7.8,0.8,1.4,1.2,1.4,1.8,1.0,-0.6,0.4,0.0,0.4,0.2,0.2,0.2,0.2,-0.5999999999999999,1.2,1.2,,,,0,5.0,5.0,0,-6.6,-0.8,-1.2,0.0,0.0,1.8,3.8,2,0,HOME,0,0
1346,2025-02-22 14:30:00,Bundesliga,VfL Wolfsburg,VfL Bochum,4.0,3.3,1.4,1.4,1.4,1.8,5.6,4.4,1.1999999999999993,1.6,0.4,2.4,0.6,1.8,1.8,0.6,-1.2,0.2,0.0,0.2,0.6,0.4,0.0,1.2000000000000002,1.2,1.2,,,,0,5.0,5.0,0,0.7000000000000002,0.0,0.40000000000000013,0.0,0.0,3.2,2.8,1,1,DRAW,0,1
1347,2025-02-22 14:30:00,Bundesliga,Borussia Mönchengladbach,FC Augsburg,6.7,6.0,1.8,1.0,1.2,0.4,7.8,3.3,4.5,1.6,1.6,1.8,1.2,0.8,1.2,1.0,0.0,0.2,0.6,0.2,0.2,0.4,0.4,0.0,1.2,1.2,,,,0,5.0,5.0,0,0.7000000000000002,0.8,-0.7999999999999999,0.0,0.0,2.2,2.2,0,3,AWAY,1,0
1348,2025-02-22 14:30:00,Bundesliga,FSV Mainz 05,FC St. Pauli,4.7,4.7,1.0,1.2,0.6,0.8,4.4,1.1,3.3000000000000003,2.6,1.2,1.6,0.8,0.2,1.0,1.4,-0.2,0.8,0.4,0.2,0.4,0.8,0.4,1.4000000000000001,1.2,1.2,,,,0,5.0,5.0,0,0.0,-0.19999999999999996,0.20000000000000007,0.0,0.0,1.8,1.7999999999999998,2,0,HOME,0,0
1349,2025-02-22 14:30:00,Bundesliga,Holstein Kiel,Bayer Leverkusen,1.3,6.0,1.8,1.6,2.8,0.8,1.1,5.6,-4.5,1.4,2.2,2.4,1.8,2.0,1.0,0.4,0.8,0.0,0.4,0.2,0.2,0.4,0.6,-0.8000000000000003,1.2,1.2,,,,0,5.0,5.0,0,-4.7,0.19999999999999996,-1.9999999999999998,0.0,0.0,2.6,4.4,0,2,AWAY,0,0
640,2025-02-22 15:00:00,Premier League,Bournemouth,Wolves,6.7,2.0,2.8,0.8,1.2,1.8,6.7,3.3,3.4000000000000004,1.6,0.8,1.4,1.4,0.6,2.0,0.8,-0.6,0.6,0.2,0.4,0.2,0.4,0.2,0.8,1.2,1.2,,,,0,5.0,5.0,0,4.7,1.9999999999999998,0.6000000000000001,0.0,0.0,4.6,2.0,0,1,AWAY,0,0
641,2025-02-22 15:00:00,Premier League,Fulham,Crystal Palace,6.0,6.0,1.6,1.6,1.2,0.8,6.7,3.3,3.4000000000000004,1.2,2.6,1.2,1.8,1.2,0.2,0.0,1.6,0.2,0.8,0.4,0.2,0.2,0.8,-1.4000000000000001,1.2,1.2,,,,0,5.0,5.0,0,0.0,0.0,-0.3999999999999999,0.0,0.0,2.4000000000000004,2.8,0,2,AWAY,0,0
642,2025-02-22 15:00:00,Premier League,Southampton,Brighton,2.0,6.0,1.4,1.6,2.6,1.8,3.3,3.3,0.0,0.0,1.6,0.4,1.6,3.4,2.2,-3.0,-0.6,0.0,0.2,0.6,0.2,0.0,0.4,-1.6,1.2,1.2,,,,0,5.0,5.0,0,-4.0,-0.20000000000000018,-0.8,0.0,0.0,3.2,4.2,0,4,AWAY,1,0
643,2025-02-22 15:00:00,Premier League,Arsenal,West Ham,8.7,2.7,2.4,1.0,0.8,1.6,10.0,1.1,8.9,2.2,1.0,2.0,1.0,0.8,1.6,1.2,-0.6,0.4,0.2,0.2,0.0,0.6,0.2,1.2000000000000002,1.2,1.2,,,,0,5.0,5.0,0,5.999999999999999,1.4,0.8,0.0,0.0,4.0,1.8,0,1,AWAY,0,0
644,2025-02-22 15:00:00,Premier League,Ipswich,Tottenham,0.7,4.0,0.6,1.4,3.0,1.4,1.1,6.7,-5.6,0.6,1.2,0.6,2.0,2.8,1.2,-2.2,0.8,0.2,0.4,0.6,0.2,0.2,0.4,-0.6,1.2,1.2,,,,0,5.0,5.0,0,-3.3,-0.7999999999999999,-1.6,0.0,0.0,2.0,4.4,1,4,AWAY,1,1
249,2025-02-22 15:15:00,La Liga,Rayo Vallecano,Villarreal,6.7,7.3,1.0,2.6,0.6,0.8,6.7,7.8,-1.0999999999999996,2.0,1.4,1.8,1.6,1.4,1.4,0.4,0.2,0.2,0.0,0.0,0.4,0.6,0.4,0.6000000000000001,1.2,1.2,,,,0,5.0,5.0,0,-0.5999999999999996,-1.6,0.20000000000000007,0.0,0.0,1.8,3.2,0,1,AWAY,0,0
1019,2025-02-22 17:00:00,Serie A,Torino,AC Milan,4.0,6.7,1.4,1.4,1.2,1.0,2.2,7.8,-5.6,1.2,1.8,0.8,1.2,0.8,1.0,0.0,0.2,0.4,0.4,0.4,0.2,0.2,0.6,-0.6000000000000001,1.2,1.2,,,,0,5.0,5.0,0,-2.7,0.0,-0.19999999999999996,0.0,0.0,2.4,2.5999999999999996,2,1,HOME,1,1
250,2025-02-22 17:30:00,La Liga,Valencia,Atletico Madrid,6.7,4.0,1.4,1.0,1.8,0.8,7.8,5.6,2.2,2.0,2.0,1.6,1.8,1.0,0.6,0.6,1.2,0.4,0.4,0.0,0.2,0.6,0.6,0.0,1.2,1.2,,,,0,5.0,5.0,0,2.7,0.3999999999999999,-1.0,0.0,0.0,2.2,2.8,0,3,AWAY,1,0
645,2025-02-22 17:30:00,Premier League,Aston Villa,Chelsea,2.7,4.7,1.2,1.6,1.6,2.0,2.2,3.3,-1.0999999999999996,1.4,0.4,1.6,0.4,1.4,1.8,0.2,-1.4,0.0,0.2,0.0,0.6,0.2,0.0,0.9999999999999999,1.2,1.2,,,,0,5.0,5.0,0,-2.0,-0.40000000000000013,0.3999999999999999,0.0,0.0,3.2,3.2,2,1,HOME,1,1
1350,2025-02-22 17:30:00,Bundesliga,Borussia Dortmund,Union Berlin,2.7,4.7,1.0,1.4,1.8,1.2,3.3,4.4,-1.1000000000000005,0.6,0.6,1.4,1.4,1.8,2.4,-0.4,-1.0,0.0,0.2,0.0,0.4,0.0,0.2,0.0,1.2,1.2,,,,0,5.0,5.0,0,-2.0,-0.3999999999999999,-0.6000000000000001,0.0,0.0,2.2,3.2,6,0,HOME,1,0
1020,2025-02-22 19:45:00,Serie A,Inter,Genoa,4.7,4.7,1.4,1.4,1.2,1.2,3.3,4.4,-1.1000000000000005,2.6,1.0,2.4,1.0,1.0,1.4,1.4,-0.4,0.2,0.2,0.0,0.2,0.8,0.2,1.6,1.2,1.2,,,,0,5.0,5.0,0,0.0,0.0,0.0,0.0,0.0,2.5999999999999996,2.5999999999999996,1,0,HOME,0,0
251,2025-02-22 20:00:00,La Liga,Las Palmas,Barcelona,0.7,8.7,1.0,2.8,2.4,0.6,0.0,10.0,-10.0,1.4,1.8,1.2,2.8,1.2,1.4,0.0,1.4,0.2,0.0,0.0,0.0,0.4,0.4,-0.40000000000000013,1.2,1.2,,,,0,5.0,5.0,0,-7.999999999999999,-1.7999999999999998,-1.7999999999999998,0.0,0.0,1.6,5.199999999999999,0,2,AWAY,0,0
1021,2025-02-23 11:30:00,Serie A,Como,Napoli,4.0,6.0,1.6,1.8,1.4,1.4,3.3,3.3,0.0,1.2,2.2,1.8,2.2,1.4,1.2,0.4,1.0,0.2,0.2,0.0,0.0,0.4,0.6,-1.0000000000000002,1.2,1.2,,,,0,5.0,5.0,0,-2.0,-0.19999999999999996,0.0,0.0,0.0,3.0,3.2,2,1,HOME,1,1
252,2025-02-23 13:00:00,La Liga,Athletic Club,Valladolid,6.0,0.0,1.6,0.4,0.8,3.0,5.6,0.0,5.6,2.6,0.0,1.6,0.6,0.2,2.6,1.4,-2.0,0.8,0.0,0.2,0.4,0.8,0.0,2.6,1.2,1.2,,,,0,5.0,5.0,0,6.0,1.2000000000000002,2.2,0.0,0.0,4.6,1.2000000000000002,7,1,HOME,1,1
646,2025-02-23 14:00:00,Premier League,Newcastle,Nottingham Forest,4.0,4.7,1.6,2.4,2.2,2.0,3.3,3.3,0.0,1.8,1.8,2.4,1.6,1.2,1.4,1.2,0.2,0.6,0.6,0.0,0.2,0.6,0.6,0.0,1.2,1.2,,,,0,5.0,5.0,0,-0.7000000000000002,-0.7999999999999998,-0.20000000000000018,0.0,0.0,3.6,4.6,4,3,HOME,1,1
1022,2025-02-23 14:00:00,Serie A,Hellas Verona,Fiorentina,2.7,6.0,0.4,1.6,2.0,1.2,3.3,3.3,0.0,0.2,0.8,0.2,1.2,2.6,1.6,-2.4,-0.4,0.2,0.0,0.8,0.2,0.0,0.2,-0.6000000000000001,1.2,1.2,,,,0,5.0,5.0,0,-3.3,-1.2000000000000002,-0.8,0.0,0.0,1.6,3.6,1,0,HOME,0,0
1351,2025-02-23 14:30:00,Bundesliga,RB Leipzig,1. FC Heidenheim,4.7,0.0,1.4,0.4,1.0,1.8,5.6,0.0,5.6,2.0,0.2,2.2,1.2,2.0,2.4,0.2,-1.2,0.2,0.0,0.0,0.4,0.6,0.0,1.8,1.2,1.2,,,,0,5.0,5.0,0,4.7,0.9999999999999999,0.8,0.0,0.0,3.2,1.4,2,2,DRAW,1,1
253,2025-02-23 15:15:00,La Liga,Real Madrid,Girona,5.3,2.0,1.8,1.0,0.8,2.0,2.2,3.3,-1.0999999999999996,2.6,0.8,3.0,1.0,0.8,1.8,2.2,-0.8,0.4,0.2,0.0,0.2,0.8,0.2,1.8,1.2,1.2,,,,0,5.0,5.0,0,3.3,0.8,1.2,0.0,0.0,3.8,1.8,2,0,HOME,0,0
647,2025-02-23 16:30:00,Premier League,Manchester City,Liverpool,6.7,7.3,3.2,2.4,1.6,1.2,6.7,5.6,1.1000000000000005,2.0,1.8,2.6,1.8,1.0,1.0,1.6,0.8,0.2,0.4,0.0,0.0,0.6,0.4,0.19999999999999996,1.2,1.2,,,,0,5.0,5.0,0,-0.5999999999999996,0.8000000000000003,-0.40000000000000013,0.0,0.0,4.4,4.0,0,2,AWAY,0,0
1352,2025-02-23 16:30:00,Bundesliga,Bayern München,Eintracht Frankfurt,8.7,6.0,2.4,1.8,1.2,1.0,7.8,5.6,2.2,3.0,1.6,4.0,1.8,1.2,1.0,2.8,0.8,0.4,0.4,0.0,0.0,1.0,0.4,1.4,1.2,1.2,,,,0,5.0,5.0,0,2.6999999999999993,0.5999999999999999,-0.19999999999999996,0.0,0.0,3.4,3.0,4,0,HOME,1,0
1023,2025-02-23 17:00:00,Serie A,Empoli,Atalanta,0.7,5.3,0.6,2.0,2.6,1.0,0.0,5.6,-5.6,0.2,2.2,0.6,1.8,1.8,0.4,-1.2,1.4,0.0,0.6,0.4,0.2,0.0,0.6,-2.0,1.2,1.2,,,,0,5.0,5.0,0,-4.6,-1.4,-1.6,0.0,0.0,1.6,4.6,0,5,AWAY,1,0
254,2025-02-23 17:30:00,La Liga,Getafe,Real Betis,7.3,4.7,1.4,1.8,0.4,1.6,7.8,4.4,3.3999999999999995,1.6,1.2,0.8,1.0,0.4,1.4,0.4,-0.4,0.6,0.2,0.4,0.4,0.4,0.4,0.40000000000000013,1.2,1.2,,,,0,5.0,5.0,0,2.5999999999999996,-0.40000000000000013,1.2000000000000002,0.0,0.0,3.0,2.2,1,2,AWAY,1,1
1353,2025-02-23 18:30:00,Bundesliga,1899 Hoffenheim,VfB Stuttgart,4.7,4.0,1.8,1.6,2.2,1.4,3.3,3.3,0.0,0.4,2.0,0.8,1.6,2.0,1.2,-1.2,0.4,0.0,0.2,0.4,0.2,0.0,0.6,-1.6,1.2,1.2,,,,0,5.0,5.0,0,0.7000000000000002,0.19999999999999996,-0.8000000000000003,0.0,0.0,3.2,3.8000000000000003,1,1,DRAW,0,1
1024,2025-02-23 19:45:00,Serie A,Cagliari,Juventus,4.7,8.0,1.4,2.0,1.2,0.8,4.4,10.0,-5.6,1.2,1.6,1.4,1.4,1.6,1.2,-0.2,0.2,0.0,0.0,0.4,0.0,0.4,0.4,-0.40000000000000013,1.2,1.2,,,,0,5.0,5.0,0,-3.3,-0.6000000000000001,-0.3999999999999999,0.0,0.0,2.2,3.2,0,1,AWAY,0,0
255,2025-02-23 20:00:00,La Liga,Real Sociedad,Leganes,2.0,3.3,0.6,0.8,2.0,1.2,3.3,1.1,2.1999999999999997,2.0,1.2,1.0,0.6,0.8,0.8,0.2,-0.2,0.6,0.4,0.4,0.4,0.6,0.2,0.8,1.2,1.2,,,,0,5.0,5.0,0,-1.2999999999999998,-0.20000000000000007,-0.8,0.0,0.0,1.7999999999999998,2.8,3,0,HOME,1,0
1025,2025-02-24 19:45:00,Serie A,AS Roma,Monza,8.7,0.7,1.6,0.4,0.6,2.2,7.8,1.1,6.699999999999999,2.6,0.0,3.0,0.8,0.6,2.8,2.4,-2.0,0.4,0.0,0.0,0.2,0.8,0.0,2.6,1.2,1.2,,,,0,5.0,5.0,0,7.999999999999999,1.2000000000000002,1.6,0.0,0.0,3.8000000000000003,1.0,4,0,HOME,1,0
256,2025-02-24 20:00:00,La Liga,Sevilla,Mallorca,5.3,2.7,1.6,0.8,1.2,1.8,4.4,4.4,0.0,1.2,1.2,1.0,0.8,1.4,2.0,-0.4,-1.2,0.2,0.2,0.0,0.6,0.2,0.4,0.0,1.2,1.2,,,,0,5.0,5.0,0,2.5999999999999996,0.8,0.6000000000000001,0.0,0.0,3.4000000000000004,2.0,1,1,DRAW,0,1
648,2025-02-25 19:30:00,Premier League,Wolves,Fulham,4.0,6.0,1.0,1.2,1.2,1.0,6.7,6.7,0.0,1.2,2.0,1.0,2.0,1.2,1.4,-0.2,0.6,0.4,0.2,0.4,0.0,0.4,0.6,-0.8,1.2,1.2,,,,0,5.0,5.0,0,-2.0,-0.19999999999999996,-0.19999999999999996,0.0,0.0,2.0,2.4,1,2,AWAY,1,1
649,2025-02-25 19:30:00,Premier League,Brighton,Bournemouth,6.0,6.0,2.0,2.4,1.8,1.0,6.7,3.3,3.4000000000000004,1.0,2.2,1.0,2.8,1.0,1.2,0.0,1.6,0.4,0.2,0.4,0.0,0.2,0.6,-1.2000000000000002,1.2,1.2,,,,0,5.0,5.0,0,0.0,-0.3999999999999999,-0.8,0.0,0.0,3.0,4.2,2,1,HOME,1,1
650,2025-02-25 19:30:00,Premier League,Crystal Palace,Aston Villa,6.0,4.0,1.6,1.2,0.8,1.4,6.7,5.6,1.1000000000000005,0.8,0.8,1.2,0.8,2.2,1.8,-1.0,-1.0,0.0,0.2,0.0,0.4,0.2,0.2,0.0,1.2,1.2,,,,0,5.0,5.0,0,2.0,0.40000000000000013,0.5999999999999999,0.0,0.0,3.0,2.0,4,1,HOME,1,1
651,2025-02-25 20:15:00,Premier League,Chelsea,Southampton,4.0,2.0,1.4,1.2,2.0,2.8,3.3,3.3,0.0,2.0,0.8,2.0,1.2,1.4,1.8,0.6,-0.6,0.0,0.2,0.0,0.2,0.6,0.2,1.2,1.2,1.2,,,,0,5.0,5.0,0,2.0,0.19999999999999996,0.7999999999999998,0.0,0.0,4.199999999999999,3.2,4,0,HOME,1,0
652,2025-02-26 19:30:00,Premier League,Manchester United,Ipswich,2.7,0.7,0.8,0.8,1.6,3.4,1.1,1.1,0.0,0.6,1.0,0.8,1.2,2.2,1.8,-1.4,-0.6,0.0,0.0,0.6,0.2,0.2,0.2,-0.4,1.2,1.2,,,,0,5.0,5.0,0,2.0,0.0,1.7999999999999998,0.0,0.0,4.2,2.4000000000000004,3,2,HOME,1,1
653,2025-02-26 19:30:00,Premier League,Tottenham,Manchester City,6.0,6.0,2.0,2.8,1.2,1.6,10.0,3.3,6.7,0.8,1.4,1.6,2.4,2.4,1.8,-0.8,0.6,0.2,0.4,0.0,0.0,0.2,0.4,-0.5999999999999999,1.2,1.2,,,,0,5.0,5.0,0,0.0,-0.7999999999999998,0.40000000000000013,0.0,0.0,3.6,4.0,0,1,AWAY,0,0
654,2025-02-26 19:30:00,Premier League,Brentford,Everton,6.0,7.3,1.4,2.2,1.0,1.0,6.7,5.6,1.1000000000000005,0.2,1.6,0.6,0.8,2.2,0.6,-1.6,0.2,0.0,0.4,0.6,0.4,0.0,0.4,-1.4000000000000001,1.2,1.2,,,,0,5.0,5.0,0,-1.2999999999999998,-0.8000000000000003,0.0,0.0,0.0,2.4,3.2,1,1,DRAW,0,1
655,2025-02-26 19:30:00,Premier League,Nottingham Forest,Arsenal,4.0,6.7,2.8,2.0,2.6,0.8,3.3,6.7,-3.4000000000000004,2.6,2.6,2.8,2.4,0.8,0.6,2.0,1.8,0.4,0.4,0.0,0.0,0.8,0.8,0.0,1.2,1.2,,,,0,5.0,5.0,0,-2.7,0.7999999999999998,-1.8,0.0,0.0,3.5999999999999996,4.6,0,0,DRAW,0,0
656,2025-02-26 20:15:00,Premier League,Liverpool,Newcastle,7.3,4.0,2.0,1.8,1.0,2.8,7.8,3.3,4.5,2.2,2.4,2.6,2.2,1.4,1.2,1.2,1.0,0.0,0.4,0.0,0.2,0.6,0.8,-0.19999999999999973,1.2,1.2,,,,0,5.0,5.0,0,3.3,0.19999999999999996,1.7999999999999998,0.0,0.0,4.8,2.8,2,0,HOME,0,0
1026,2025-02-27 19:45:00,Serie A,Bologna,AC Milan,5.3,6.7,1.2,1.6,1.0,1.0,4.4,6.7,-2.3,2.0,1.8,2.4,1.2,1.6,1.0,0.8,0.2,0.2,0.4,0.0,0.2,0.6,0.6,0.19999999999999996,1.2,1.2,,,,0,5.0,5.0,0,-1.4000000000000004,-0.40000000000000013,0.0,0.0,0.0,2.2,2.6,2,1,HOME,1,1
657,2025-02-27 20:00:00,Premier League,West Ham,Leicester,2.7,2.0,0.6,0.4,1.2,2.6,3.3,0.0,3.3,0.8,0.6,0.8,0.8,2.2,2.8,-1.4,-2.0,0.0,0.0,0.6,0.4,0.2,0.2,0.20000000000000007,1.2,1.2,,,,0,5.0,5.0,0,0.7000000000000002,0.19999999999999996,1.4000000000000001,0.0,0.0,3.2,1.6,2,0,HOME,0,0
1354,2025-02-28 19:30:00,Bundesliga,VfB Stuttgart,Bayern München,2.7,8.7,1.0,2.6,1.6,0.8,4.4,7.8,-3.3999999999999995,1.2,1.6,1.6,1.0,1.2,0.8,0.4,0.2,0.2,0.4,0.2,0.2,0.4,0.4,-0.40000000000000013,1.2,1.2,,,,0,5.0,5.0,0,-5.999999999999999,-1.6,-0.8,0.0,0.0,1.8,4.2,1,3,AWAY,1,1
1027,2025-02-28 19:45:00,Serie A,Fiorentina,Lecce,4.0,3.3,1.2,0.6,1.2,1.2,0.0,2.2,-2.2,1.4,1.4,1.2,1.4,1.4,1.6,-0.2,-0.2,0.2,0.2,0.4,0.4,0.4,0.4,0.0,1.2,1.2,,,,0,5.0,5.0,0,0.7000000000000002,0.6,0.0,0.0,0.0,2.4,1.7999999999999998,1,0,HOME,0,0
257,2025-02-28 20:00:00,La Liga,Valladolid,Las Palmas,0.0,0.7,0.4,0.8,4.0,2.0,0.0,0.0,0.0,1.2,0.8,0.4,1.0,2.4,2.0,-2.0,-1.0,0.4,0.2,0.6,0.2,0.4,0.2,0.3999999999999999,1.2,1.2,,,,0,5.0,5.0,0,-0.7,-0.4,-2.0,0.0,0.0,2.4,4.8,1,1,DRAW,0,1
258,2025-03-01 13:00:00,La Liga,Girona,Celta Vigo,2.0,5.3,0.8,1.4,2.0,1.2,0.0,7.8,-7.8,1.2,0.4,1.4,0.8,1.6,1.4,-0.2,-0.6,0.2,0.0,0.2,0.2,0.4,0.0,0.7999999999999999,1.2,1.2,,,,0,5.0,5.0,0,-3.3,-0.5999999999999999,-0.8,0.0,0.0,2.0,3.4,2,2,DRAW,1,1
1028,2025-03-01 14:00:00,Serie A,Atalanta,Venezia,7.3,1.3,2.6,0.6,0.4,1.4,7.8,1.1,6.699999999999999,1.2,0.4,1.4,1.0,1.4,1.8,0.0,-0.8,0.2,0.0,0.2,0.4,0.2,0.0,0.7999999999999999,1.2,1.2,,,,0,5.0,5.0,0,6.0,2.0,0.9999999999999999,0.0,0.0,4.0,1.0,0,0,DRAW,0,0
1355,2025-03-01 14:30:00,Bundesliga,Werder Bremen,VfL Wolfsburg,2.7,4.7,0.8,1.2,2.6,1.0,0.0,5.6,-5.6,1.4,1.4,1.8,1.6,1.8,1.6,0.0,0.0,0.2,0.2,0.2,0.0,0.4,0.4,0.0,1.2,1.2,,,,0,5.0,5.0,0,-2.0,-0.3999999999999999,-1.6,0.0,0.0,1.8,3.8,1,2,AWAY,1,1
1356,2025-03-01 14:30:00,Bundesliga,RB Leipzig,FSV Mainz 05,4.7,6.7,1.2,1.2,0.8,0.2,5.6,7.8,-2.2,2.2,1.2,2.4,1.2,1.4,1.0,1.0,0.2,0.2,0.2,0.0,0.4,0.6,0.4,1.0000000000000002,1.2,1.2,,,,0,5.0,5.0,0,-2.0,0.0,-0.6000000000000001,0.0,0.0,1.4,2.0,1,2,AWAY,1,1
1357,2025-03-01 14:30:00,Bundesliga,VfL Bochum,1899 Hoffenheim,3.3,3.3,1.0,1.4,1.4,2.2,5.6,4.4,1.1999999999999993,2.0,1.4,1.6,1.6,0.8,2.2,0.8,-0.6,0.6,0.0,0.2,0.2,0.6,0.4,0.6000000000000001,1.2,1.2,,,,0,5.0,5.0,0,0.0,-0.3999999999999999,0.8000000000000003,0.0,0.0,3.2,2.8,0,1,AWAY,0,0
1358,2025-03-01 14:30:00,Bundesliga,1. FC Heidenheim,Borussia Mönchengladbach,0.7,6.7,0.8,1.6,1.8,1.2,1.1,4.4,-3.3000000000000003,0.6,1.8,0.8,1.6,1.8,2.2,-1.0,-0.6,0.2,0.0,0.4,0.0,0.2,0.6,-1.2000000000000002,1.2,1.2,,,,0,5.0,5.0,0,-6.0,-0.8,-0.6000000000000001,0.0,0.0,2.0,3.4000000000000004,0,3,AWAY,1,0
1359,2025-03-01 14:30:00,Bundesliga,FC St. Pauli,Borussia Dortmund,2.7,4.7,0.8,2.2,1.2,1.4,0.0,3.3,-3.3,0.8,1.2,0.8,1.4,1.0,2.0,-0.2,-0.6,0.2,0.0,0.6,0.4,0.2,0.4,-0.3999999999999999,1.2,1.2,,,,0,5.0,5.0,0,-2.0,-1.4000000000000001,0.19999999999999996,0.0,0.0,2.2,3.4000000000000004,0,2,AWAY,0,0
259,2025-03-01 15:15:00,La Liga,Rayo Vallecano,Sevilla,6.0,4.0,0.8,1.4,0.6,1.2,3.3,4.4,-1.1000000000000005,2.0,1.4,1.6,2.2,1.2,1.8,0.4,0.4,0.2,0.4,0.2,0.2,0.6,0.4,0.6000000000000001,1.2,1.2,,,,0,5.0,5.0,0,2.0,-0.5999999999999999,0.6,0.0,0.0,2.0,2.0,1,1,DRAW,0,1
1029,2025-03-01 17:00:00,Serie A,Napoli,Inter,4.0,4.7,1.4,0.8,1.4,1.2,2.2,6.7,-4.5,2.0,1.4,1.2,1.2,0.6,1.0,0.6,0.2,0.4,0.4,0.2,0.4,0.6,0.4,0.6000000000000001,1.2,1.2,,,,0,5.0,5.0,0,-0.7000000000000002,0.5999999999999999,-0.19999999999999996,0.0,0.0,2.5999999999999996,2.2,1,1,DRAW,0,1
260,2025-03-01 17:30:00,La Liga,Real Betis,Real Madrid,6.7,5.3,2.0,1.4,1.2,0.6,6.7,5.6,1.1000000000000005,1.2,1.6,1.8,1.8,1.6,1.2,0.2,0.6,0.2,0.2,0.0,0.2,0.2,0.4,-0.40000000000000013,1.2,1.2,,,,0,5.0,5.0,0,1.4000000000000004,0.6000000000000001,-0.6,0.0,0.0,2.6,2.5999999999999996,2,1,HOME,1,1
1360,2025-03-01 17:30:00,Bundesliga,Eintracht Frankfurt,Bayer Leverkusen,4.0,6.0,1.4,1.4,1.8,0.6,4.4,5.6,-1.1999999999999993,2.0,2.2,2.2,1.8,1.2,0.8,1.0,1.0,0.2,0.6,0.0,0.2,0.6,0.6,-0.20000000000000018,1.2,1.2,,,,0,5.0,5.0,0,-2.0,0.0,-1.2000000000000002,0.0,0.0,2.0,3.2,1,4,AWAY,1,1
1030,2025-03-01 19:45:00,Serie A,Udinese,Parma,6.7,2.0,1.8,1.2,1.0,1.8,7.8,3.3,4.5,1.6,0.2,1.8,0.6,1.2,2.2,0.6,-1.6,0.4,0.2,0.2,0.6,0.4,0.0,1.4000000000000001,1.2,1.2,,,,0,5.0,5.0,0,4.7,0.6000000000000001,0.8,0.0,0.0,3.6,2.2,1,0,HOME,0,0
261,2025-03-01 20:00:00,La Liga,Atletico Madrid,Athletic Club,6.0,6.0,1.6,2.6,0.6,0.8,5.6,7.8,-2.2,2.2,1.8,1.2,1.6,0.4,1.2,0.8,0.4,0.6,0.0,0.0,0.0,0.6,0.4,0.40000000000000013,1.2,1.2,,,,0,5.0,5.0,0,0.0,-1.0,0.20000000000000007,0.0,0.0,2.4000000000000004,3.2,1,0,HOME,0,0
1031,2025-03-02 11:30:00,Serie A,Monza,Torino,0.7,5.3,0.2,1.6,2.4,1.2,1.1,4.4,-3.3000000000000003,0.8,1.2,0.8,1.4,1.2,1.4,-0.4,0.0,0.2,0.2,0.4,0.0,0.2,0.2,-0.3999999999999999,1.2,1.2,,,,0,5.0,5.0,0,-4.6,-1.4000000000000001,-1.2,0.0,0.0,1.4,4.0,0,2,AWAY,0,0
262,2025-03-02 13:00:00,La Liga,Leganes,Getafe,1.3,6.7,0.6,1.4,1.8,0.6,1.1,6.7,-5.6,0.8,2.4,1.2,1.6,2.4,0.6,-1.2,1.0,0.2,0.4,0.4,0.2,0.2,0.8,-1.5999999999999999,1.2,1.2,,,,0,5.0,5.0,0,-5.4,-0.7999999999999999,-1.2000000000000002,0.0,0.0,1.2,3.2,1,0,HOME,0,0
1032,2025-03-02 14:00:00,Serie A,Genoa,Empoli,4.7,0.7,1.2,0.4,0.8,3.0,4.4,0.0,4.4,2.0,0.2,1.2,1.0,0.4,2.8,0.8,-1.8,0.8,0.0,0.2,0.2,0.6,0.0,1.8,1.2,1.2,,,,0,5.0,5.0,0,4.0,0.7999999999999999,2.2,0.0,0.0,4.2,1.2000000000000002,1,1,DRAW,0,1
1033,2025-03-02 14:00:00,Serie A,Bologna,Cagliari,6.7,2.7,1.4,0.6,1.0,1.2,6.7,4.4,2.3,2.6,1.0,2.4,0.8,1.2,1.2,1.2,-0.4,0.2,0.2,0.0,0.4,0.8,0.2,1.6,1.2,1.2,,,,0,5.0,5.0,0,4.0,0.7999999999999999,0.19999999999999996,0.0,0.0,2.5999999999999996,1.6,2,1,HOME,1,1
1361,2025-03-02 14:30:00,Bundesliga,Union Berlin,Holstein Kiel,2.7,1.3,1.0,1.6,2.2,2.6,3.3,1.1,2.1999999999999997,1.0,0.2,0.8,1.8,1.2,3.2,-0.4,-1.4,0.2,0.0,0.4,0.0,0.2,0.0,0.8,1.2,1.2,,,,0,5.0,5.0,0,1.4000000000000001,-0.6000000000000001,0.3999999999999999,0.0,0.0,3.6,3.8000000000000003,0,1,AWAY,0,0
263,2025-03-02 15:15:00,La Liga,Barcelona,Real Sociedad,10.0,4.0,3.0,1.2,0.4,1.8,10.0,6.7,3.3,1.8,0.6,2.0,0.8,0.8,1.6,1.2,-0.8,0.4,0.2,0.2,0.6,0.6,0.2,1.2000000000000002,1.2,1.2,,,,0,5.0,5.0,0,6.0,1.8,1.4,0.0,0.0,4.8,1.6,4,0,HOME,1,0
1362,2025-03-02 16:30:00,Bundesliga,FC Augsburg,SC Freiburg,6.0,8.0,1.2,1.8,0.4,0.4,5.6,10.0,-4.4,1.4,1.2,0.6,0.8,0.8,2.6,-0.2,-1.8,0.4,0.4,0.6,0.2,0.4,0.4,0.19999999999999996,1.2,1.2,,,,0,5.0,5.0,0,-2.0,-0.6000000000000001,0.0,0.0,0.0,1.6,2.2,0,0,DRAW,0,0
1034,2025-03-02 17:00:00,Serie A,AS Roma,Como,8.7,4.0,1.8,1.2,0.4,1.4,10.0,6.7,3.3,2.6,1.0,3.0,1.0,0.4,1.4,2.6,-0.4,0.6,0.2,0.0,0.4,0.8,0.2,1.6,1.2,1.2,,,,0,5.0,5.0,0,4.699999999999999,0.6000000000000001,0.9999999999999999,0.0,0.0,3.2,1.6,2,1,HOME,1,1
264,2025-03-02 17:30:00,La Liga,Mallorca,Alaves,3.3,1.3,1.0,0.8,1.2,1.4,5.6,1.1,4.5,1.4,1.2,1.4,2.0,1.8,1.8,-0.4,0.2,0.0,0.0,0.2,0.2,0.4,0.2,0.19999999999999996,1.2,1.2,,,,0,5.0,5.0,0,1.9999999999999998,0.19999999999999996,0.19999999999999996,0.0,0.0,2.4,2.0,1,1,DRAW,0,1
1035,2025-03-02 19:45:00,Serie A,AC Milan,Lazio,4.7,5.3,1.2,2.0,1.0,1.2,3.3,5.6,-2.3,1.8,2.0,1.4,1.4,1.0,0.8,0.4,0.6,0.2,0.4,0.0,0.4,0.4,0.6,-0.19999999999999996,1.2,1.2,,,,0,5.0,5.0,0,-0.5999999999999996,-0.8,0.19999999999999996,0.0,0.0,2.4,3.0,1,2,AWAY,1,1
265,2025-03-02 20:00:00,La Liga,Osasuna,Valencia,4.0,4.7,1.0,1.2,1.0,2.4,2.2,4.4,-2.2,1.2,0.6,1.4,0.8,1.4,2.2,0.0,-1.4,0.0,0.0,0.0,0.2,0.2,0.0,0.6,1.2,1.2,,,,0,5.0,5.0,0,-0.7000000000000002,-0.19999999999999996,1.4,0.0,0.0,3.4,2.2,3,3,DRAW,1,1
1036,2025-03-03 19:45:00,Serie A,Juventus,Hellas Verona,8.0,4.7,1.8,0.6,0.8,1.4,10.0,3.3,6.7,2.2,1.4,2.2,1.0,1.0,1.2,1.2,-0.2,0.4,0.2,0.0,0.4,0.6,0.4,0.8000000000000003,1.2,1.2,,,,0,5.0,5.0,0,3.3,1.2000000000000002,0.5999999999999999,0.0,0.0,3.2,1.4,2,0,HOME,0,0
1363,2025-03-07 19:30:00,Bundesliga,Borussia Mönchengladbach,FSV Mainz 05,6.7,6.7,1.6,1.2,1.2,0.4,6.7,10.0,-3.3,1.4,1.2,1.6,1.0,1.2,1.0,0.4,0.0,0.2,0.2,0.4,0.4,0.4,0.4,0.19999999999999996,1.2,1.2,,,,0,5.0,5.0,0,0.0,0.40000000000000013,-0.7999999999999999,0.0,0.0,2.0,2.4,1,3,AWAY,1,1
1037,2025-03-07 19:45:00,Serie A,Cagliari,Genoa,2.7,3.3,0.8,1.0,1.2,1.0,1.1,4.4,-3.3000000000000003,1.2,0.4,1.4,0.6,1.6,1.4,-0.2,-0.8,0.0,0.2,0.4,0.4,0.4,0.0,0.7999999999999999,1.2,1.2,,,,0,5.0,5.0,0,-0.5999999999999996,-0.19999999999999996,-0.19999999999999996,0.0,0.0,1.8,2.2,1,1,DRAW,0,1
658,2025-03-08 12:30:00,Premier League,Nottingham Forest,Manchester City,2.7,6.0,2.2,1.8,2.2,1.6,1.1,6.7,-5.6,2.2,2.0,2.4,2.4,0.6,1.4,1.8,1.0,0.6,0.6,0.2,0.0,0.6,0.6,0.20000000000000018,1.2,1.2,,,,0,5.0,5.0,0,-3.3,0.40000000000000013,-0.6000000000000001,0.0,0.0,3.8000000000000003,4.0,1,0,HOME,0,0
266,2025-03-08 13:00:00,La Liga,Celta Vigo,Leganes,5.3,2.7,1.6,0.8,1.4,1.8,5.6,4.4,1.1999999999999993,2.4,1.0,1.8,0.4,0.8,1.2,1.0,-0.8,0.6,0.4,0.0,0.6,0.8,0.2,1.4,1.2,1.2,,,,0,5.0,5.0,0,2.5999999999999996,0.8,0.40000000000000013,0.0,0.0,3.4000000000000004,2.2,2,1,HOME,1,1
1038,2025-03-08 14:00:00,Serie A,Parma,Torino,2.0,5.3,0.8,1.6,1.4,1.2,3.3,6.7,-3.4000000000000004,1.4,1.2,1.2,1.6,1.2,1.4,0.0,0.2,0.2,0.2,0.2,0.0,0.4,0.2,0.19999999999999996,1.2,1.2,,,,0,5.0,5.0,0,-3.3,-0.8,-0.19999999999999996,0.0,0.0,2.0,3.0,2,2,DRAW,1,1
1039,2025-03-08 14:00:00,Serie A,Como,Venezia,4.0,1.3,1.2,0.4,1.4,1.2,6.7,2.2,4.5,1.2,0.4,1.8,0.6,1.6,1.4,0.2,-0.8,0.0,0.2,0.0,0.6,0.4,0.0,0.7999999999999999,1.2,1.2,,,,0,5.0,5.0,0,2.7,0.7999999999999999,-0.19999999999999996,0.0,0.0,2.4,1.7999999999999998,1,1,DRAW,0,1
1364,2025-03-08 14:30:00,Bundesliga,Bayern München,VfL Bochum,8.7,3.3,2.8,1.0,0.8,1.0,7.8,4.4,3.3999999999999995,3.0,0.6,3.8,0.8,1.0,1.8,2.8,-1.0,0.6,0.0,0.0,0.4,1.0,0.0,2.4,1.2,1.2,,,,0,5.0,5.0,0,5.3999999999999995,1.7999999999999998,0.19999999999999996,0.0,0.0,3.8,1.8,2,3,AWAY,1,1
1365,2025-03-08 14:30:00,Bundesliga,VfL Wolfsburg,FC St. Pauli,6.0,0.7,1.2,0.2,0.8,1.6,7.8,0.0,7.8,1.2,1.2,1.8,0.6,1.4,1.0,0.4,-0.4,0.2,0.4,0.2,0.6,0.2,0.4,0.0,1.2,1.2,,,,0,5.0,5.0,0,5.3,1.0,0.8,0.0,0.0,2.8,1.0,1,1,DRAW,0,1
1366,2025-03-08 14:30:00,Bundesliga,Borussia Dortmund,FC Augsburg,6.0,4.7,2.2,0.8,1.0,0.2,6.7,5.6,1.1000000000000005,1.0,2.2,2.4,1.6,1.6,0.2,0.8,1.4,0.2,0.8,0.0,0.2,0.2,0.6,-1.2000000000000002,1.2,1.2,,,,0,5.0,5.0,0,1.2999999999999998,1.4000000000000001,-0.8,0.0,0.0,2.4000000000000004,1.8,0,1,AWAY,0,0
1367,2025-03-08 14:30:00,Bundesliga,Bayer Leverkusen,Werder Bremen,7.3,2.0,1.8,0.6,0.4,2.6,7.8,0.0,7.8,2.6,0.8,2.4,1.2,0.6,2.8,1.8,-1.6,0.4,0.2,0.2,0.4,0.8,0.2,1.8,1.2,1.2,,,,0,5.0,5.0,0,5.3,1.2000000000000002,2.2,0.0,0.0,4.4,1.0,0,2,AWAY,0,0
1368,2025-03-08 14:30:00,Bundesliga,Holstein Kiel,VfB Stuttgart,2.7,2.7,1.4,1.2,2.2,1.8,3.3,1.1,2.1999999999999997,1.4,2.0,2.4,1.4,2.0,1.0,0.4,0.4,0.0,0.2,0.2,0.2,0.4,0.6,-0.6000000000000001,1.2,1.2,,,,0,5.0,5.0,0,0.0,0.19999999999999996,-0.40000000000000013,0.0,0.0,3.2,3.4000000000000004,2,2,DRAW,1,1
659,2025-03-08 15:00:00,Premier League,Liverpool,Southampton,7.3,2.0,2.0,0.8,1.0,3.0,7.8,0.0,7.8,2.6,0.6,2.6,1.2,1.0,2.6,1.6,-1.4,0.2,0.0,0.0,0.2,0.8,0.2,2.0,1.2,1.2,,,,0,5.0,5.0,0,5.3,1.2,2.0,0.0,0.0,5.0,1.8,3,1,HOME,1,1
660,2025-03-08 15:00:00,Premier League,Brighton,Fulham,6.0,6.0,1.8,1.2,1.8,1.2,10.0,6.7,3.3,1.6,2.4,1.2,2.0,0.6,1.2,0.6,0.8,0.4,0.2,0.4,0.0,0.4,0.8,-0.7999999999999998,1.2,1.2,,,,0,5.0,5.0,0,0.0,0.6000000000000001,-0.6000000000000001,0.0,0.0,3.0,3.0,2,1,HOME,1,1
661,2025-03-08 15:00:00,Premier League,Crystal Palace,Ipswich,6.0,0.7,2.0,1.2,1.0,2.8,6.7,1.1,5.6,1.4,0.4,1.8,1.2,1.4,2.2,0.4,-1.0,0.0,0.0,0.0,0.2,0.4,0.0,0.9999999999999999,1.2,1.2,,,,0,5.0,5.0,0,5.3,0.8,1.7999999999999998,0.0,0.0,4.8,2.2,1,0,HOME,0,0
267,2025-03-08 15:15:00,La Liga,Alaves,Villarreal,1.3,7.3,0.8,2.0,1.4,0.8,2.2,7.8,-5.6,0.4,2.0,0.4,1.8,1.0,1.0,-0.6,0.8,0.0,0.2,0.6,0.2,0.0,0.6,-1.6,1.2,1.2,,,,0,5.0,5.0,0,-6.0,-1.2,-0.5999999999999999,0.0,0.0,1.6,3.4,1,0,HOME,0,0
1040,2025-03-08 17:00:00,Serie A,Lecce,AC Milan,3.3,4.0,0.6,1.2,0.6,1.2,1.1,0.0,1.1,0.4,1.2,0.2,1.2,1.4,1.4,-1.2,-0.2,0.4,0.2,0.8,0.2,0.0,0.4,-0.7999999999999999,1.2,1.2,,,,0,5.0,5.0,0,-0.7000000000000002,-0.6,0.6,0.0,0.0,1.7999999999999998,1.7999999999999998,2,3,AWAY,1,1
268,2025-03-08 17:30:00,La Liga,Valencia,Valladolid,5.3,0.7,1.6,0.6,1.6,3.6,2.2,1.1,1.1,1.8,0.0,1.2,0.6,1.2,3.6,0.0,-3.0,0.4,0.0,0.2,0.4,0.6,0.0,1.8,1.2,1.2,,,,0,5.0,5.0,0,4.6,1.0,2.0,0.0,0.0,5.2,2.2,2,1,HOME,1,1
662,2025-03-08 17:30:00,Premier League,Brentford,Aston Villa,6.7,3.3,1.6,1.2,0.8,2.0,7.8,4.4,3.3999999999999995,0.4,0.8,0.8,0.8,2.0,2.2,-1.2,-1.4,0.0,0.2,0.4,0.4,0.0,0.2,-0.4,1.2,1.2,,,,0,5.0,5.0,0,3.4000000000000004,0.40000000000000013,1.2,0.0,0.0,3.6,2.0,0,1,AWAY,0,0
1369,2025-03-08 17:30:00,Bundesliga,SC Freiburg,RB Leipzig,8.7,4.0,1.6,1.0,0.0,0.8,7.8,2.2,5.6,2.4,0.6,2.6,1.0,1.2,2.0,1.4,-1.0,0.4,0.4,0.0,0.4,0.8,0.0,1.7999999999999998,1.2,1.2,,,,0,5.0,5.0,0,4.699999999999999,0.6000000000000001,0.8,0.0,0.0,2.4000000000000004,1.0,0,0,DRAW,0,0
1041,2025-03-08 19:45:00,Serie A,Inter,Monza,4.7,0.7,0.8,0.2,1.2,2.4,4.4,1.1,3.3000000000000003,2.6,0.0,2.0,0.6,0.8,3.2,1.2,-2.6,0.4,0.0,0.0,0.4,0.8,0.0,2.6,1.2,1.2,,,,0,5.0,5.0,0,4.0,0.6000000000000001,1.2,0.0,0.0,3.2,1.4,3,2,HOME,1,1
663,2025-03-08 20:00:00,Premier League,Wolves,Everton,4.0,6.0,1.0,2.2,1.0,1.2,3.3,5.6,-2.3,1.2,1.6,1.0,1.0,1.2,0.8,-0.2,0.2,0.4,0.2,0.4,0.2,0.4,0.4,-0.40000000000000013,1.2,1.2,,,,0,5.0,5.0,0,-2.0,-1.2000000000000002,0.19999999999999996,0.0,0.0,2.2,3.2,1,1,DRAW,0,1
1042,2025-03-09 11:30:00,Serie A,Hellas Verona,Bologna,4.0,6.7,0.4,1.4,1.6,1.2,3.3,6.7,-3.4000000000000004,0.8,1.2,0.2,1.0,1.8,1.0,-1.6,0.0,0.4,0.4,0.8,0.4,0.2,0.2,-0.3999999999999999,1.2,1.2,,,,0,5.0,5.0,0,-2.7,-0.9999999999999999,-0.40000000000000013,0.0,0.0,1.6,3.0,1,2,AWAY,1,1
269,2025-03-09 13:00:00,La Liga,Getafe,Atletico Madrid,4.7,7.3,0.8,1.6,0.8,0.4,3.3,7.8,-4.5,1.0,2.0,0.6,2.2,0.8,0.6,-0.2,1.6,0.4,0.4,0.4,0.2,0.2,0.6,-1.0,1.2,1.2,,,,0,5.0,5.0,0,-2.5999999999999996,-0.8,-0.4,0.0,0.0,1.2000000000000002,2.4000000000000004,2,1,HOME,1,1
664,2025-03-09 14:00:00,Premier League,Tottenham,Bournemouth,6.0,4.0,1.6,1.8,0.8,1.2,6.7,3.3,3.4000000000000004,0.8,1.6,1.0,2.4,1.4,1.6,-0.4,0.8,0.2,0.0,0.2,0.0,0.2,0.4,-0.8,1.2,1.2,,,,0,5.0,5.0,0,2.0,-0.19999999999999996,0.3999999999999999,0.0,0.0,2.8,2.6,2,2,DRAW,1,1
665,2025-03-09 14:00:00,Premier League,Chelsea,Leicester,4.0,2.0,1.6,0.4,1.8,2.6,3.3,0.0,3.3,2.0,0.6,2.4,0.8,1.2,2.4,1.2,-1.6,0.2,0.0,0.0,0.4,0.6,0.2,1.4,1.2,1.2,,,,0,5.0,5.0,0,2.0,1.2000000000000002,0.8,0.0,0.0,4.2,2.2,1,0,HOME,0,0
1043,2025-03-09 14:00:00,Serie A,Napoli,Fiorentina,2.7,4.0,1.2,1.0,1.4,1.0,2.2,3.3,-1.0999999999999996,2.2,0.8,1.4,1.2,0.6,1.6,0.8,-0.4,0.4,0.0,0.0,0.2,0.6,0.2,1.4000000000000001,1.2,1.2,,,,0,5.0,5.0,0,-1.2999999999999998,0.19999999999999996,-0.3999999999999999,0.0,0.0,2.2,2.4,2,1,HOME,1,1
1370,2025-03-09 14:30:00,Bundesliga,Eintracht Frankfurt,Union Berlin,3.3,2.7,1.2,1.0,2.2,1.8,3.3,0.0,3.3,2.0,0.6,2.2,1.0,1.4,3.0,0.8,-2.0,0.2,0.2,0.0,0.6,0.6,0.2,1.4,1.2,1.2,,,,0,5.0,5.0,0,0.5999999999999996,0.19999999999999996,-0.40000000000000013,0.0,0.0,3.0,3.2,1,2,AWAY,1,1
270,2025-03-09 15:15:00,La Liga,Real Madrid,Rayo Vallecano,3.3,4.7,1.0,0.6,1.0,0.6,4.4,1.1,3.3000000000000003,2.6,1.2,2.6,0.8,0.8,0.8,1.8,0.0,0.4,0.2,0.0,0.2,0.8,0.2,1.4000000000000001,1.2,1.2,,,,0,5.0,5.0,0,-1.4000000000000004,0.4,-0.4,0.0,0.0,1.6,1.6,2,1,HOME,1,1
666,2025-03-09 16:30:00,Premier League,Manchester United,Arsenal,4.7,6.7,1.2,1.6,1.4,0.4,4.4,4.4,0.0,1.2,2.2,1.4,1.4,2.0,0.4,-0.6,1.0,0.0,0.6,0.4,0.2,0.4,0.6,-1.0000000000000002,1.2,1.2,,,,0,5.0,5.0,0,-2.0,-0.40000000000000013,-0.9999999999999999,0.0,0.0,1.6,3.0,1,1,DRAW,0,1
1371,2025-03-09 16:30:00,Bundesliga,1899 Hoffenheim,1. FC Heidenheim,4.7,0.7,1.2,0.6,1.8,2.0,7.8,1.1,6.699999999999999,0.4,0.4,0.8,1.2,2.0,2.0,-1.2,-0.8,0.0,0.0,0.4,0.4,0.0,0.0,0.0,1.2,1.2,,,,0,5.0,5.0,0,4.0,0.6,0.19999999999999996,0.0,0.0,3.2,2.4,1,1,DRAW,0,1
1044,2025-03-09 17:00:00,Serie A,Empoli,AS Roma,0.7,8.7,0.4,1.8,3.0,0.4,1.1,10.0,-8.9,0.2,2.2,0.6,1.4,2.6,0.8,-2.0,0.6,0.0,0.4,0.4,0.0,0.0,0.6,-2.0,1.2,1.2,,,,0,5.0,5.0,0,-7.999999999999999,-1.4,-2.6,0.0,0.0,0.8,4.8,0,1,AWAY,0,0
271,2025-03-09 17:30:00,La Liga,Athletic Club,Mallorca,5.3,4.0,2.6,1.2,1.0,1.2,4.4,5.6,-1.1999999999999993,2.6,0.8,2.8,0.4,0.4,1.8,2.4,-1.4,0.6,0.2,0.2,0.6,0.8,0.2,1.8,1.2,1.2,,,,0,5.0,5.0,0,1.2999999999999998,1.4000000000000001,0.19999999999999996,0.0,0.0,3.8,2.2,1,1,DRAW,0,1
272,2025-03-09 17:30:00,La Liga,Real Betis,Las Palmas,6.7,0.7,2.2,0.8,1.4,2.0,10.0,1.1,8.9,1.6,0.4,1.8,0.8,1.4,2.0,0.4,-1.2,0.2,0.2,0.0,0.2,0.4,0.0,1.2000000000000002,1.2,1.2,,,,0,5.0,5.0,0,6.0,1.4000000000000001,0.6000000000000001,0.0,0.0,4.2,2.2,1,0,HOME,0,0
1045,2025-03-09 19:45:00,Serie A,Juventus,Atalanta,10.0,6.0,2.0,2.2,0.4,0.2,10.0,5.6,4.4,2.6,2.2,2.2,2.6,0.6,0.4,1.6,2.2,0.6,0.6,0.0,0.2,0.8,0.6,0.3999999999999999,1.2,1.2,,,,0,5.0,5.0,0,4.0,-0.20000000000000018,-0.2,0.0,0.0,2.2,2.6,0,4,AWAY,1,0
273,2025-03-09 20:00:00,La Liga,Real Sociedad,Sevilla,4.0,4.0,1.2,1.4,2.0,1.2,3.3,5.6,-2.3,2.0,1.6,1.2,1.8,0.8,1.2,0.4,0.6,0.6,0.4,0.4,0.2,0.6,0.4,0.3999999999999999,1.2,1.2,,,,0,5.0,5.0,0,0.0,-0.19999999999999996,-0.8,0.0,0.0,2.4,3.4,0,1,AWAY,0,0
1046,2025-03-10 19:45:00,Serie A,Lazio,Udinese,7.3,8.7,2.2,1.8,1.0,0.6,5.6,10.0,-4.4,1.2,1.6,2.0,1.0,1.4,1.2,0.6,-0.2,0.0,0.4,0.0,0.2,0.2,0.4,-0.40000000000000013,1.2,1.2,,,,0,5.0,5.0,0,-1.3999999999999995,0.40000000000000013,-0.4,0.0,0.0,2.8000000000000003,2.8,1,1,DRAW,0,1
274,2025-03-10 20:00:00,La Liga,Espanyol,Girona,5.3,2.7,1.0,1.0,0.8,2.0,4.4,1.1,3.3000000000000003,1.8,0.6,1.2,0.6,0.8,1.8,0.4,-1.2,0.2,0.2,0.0,0.4,0.4,0.2,1.2000000000000002,1.2,1.2,,,,0,5.0,5.0,0,2.5999999999999996,0.0,1.2,0.0,0.0,3.0,1.8,1,1,DRAW,0,1
667,2025-03-10 20:00:00,Premier League,West Ham,Newcastle,4.7,4.0,1.0,1.6,0.8,2.4,6.7,3.3,3.4000000000000004,1.2,1.8,1.0,1.4,2.0,1.6,-1.0,-0.2,0.2,0.2,0.6,0.4,0.4,0.6,-0.6000000000000001,1.2,1.2,,,,0,5.0,5.0,0,0.7000000000000002,-0.6000000000000001,1.5999999999999999,0.0,0.0,3.4,2.4000000000000004,0,1,AWAY,0,0
1372,2025-03-14 19:30:00,Bundesliga,FC St. Pauli,1899 Hoffenheim,0.7,5.3,0.2,1.2,1.6,1.4,1.1,5.6,-4.5,0.8,1.8,0.8,1.6,1.0,2.0,-0.2,-0.4,0.2,0.2,0.6,0.2,0.2,0.6,-1.0,1.2,1.2,,,,0,5.0,5.0,0,-4.6,-1.0,-0.20000000000000018,0.0,0.0,1.5999999999999999,2.8,1,0,HOME,0,0
1047,2025-03-14 19:45:00,Serie A,Genoa,Lecce,4.0,1.3,1.0,0.4,0.8,1.0,2.2,0.0,2.2,2.0,1.4,1.4,1.4,0.6,1.4,0.8,0.0,0.6,0.2,0.0,0.4,0.6,0.4,0.6000000000000001,1.2,1.2,,,,0,5.0,5.0,0,2.7,0.6,0.19999999999999996,0.0,0.0,2.0,1.2000000000000002,2,1,HOME,1,1
275,2025-03-14 20:00:00,La Liga,Las Palmas,Alaves,0.7,3.3,0.6,1.0,1.8,1.2,1.1,4.4,-3.3000000000000003,0.8,1.2,0.8,1.8,1.4,1.6,-0.6,0.2,0.2,0.0,0.2,0.2,0.2,0.2,-0.3999999999999999,1.2,1.2,,,,0,5.0,5.0,0,-2.5999999999999996,-0.4,-0.6000000000000001,0.0,0.0,1.7999999999999998,2.8,2,2,DRAW,1,1
276,2025-03-15 13:00:00,La Liga,Valladolid,Celta Vigo,0.7,7.3,0.6,1.8,3.0,1.2,1.1,7.8,-6.699999999999999,1.4,0.6,0.6,1.2,1.6,1.6,-1.0,-0.4,0.4,0.0,0.4,0.0,0.4,0.0,0.7999999999999999,1.2,1.2,,,,0,5.0,5.0,0,-6.6,-1.2000000000000002,-1.8,0.0,0.0,1.7999999999999998,4.8,0,1,AWAY,0,0
1048,2025-03-15 14:00:00,Serie A,Udinese,Hellas Verona,7.3,2.0,1.4,0.4,0.4,2.0,7.8,3.3,4.5,2.0,0.8,1.6,0.4,0.8,1.2,0.8,-0.8,0.6,0.2,0.2,0.6,0.6,0.2,1.2,1.2,1.2,,,,0,5.0,5.0,0,5.3,0.9999999999999999,1.6,0.0,0.0,3.4,0.8,0,1,AWAY,0,0
1049,2025-03-15 14:00:00,Serie A,Monza,Parma,0.7,2.7,0.6,1.0,2.8,1.2,0.0,4.4,-4.4,0.8,0.2,0.6,0.6,1.2,1.4,-0.6,-0.8,0.2,0.2,0.6,0.6,0.2,0.0,0.6000000000000001,1.2,1.2,,,,0,5.0,5.0,0,-2.0,-0.4,-1.5999999999999999,0.0,0.0,1.7999999999999998,3.8,1,1,DRAW,0,1
1373,2025-03-15 14:30:00,Bundesliga,Werder Bremen,Borussia Mönchengladbach,2.0,4.7,0.8,1.4,2.6,1.6,3.3,3.3,0.0,0.8,1.8,1.2,1.8,2.0,2.0,-0.8,-0.2,0.2,0.2,0.2,0.0,0.2,0.6,-1.0,1.2,1.2,,,,0,5.0,5.0,0,-2.7,-0.5999999999999999,-1.0,0.0,0.0,2.4000000000000004,4.0,2,4,AWAY,1,1
1374,2025-03-15 14:30:00,Bundesliga,FSV Mainz 05,SC Freiburg,8.7,7.3,1.8,1.4,0.4,0.0,10.0,5.6,4.4,2.6,1.4,1.6,0.6,0.2,1.6,1.4,-1.0,0.8,0.6,0.2,0.4,0.8,0.4,1.2000000000000002,1.2,1.2,,,,0,5.0,5.0,0,1.3999999999999995,0.40000000000000013,-0.4,0.0,0.0,1.8,1.7999999999999998,2,2,DRAW,1,1
1375,2025-03-15 14:30:00,Bundesliga,FC Augsburg,VfL Wolfsburg,6.0,6.0,0.8,1.2,0.0,0.8,7.8,5.6,2.2,1.0,2.0,0.4,1.6,0.8,1.2,-0.4,0.4,0.4,0.2,0.8,0.0,0.2,0.6,-1.0,1.2,1.2,,,,0,5.0,5.0,0,0.0,-0.3999999999999999,0.8,0.0,0.0,1.6,1.2,1,0,HOME,0,0
1376,2025-03-15 14:30:00,Bundesliga,Union Berlin,Bayern München,4.0,6.7,1.4,2.4,2.0,0.8,3.3,6.7,-3.4000000000000004,0.8,2.0,0.6,1.4,1.2,0.8,-0.6,0.6,0.2,0.4,0.6,0.2,0.2,0.6,-1.2,1.2,1.2,,,,0,5.0,5.0,0,-2.7,-1.0,-1.2,0.0,0.0,2.2,4.4,1,1,DRAW,0,1
668,2025-03-15 15:00:00,Premier League,Southampton,Wolves,2.0,4.7,0.8,1.2,3.0,1.0,0.0,4.4,-4.4,0.0,0.8,0.4,1.0,3.2,2.0,-2.8,-1.0,0.0,0.2,0.6,0.2,0.0,0.2,-0.8,1.2,1.2,,,,0,5.0,5.0,0,-2.7,-0.3999999999999999,-2.0,0.0,0.0,1.8,4.2,1,2,AWAY,1,1
669,2025-03-15 15:00:00,Premier League,Everton,West Ham,4.7,4.0,1.6,0.8,1.4,0.8,3.3,6.7,-3.4000000000000004,1.6,1.4,2.2,1.0,1.4,1.4,0.8,-0.4,0.2,0.4,0.2,0.0,0.4,0.4,0.20000000000000018,1.2,1.2,,,,0,5.0,5.0,0,0.7000000000000002,0.8,-0.5999999999999999,0.0,0.0,2.4000000000000004,2.2,1,1,DRAW,0,1
670,2025-03-15 15:00:00,Premier League,Manchester City,Brighton,4.0,8.0,1.2,2.2,1.6,1.8,3.3,10.0,-6.7,2.0,2.0,2.4,2.2,1.0,2.0,1.4,0.2,0.2,0.4,0.2,0.2,0.6,0.6,0.0,1.2,1.2,,,,0,5.0,5.0,0,-4.0,-1.0000000000000002,0.19999999999999996,0.0,0.0,3.0,3.8000000000000003,2,2,DRAW,1,1
671,2025-03-15 15:00:00,Premier League,Ipswich,Nottingham Forest,0.7,4.7,1.0,2.4,2.2,1.2,0.0,4.4,-4.4,0.6,1.2,0.8,1.8,2.8,2.2,-2.0,-0.4,0.2,0.4,0.4,0.2,0.2,0.4,-0.6,1.2,1.2,,,,0,5.0,5.0,0,-4.0,-1.4,-1.0000000000000002,0.0,0.0,2.2,4.6,2,4,AWAY,1,1
277,2025-03-15 15:15:00,La Liga,Mallorca,Espanyol,4.7,5.3,1.4,1.0,1.0,0.8,3.3,5.6,-2.3,1.6,0.8,1.4,0.6,1.0,1.0,0.4,-0.4,0.0,0.2,0.2,0.4,0.4,0.2,0.8,1.2,1.2,,,,0,5.0,5.0,0,-0.5999999999999996,0.3999999999999999,-0.19999999999999996,0.0,0.0,2.2,2.0,2,1,HOME,1,1
1050,2025-03-15 17:00:00,Serie A,AC Milan,Como,4.0,4.7,1.4,1.4,1.6,1.2,3.3,4.4,-1.1000000000000005,1.6,0.8,1.4,0.8,1.2,1.4,0.2,-0.6,0.2,0.2,0.0,0.4,0.4,0.2,0.8,1.2,1.2,,,,0,5.0,5.0,0,-0.7000000000000002,0.0,-0.40000000000000013,0.0,0.0,2.5999999999999996,3.0,2,1,HOME,1,1
278,2025-03-15 17:30:00,La Liga,Villarreal,Real Madrid,6.7,5.3,1.8,1.4,0.8,1.0,4.4,6.7,-2.3,1.6,1.4,2.4,1.4,1.0,1.0,1.4,0.4,0.2,0.2,0.0,0.2,0.4,0.4,0.20000000000000018,1.2,1.2,,,,0,5.0,5.0,0,1.4000000000000004,0.40000000000000013,0.19999999999999996,0.0,0.0,2.8,2.2,1,2,AWAY,1,1
672,2025-03-15 17:30:00,Premier League,Bournemouth,Brentford,2.7,4.7,1.2,1.2,1.6,0.8,1.1,4.4,-3.3000000000000003,1.4,2.6,1.2,2.4,0.6,0.2,0.6,2.2,0.6,0.8,0.6,0.2,0.4,0.8,-1.2000000000000002,1.2,1.2,,,,0,5.0,5.0,0,-2.0,0.0,-0.8,0.0,0.0,2.0,2.8,1,2,AWAY,1,1
1377,2025-03-15 17:30:00,Bundesliga,RB Leipzig,Borussia Dortmund,4.0,4.0,1.0,1.8,0.8,1.0,2.2,6.7,-4.5,1.6,1.2,2.2,1.2,1.6,1.8,0.6,-0.6,0.2,0.2,0.0,0.4,0.4,0.4,0.40000000000000013,1.2,1.2,,,,0,5.0,5.0,0,0.0,-0.8,0.19999999999999996,0.0,0.0,2.0,2.6,2,0,HOME,0,0
1051,2025-03-15 19:45:00,Serie A,Torino,Empoli,5.3,0.7,1.8,0.2,1.4,2.4,7.8,1.1,6.699999999999999,1.8,0.4,1.2,0.8,0.6,2.4,0.6,-1.6,0.4,0.0,0.2,0.2,0.4,0.0,1.4,1.2,1.2,,,,0,5.0,5.0,0,4.6,1.6,1.0,0.0,0.0,4.2,1.5999999999999999,1,0,HOME,0,0
279,2025-03-15 20:00:00,La Liga,Girona,Valencia,1.3,5.3,0.8,1.6,2.0,1.6,2.2,4.4,-2.2,1.4,0.8,1.8,1.4,1.4,2.6,0.4,-1.2,0.2,0.0,0.0,0.0,0.4,0.0,0.5999999999999999,1.2,1.2,,,,0,5.0,5.0,0,-4.0,-0.8,-0.3999999999999999,0.0,0.0,2.4000000000000004,3.6,1,1,DRAW,0,1
1052,2025-03-16 11:30:00,Serie A,Venezia,Napoli,2.0,4.0,0.2,1.4,0.8,1.4,3.3,4.4,-1.1000000000000005,0.6,1.6,0.4,2.0,0.8,1.4,-0.4,0.6,0.2,0.2,0.6,0.0,0.0,0.4,-1.0,1.2,1.2,,,,0,5.0,5.0,0,-2.0,-1.2,0.5999999999999999,0.0,0.0,1.5999999999999999,2.2,0,0,DRAW,0,0
280,2025-03-16 13:00:00,La Liga,Leganes,Real Betis,2.7,8.0,1.0,2.0,2.0,1.0,3.3,10.0,-6.7,1.4,1.8,1.4,1.4,1.8,1.2,-0.4,0.2,0.4,0.2,0.2,0.2,0.4,0.6,-0.40000000000000013,1.2,1.2,,,,0,5.0,5.0,0,-5.3,-1.0,-1.0,0.0,0.0,2.0,4.0,2,3,AWAY,1,1
673,2025-03-16 13:30:00,Premier League,Fulham,Tottenham,6.0,6.7,1.4,1.8,1.4,0.8,3.3,4.4,-1.1000000000000005,1.0,1.2,1.2,1.8,1.6,1.4,-0.4,0.4,0.0,0.2,0.4,0.2,0.2,0.4,-0.19999999999999996,1.2,1.2,,,,0,5.0,5.0,0,-0.7000000000000002,-0.40000000000000013,-0.5999999999999999,0.0,0.0,2.2,3.2,2,0,HOME,0,0
674,2025-03-16 13:30:00,Premier League,Arsenal,Chelsea,5.3,6.0,1.6,1.6,0.6,1.2,2.2,6.7,-4.5,2.0,0.2,2.0,0.6,1.0,2.2,1.0,-1.6,0.2,0.0,0.2,0.4,0.6,0.0,1.8,1.2,1.2,,,,0,5.0,5.0,0,-0.7000000000000002,0.0,0.6,0.0,0.0,2.8,2.2,1,0,HOME,0,0
1053,2025-03-16 14:00:00,Serie A,Bologna,Lazio,8.0,6.0,1.8,2.0,1.4,1.0,10.0,5.6,4.4,3.0,2.0,2.4,1.4,1.0,0.8,1.4,0.6,0.2,0.4,0.0,0.4,1.0,0.6,1.0,1.2,1.2,,,,0,5.0,5.0,0,2.0,-0.19999999999999996,-0.3999999999999999,0.0,0.0,2.8,3.4,5,0,HOME,1,0
1054,2025-03-16 15:00:00,Serie A,AS Roma,Cagliari,10.0,3.3,1.8,0.8,0.2,1.0,10.0,1.1,8.9,2.6,1.0,2.4,0.8,0.6,1.2,1.8,-0.4,0.4,0.2,0.0,0.4,0.8,0.2,1.6,1.2,1.2,,,,0,5.0,5.0,0,6.7,1.0,0.8,0.0,0.0,2.8,1.0,1,0,HOME,0,0
281,2025-03-16 15:15:00,La Liga,Sevilla,Athletic Club,5.3,5.3,1.6,2.4,1.2,0.8,5.6,4.4,1.1999999999999993,1.2,1.6,1.0,1.4,1.4,1.2,-0.4,0.2,0.2,0.0,0.0,0.2,0.2,0.4,-0.40000000000000013,1.2,1.2,,,,0,5.0,5.0,0,0.0,-0.7999999999999998,-0.3999999999999999,0.0,0.0,2.4000000000000004,3.5999999999999996,0,1,AWAY,0,0
1378,2025-03-16 15:20:00,Bundesliga,VfL Bochum,Eintracht Frankfurt,5.3,2.7,1.6,1.2,1.2,2.4,4.4,0.0,4.4,1.4,1.0,1.2,1.0,1.0,1.8,0.2,-0.8,0.4,0.2,0.4,0.2,0.4,0.2,0.3999999999999999,1.2,1.2,,,,0,5.0,5.0,0,2.5999999999999996,0.40000000000000013,1.2,0.0,0.0,4.0,2.4,1,3,AWAY,1,1
1379,2025-03-16 16:30:00,Bundesliga,1. FC Heidenheim,Holstein Kiel,1.3,3.3,0.6,1.2,1.8,1.8,2.2,4.4,-2.2,0.6,0.8,0.6,1.8,1.8,2.4,-1.2,-0.6,0.2,0.2,0.6,0.0,0.2,0.2,-0.20000000000000007,1.2,1.2,,,,0,5.0,5.0,0,-1.9999999999999998,-0.6,0.0,0.0,0.0,2.4,3.0,3,1,HOME,1,1
1055,2025-03-16 17:00:00,Serie A,Fiorentina,Juventus,2.0,8.0,0.6,1.2,1.4,1.0,3.3,6.7,-3.4000000000000004,2.0,1.6,1.4,1.2,0.8,1.0,0.6,0.2,0.4,0.2,0.2,0.0,0.6,0.4,0.3999999999999999,1.2,1.2,,,,0,5.0,5.0,0,-6.0,-0.6,-0.3999999999999999,0.0,0.0,1.6,2.5999999999999996,3,0,HOME,1,0
282,2025-03-16 17:30:00,La Liga,Osasuna,Getafe,4.0,6.0,1.4,1.2,1.4,1.0,2.2,3.3,-1.0999999999999996,1.2,2.4,1.6,1.6,1.6,0.6,0.0,1.0,0.0,0.4,0.0,0.2,0.2,0.8,-1.2,1.2,1.2,,,,0,5.0,5.0,0,-2.0,0.19999999999999996,-0.3999999999999999,0.0,0.0,2.4,2.5999999999999996,1,2,AWAY,1,1
283,2025-03-16 17:30:00,La Liga,Rayo Vallecano,Real Sociedad,2.7,4.0,0.6,1.0,1.0,1.8,1.1,3.3,-2.1999999999999997,2.0,0.0,1.2,0.2,0.8,2.4,0.4,-2.2,0.2,0.0,0.2,0.8,0.6,0.0,2.0,1.2,1.2,,,,0,5.0,5.0,0,-1.2999999999999998,-0.4,0.8,0.0,0.0,2.4,2.0,2,2,DRAW,1,1
1380,2025-03-16 18:30:00,Bundesliga,VfB Stuttgart,Bayer Leverkusen,3.3,5.3,1.4,1.2,1.8,0.6,2.2,6.7,-4.5,1.2,2.2,1.8,2.2,1.6,1.0,0.2,1.2,0.2,0.4,0.0,0.2,0.4,0.6,-1.0000000000000002,1.2,1.2,,,,0,5.0,5.0,0,-2.0,0.19999999999999996,-1.2000000000000002,0.0,0.0,2.0,3.0,3,4,AWAY,1,1
675,2025-03-16 19:00:00,Premier League,Leicester,Manchester United,0.0,3.3,0.0,1.2,2.6,1.6,0.0,5.6,-5.6,0.0,1.0,0.0,1.0,2.4,1.4,-2.4,-0.4,0.0,0.2,1.0,0.4,0.0,0.2,-1.0,1.2,1.2,,,,0,5.0,5.0,0,-3.3,-1.2,-1.0,0.0,0.0,1.6,3.8,0,3,AWAY,1,0
1056,2025-03-16 19:45:00,Serie A,Atalanta,Inter,7.3,6.7,2.8,1.4,0.0,1.0,7.8,7.8,0.0,0.8,1.0,0.8,1.2,1.0,1.2,-0.2,0.0,0.4,0.2,0.4,0.4,0.0,0.2,-0.19999999999999996,1.2,1.2,,,,0,5.0,5.0,0,0.5999999999999996,1.4,1.0,0.0,0.0,3.8,1.4,0,2,AWAY,0,0
284,2025-03-16 20:00:00,La Liga,Atletico Madrid,Barcelona,5.3,10.0,1.4,2.4,0.8,0.2,6.7,10.0,-3.3,2.2,2.2,1.2,2.8,0.4,1.0,0.8,1.8,0.6,0.2,0.0,0.0,0.6,0.6,0.0,1.2,1.2,,,,0,5.0,5.0,0,-4.7,-1.0,-0.6000000000000001,0.0,0.0,1.5999999999999999,3.2,2,4,AWAY,1,1
285,2025-03-27 20:00:00,La Liga,Barcelona,Osasuna,10.0,2.0,3.0,1.2,0.6,1.6,10.0,1.1,8.9,2.4,0.6,2.8,0.4,0.6,0.8,2.2,-0.4,0.6,0.2,0.0,0.6,0.8,0.0,1.7999999999999998,1.2,1.2,,,,0,5.0,5.0,0,8.0,1.8,1.0,0.0,0.0,4.6,1.7999999999999998,3,0,HOME,1,0
1381,2025-03-28 19:30:00,Bundesliga,Bayer Leverkusen,VfL Bochum,6.7,4.7,2.0,1.4,1.2,1.4,6.7,3.3,3.4000000000000004,2.0,1.0,1.4,1.2,0.8,2.0,0.6,-0.8,0.4,0.0,0.4,0.4,0.6,0.2,1.0,1.2,1.2,,,,0,5.0,5.0,0,2.0,0.6000000000000001,0.19999999999999996,0.0,0.0,3.4,2.5999999999999996,3,1,HOME,1,1
286,2025-03-29 13:00:00,La Liga,Real Sociedad,Valladolid,2.7,0.7,1.0,0.6,2.0,3.0,1.1,1.1,0.0,1.8,0.0,1.2,0.8,1.0,3.4,0.2,-2.6,0.4,0.0,0.4,0.2,0.6,0.0,1.8,1.2,1.2,,,,0,5.0,5.0,0,2.0,0.4,1.0,0.0,0.0,4.0,2.6,2,1,HOME,1,1
1057,2025-03-29 14:00:00,Serie A,Venezia,Bologna,2.7,8.0,0.2,2.2,0.6,1.0,3.3,10.0,-6.7,0.6,1.2,0.2,1.0,0.6,1.2,-0.4,-0.2,0.4,0.2,0.8,0.4,0.0,0.2,-0.6,1.2,1.2,,,,0,5.0,5.0,0,-5.3,-2.0,0.4,0.0,0.0,1.2,2.8000000000000003,0,1,AWAY,0,0
1058,2025-03-29 14:00:00,Serie A,Como,Empoli,4.7,0.7,1.4,0.2,1.2,2.2,1.1,1.1,0.0,1.4,0.2,1.8,0.6,1.4,2.4,0.4,-1.8,0.0,0.0,0.0,0.4,0.4,0.0,1.2,1.2,1.2,,,,0,5.0,5.0,0,4.0,1.2,1.0000000000000002,0.0,0.0,3.6,1.4,1,1,DRAW,0,1
1382,2025-03-29 14:30:00,Bundesliga,Bayern München,FC St. Pauli,5.3,2.7,2.0,0.4,1.0,1.2,4.4,4.4,0.0,2.4,0.8,3.2,0.6,1.6,1.2,1.6,-0.6,0.4,0.2,0.0,0.6,0.8,0.2,1.5999999999999999,1.2,1.2,,,,0,5.0,5.0,0,2.5999999999999996,1.6,0.19999999999999996,0.0,0.0,3.2,1.4,3,2,HOME,1,1
1383,2025-03-29 14:30:00,Bundesliga,VfL Wolfsburg,1. FC Heidenheim,5.3,3.3,1.2,1.2,1.0,1.8,4.4,4.4,0.0,1.4,0.6,1.8,1.4,1.0,1.8,0.8,-0.4,0.2,0.0,0.2,0.2,0.2,0.0,0.7999999999999999,1.2,1.2,,,,0,5.0,5.0,0,2.0,0.0,0.8,0.0,0.0,3.0,2.2,0,1,AWAY,0,0
1384,2025-03-29 14:30:00,Bundesliga,Borussia Mönchengladbach,RB Leipzig,6.0,4.0,2.0,1.0,1.8,0.8,6.7,4.4,2.3,0.8,0.8,1.0,0.8,1.6,1.0,-0.6,-0.2,0.2,0.6,0.4,0.6,0.2,0.0,0.0,1.2,1.2,,,,0,5.0,5.0,0,2.0,1.0,-1.0,0.0,0.0,2.8,2.8,1,0,HOME,0,0
1385,2025-03-29 14:30:00,Bundesliga,1899 Hoffenheim,FC Augsburg,5.3,7.3,1.2,1.0,0.8,0.0,4.4,7.8,-3.3999999999999995,0.6,2.2,0.8,1.4,1.8,0.2,-1.0,1.2,0.0,0.8,0.4,0.2,0.0,0.6,-1.6,1.2,1.2,,,,0,5.0,5.0,0,-2.0,0.19999999999999996,-0.8,0.0,0.0,1.2,1.8,1,1,DRAW,0,1
1386,2025-03-29 14:30:00,Bundesliga,Holstein Kiel,Werder Bremen,2.7,2.0,1.0,1.2,2.0,2.8,4.4,3.3,1.1000000000000005,1.0,0.8,1.8,1.2,2.2,2.8,-0.4,-1.6,0.0,0.2,0.2,0.4,0.2,0.2,0.19999999999999996,1.2,1.2,,,,0,5.0,5.0,0,0.7000000000000002,-0.19999999999999996,0.7999999999999998,0.0,0.0,3.8,3.2,0,3,AWAY,1,0
287,2025-03-29 15:15:00,La Liga,Espanyol,Atletico Madrid,3.3,4.7,1.0,1.6,1.2,1.4,4.4,3.3,1.1000000000000005,1.8,1.4,1.2,1.4,0.8,1.0,0.4,0.4,0.2,0.2,0.0,0.2,0.4,0.4,0.40000000000000013,1.2,1.2,,,,0,5.0,5.0,0,-1.4000000000000004,-0.6000000000000001,0.19999999999999996,0.0,0.0,2.4,2.8,1,1,DRAW,0,1
1059,2025-03-29 17:00:00,Serie A,Juventus,Genoa,6.0,5.3,0.8,1.2,1.4,0.8,3.3,5.6,-2.3,2.4,0.4,1.8,0.8,1.0,1.6,0.8,-0.8,0.6,0.0,0.2,0.2,0.8,0.0,2.0,1.2,1.2,,,,0,5.0,5.0,0,0.7000000000000002,-0.3999999999999999,-0.5999999999999999,0.0,0.0,1.6,2.5999999999999996,1,0,HOME,0,0
288,2025-03-29 17:30:00,La Liga,Alaves,Rayo Vallecano,4.0,1.3,1.4,0.8,1.4,1.4,5.6,2.2,3.3999999999999995,0.8,1.0,0.4,0.8,0.8,1.0,-0.4,-0.2,0.2,0.2,0.6,0.2,0.2,0.2,-0.19999999999999996,1.2,1.2,,,,0,5.0,5.0,0,2.7,0.5999999999999999,0.0,0.0,0.0,2.8,2.2,0,2,AWAY,0,0
1387,2025-03-29 17:30:00,Bundesliga,Eintracht Frankfurt,VfB Stuttgart,4.0,1.3,1.6,1.6,2.4,2.4,3.3,1.1,2.1999999999999997,1.4,1.6,1.6,1.2,1.6,1.2,0.0,0.0,0.2,0.2,0.0,0.2,0.4,0.4,-0.20000000000000018,1.2,1.2,,,,0,5.0,5.0,0,2.7,0.0,0.0,0.0,0.0,4.0,4.0,1,0,HOME,0,0
1060,2025-03-29 19:45:00,Serie A,Lecce,AS Roma,0.7,10.0,0.6,1.8,1.4,0.2,0.0,10.0,-10.0,0.4,2.6,0.4,1.4,1.6,0.6,-1.2,0.8,0.4,0.6,0.8,0.0,0.0,0.8,-2.2,1.2,1.2,,,,0,5.0,5.0,0,-9.3,-1.2000000000000002,-1.2,0.0,0.0,0.8,3.2,0,1,AWAY,0,0
289,2025-03-29 20:00:00,La Liga,Real Madrid,Leganes,6.7,2.7,1.6,1.4,1.0,2.2,6.7,3.3,3.4000000000000004,2.6,0.4,2.6,0.4,1.0,1.6,1.6,-1.2,0.2,0.2,0.0,0.6,0.8,0.0,2.2,1.2,1.2,,,,0,5.0,5.0,0,4.0,0.20000000000000018,1.2000000000000002,0.0,0.0,3.8000000000000003,2.4,3,2,HOME,1,1
1061,2025-03-30 10:30:00,Serie A,Cagliari,Monza,1.3,1.3,0.4,0.6,1.0,2.0,1.1,1.1,0.0,1.4,0.0,1.6,0.8,1.2,3.4,0.4,-2.6,0.0,0.0,0.2,0.4,0.4,0.0,1.4,1.2,1.2,,,,0,5.0,5.0,0,0.0,-0.19999999999999996,1.0,0.0,0.0,2.4,1.6,3,0,HOME,1,0
290,2025-03-30 12:00:00,La Liga,Getafe,Villarreal,6.0,4.7,1.4,1.0,1.2,1.0,6.7,3.3,3.4000000000000004,1.0,1.4,0.8,0.8,1.0,0.8,-0.2,0.0,0.2,0.2,0.4,0.4,0.2,0.4,-0.3999999999999999,1.2,1.2,,,,0,5.0,5.0,0,1.2999999999999998,0.3999999999999999,-0.19999999999999996,0.0,0.0,2.4,2.2,1,2,AWAY,1,1
1062,2025-03-30 13:00:00,Serie A,Fiorentina,Atalanta,4.0,5.3,1.0,1.8,1.0,0.4,6.7,4.4,2.3,2.4,2.6,1.8,3.2,0.6,0.2,1.2,3.0,0.6,0.8,0.2,0.2,0.8,0.8,-0.20000000000000018,1.2,1.2,,,,0,5.0,5.0,0,-1.2999999999999998,-0.8,-0.6,0.0,0.0,1.4,2.8,1,0,HOME,0,0
1388,2025-03-30 13:30:00,Bundesliga,SC Freiburg,Union Berlin,6.0,2.7,1.6,0.8,0.4,2.2,3.3,4.4,-1.1000000000000005,2.0,1.2,2.0,1.2,0.8,2.4,1.2,-1.2,0.6,0.2,0.2,0.6,0.6,0.4,0.8,1.2,1.2,,,,0,5.0,5.0,0,3.3,0.8,1.8000000000000003,0.0,0.0,3.8000000000000003,1.2000000000000002,1,2,AWAY,1,1
291,2025-03-30 14:15:00,La Liga,Barcelona,Girona,10.0,2.0,2.8,1.0,0.4,1.6,10.0,3.3,6.7,3.0,0.8,3.2,0.6,0.2,1.6,3.0,-1.0,0.8,0.2,0.0,0.4,1.0,0.2,2.2,1.2,1.2,,,,0,5.0,5.0,0,8.0,1.7999999999999998,1.2000000000000002,0.0,0.0,4.4,1.4,4,1,HOME,1,1
1389,2025-03-30 15:30:00,Bundesliga,Borussia Dortmund,FSV Mainz 05,4.0,8.7,1.6,2.2,1.0,0.8,3.3,7.8,-4.5,0.8,1.8,2.2,1.6,1.6,1.0,0.6,0.6,0.2,0.2,0.2,0.2,0.2,0.6,-1.0,1.2,1.2,,,,0,5.0,5.0,0,-4.699999999999999,-0.6000000000000001,-0.19999999999999996,0.0,0.0,2.4000000000000004,3.2,3,1,HOME,1,1
1063,2025-03-30 16:00:00,Serie A,Inter,Udinese,6.7,6.7,1.4,1.2,0.8,0.4,7.8,4.4,3.3999999999999995,2.6,1.2,2.2,0.8,1.2,1.2,1.0,-0.4,0.2,0.4,0.0,0.2,0.8,0.2,1.4000000000000001,1.2,1.2,,,,0,5.0,5.0,0,0.0,0.19999999999999996,-0.4,0.0,0.0,1.7999999999999998,2.0,2,1,HOME,1,1
292,2025-03-30 16:30:00,La Liga,Athletic Club,Osasuna,5.3,1.3,2.0,1.0,0.8,2.0,4.4,1.1,3.3000000000000003,2.2,0.4,2.6,0.4,0.4,1.4,2.2,-1.0,0.6,0.0,0.2,0.6,0.6,0.0,1.8000000000000003,1.2,1.2,,,,0,5.0,5.0,0,4.0,1.0,1.2,0.0,0.0,4.0,1.8,0,0,DRAW,0,0
293,2025-03-30 16:30:00,La Liga,Valencia,Mallorca,4.0,6.0,1.4,1.6,1.8,1.0,5.6,5.6,0.0,2.4,1.0,1.4,0.6,1.0,1.6,0.4,-1.0,0.4,0.2,0.2,0.4,0.8,0.2,1.4,1.2,1.2,,,,0,5.0,5.0,0,-2.0,-0.20000000000000018,-0.8,0.0,0.0,2.4,3.4000000000000004,1,0,HOME,0,0
1064,2025-03-30 18:45:00,Serie A,Napoli,AC Milan,4.0,4.0,1.2,1.6,1.2,1.8,5.6,6.7,-1.1000000000000005,2.2,1.2,1.6,1.4,0.8,1.6,0.8,-0.2,0.2,0.2,0.0,0.2,0.6,0.4,1.0000000000000002,1.2,1.2,,,,0,5.0,5.0,0,0.0,-0.40000000000000013,0.6000000000000001,0.0,0.0,3.0,2.8,2,1,HOME,1,1
294,2025-03-30 19:00:00,La Liga,Real Betis,Sevilla,10.0,5.3,2.2,1.4,0.8,0.6,10.0,4.4,5.6,2.0,2.2,1.8,1.6,1.2,0.4,0.6,1.2,0.4,0.6,0.0,0.2,0.6,0.6,-0.20000000000000018,1.2,1.2,,,,0,5.0,5.0,0,4.7,0.8000000000000003,-0.20000000000000007,0.0,0.0,2.8000000000000003,2.2,2,1,HOME,1,1
1065,2025-03-31 16:30:00,Serie A,Hellas Verona,Parma,4.0,3.3,0.6,1.0,1.0,1.0,3.3,2.2,1.0999999999999996,0.8,0.2,0.4,0.8,2.0,1.6,-1.6,-0.8,0.4,0.0,0.6,0.4,0.2,0.0,0.6000000000000001,1.2,1.2,,,,0,5.0,5.0,0,0.7000000000000002,-0.4,0.0,0.0,0.0,1.6,2.0,0,0,DRAW,0,0
1066,2025-03-31 18:45:00,Serie A,Lazio,Torino,4.0,6.7,1.0,1.8,1.8,1.2,4.4,7.8,-3.3999999999999995,1.2,1.2,2.0,1.6,1.4,1.4,0.6,0.2,0.0,0.2,0.0,0.0,0.2,0.2,0.0,1.2,1.2,,,,0,5.0,5.0,0,-2.7,-0.8,-0.6000000000000001,0.0,0.0,2.2,3.6,1,1,DRAW,0,1
295,2025-03-31 19:00:00,La Liga,Celta Vigo,Las Palmas,7.3,1.3,1.4,0.8,0.8,1.8,7.8,2.2,5.6,2.4,0.2,1.8,0.8,1.0,2.2,0.8,-1.4,0.4,0.0,0.0,0.2,0.8,0.0,2.1999999999999997,1.2,1.2,,,,0,5.0,5.0,0,6.0,0.5999999999999999,1.0,0.0,0.0,3.2,1.6,1,1,DRAW,0,1
676,2025-04-01 18:45:00,Premier League,Wolves,West Ham,4.7,4.7,1.2,0.8,1.2,0.6,4.4,4.4,0.0,0.8,1.0,0.8,1.0,1.4,1.6,-0.6,-0.6,0.2,0.2,0.4,0.0,0.2,0.2,-0.19999999999999996,1.2,1.2,,,,0,5.0,5.0,0,0.0,0.3999999999999999,-0.6,0.0,0.0,1.7999999999999998,2.0,1,0,HOME,0,0
677,2025-04-01 18:45:00,Premier League,Arsenal,Fulham,5.3,6.0,0.8,1.4,0.4,1.2,5.6,6.7,-1.1000000000000005,2.0,1.8,2.0,1.8,1.0,1.4,1.0,0.4,0.2,0.2,0.2,0.0,0.6,0.6,0.19999999999999996,1.2,1.2,,,,0,5.0,5.0,0,-0.7000000000000002,-0.5999999999999999,0.7999999999999999,0.0,0.0,2.0,1.7999999999999998,2,1,HOME,1,1
678,2025-04-01 19:00:00,Premier League,Nottingham Forest,Manchester United,4.7,5.3,1.8,1.8,1.6,1.2,7.8,7.8,0.0,2.2,1.6,2.4,1.6,0.6,1.0,1.8,0.6,0.6,0.4,0.2,0.2,0.6,0.4,0.6000000000000001,1.2,1.2,,,,0,5.0,5.0,0,-0.5999999999999996,0.0,-0.40000000000000013,0.0,0.0,3.0,3.4000000000000004,1,0,HOME,0,0
679,2025-04-02 18:45:00,Premier League,Newcastle,Brentford,4.0,6.7,1.2,1.6,2.2,0.6,6.7,4.4,2.3,1.8,3.0,2.4,2.8,1.8,0.4,0.6,2.4,0.4,0.6,0.0,0.0,0.6,1.0,-1.2,1.2,1.2,,,,0,5.0,5.0,0,-2.7,-0.40000000000000013,-1.6,0.0,0.0,1.7999999999999998,3.8000000000000003,2,1,HOME,1,1
680,2025-04-02 18:45:00,Premier League,Bournemouth,Ipswich,2.7,0.7,1.4,1.2,1.6,2.6,1.1,0.0,1.1,1.2,0.4,1.4,1.2,1.0,2.2,0.4,-1.0,0.4,0.0,0.4,0.2,0.4,0.0,0.7999999999999999,1.2,1.2,,,,0,5.0,5.0,0,2.0,0.19999999999999996,1.0,0.0,0.0,4.0,2.8,1,2,AWAY,1,1
681,2025-04-02 18:45:00,Premier League,Southampton,Crystal Palace,0.0,8.0,0.6,2.0,3.2,0.6,0.0,10.0,-10.0,0.0,2.6,0.6,1.6,3.4,0.0,-2.8,1.6,0.0,1.0,0.4,0.2,0.0,0.8,-2.6,1.2,1.2,,,,0,5.0,5.0,0,-8.0,-1.4,-2.6,0.0,0.0,1.2,5.2,1,1,DRAW,0,1
682,2025-04-02 18:45:00,Premier League,Manchester City,Leicester,4.7,0.0,1.4,0.0,1.0,2.4,4.4,0.0,4.4,2.0,0.6,2.6,0.6,1.2,2.0,1.4,-1.4,0.2,0.0,0.2,0.6,0.6,0.2,1.4,1.2,1.2,,,,0,5.0,5.0,0,4.7,1.4,1.4,0.0,0.0,3.8,1.0,2,0,HOME,0,0
683,2025-04-02 18:45:00,Premier League,Brighton,Aston Villa,8.7,5.3,2.6,1.4,0.8,1.6,7.8,6.7,1.0999999999999996,2.0,1.4,1.6,1.0,0.8,1.6,0.8,-0.6,0.2,0.4,0.2,0.2,0.6,0.4,0.6000000000000001,1.2,1.2,,,,0,5.0,5.0,0,3.3999999999999995,1.2000000000000002,0.8,0.0,0.0,4.2,2.2,0,3,AWAY,1,0
684,2025-04-02 19:00:00,Premier League,Liverpool,Everton,8.7,4.7,2.2,1.4,0.8,1.2,10.0,3.3,6.7,2.6,1.6,2.6,1.0,1.0,0.8,1.6,0.2,0.2,0.2,0.0,0.2,0.8,0.4,1.0,1.2,1.2,,,,0,5.0,5.0,0,3.999999999999999,0.8000000000000003,0.3999999999999999,0.0,0.0,3.4000000000000004,2.2,1,0,HOME,0,0
685,2025-04-03 19:00:00,Premier League,Chelsea,Tottenham,4.0,4.7,1.2,1.4,1.2,1.2,6.7,1.1,5.6,2.6,1.2,2.4,1.8,0.8,1.6,1.6,0.2,0.4,0.2,0.0,0.2,0.8,0.4,1.4000000000000001,1.2,1.2,,,,0,5.0,5.0,0,-0.7000000000000002,-0.19999999999999996,0.0,0.0,0.0,2.4,2.5999999999999996,1,0,HOME,0,0
1390,2025-04-04 18:30:00,Bundesliga,FC Augsburg,Bayern München,7.3,6.7,1.2,2.6,0.2,1.4,7.8,4.4,3.3999999999999995,1.6,2.2,0.6,1.4,0.4,0.6,0.2,0.8,0.6,0.4,0.6,0.2,0.4,0.6,-0.6000000000000001,1.2,1.2,,,,0,5.0,5.0,0,0.5999999999999996,-1.4000000000000001,1.2,0.0,0.0,2.5999999999999996,2.8000000000000003,1,3,AWAY,1,1
1067,2025-04-04 18:45:00,Serie A,Genoa,Udinese,3.3,4.7,0.8,0.8,1.0,0.8,4.4,1.1,3.3000000000000003,2.6,1.0,1.6,1.0,0.4,1.6,1.2,-0.6,0.6,0.2,0.0,0.0,0.8,0.2,1.6,1.2,1.2,,,,0,5.0,5.0,0,-1.4000000000000004,0.0,-0.19999999999999996,0.0,0.0,1.6,1.8,1,0,HOME,0,0
296,2025-04-04 19:00:00,La Liga,Rayo Vallecano,Espanyol,3.3,4.0,1.2,1.0,1.2,1.0,4.4,2.2,2.2,1.6,0.8,1.2,0.8,1.0,1.2,0.2,-0.4,0.2,0.2,0.2,0.2,0.4,0.2,0.8,1.2,1.2,,,,0,5.0,5.0,0,-0.7000000000000002,0.19999999999999996,-0.19999999999999996,0.0,0.0,2.2,2.2,0,4,AWAY,1,0
686,2025-04-05 11:30:00,Premier League,Everton,Arsenal,2.7,5.3,1.0,0.8,1.2,0.6,2.2,7.8,-5.6,1.8,1.8,2.4,1.0,1.4,0.4,1.0,0.6,0.2,0.6,0.0,0.2,0.4,0.4,0.0,1.2,1.2,,,,0,5.0,5.0,0,-2.5999999999999996,0.19999999999999996,-0.6,0.0,0.0,1.6,2.0,1,1,DRAW,0,1
297,2025-04-05 12:00:00,La Liga,Girona,Alaves,2.0,3.3,1.0,0.8,2.0,1.2,2.2,4.4,-2.2,1.0,1.2,1.4,1.8,1.6,1.6,-0.2,0.2,0.0,0.0,0.0,0.2,0.2,0.2,-0.19999999999999996,1.2,1.2,,,,0,5.0,5.0,0,-1.2999999999999998,0.19999999999999996,-0.8,0.0,0.0,2.2,2.8,0,1,AWAY,0,0
1068,2025-04-05 13:00:00,Serie A,Monza,Como,0.7,3.3,0.6,1.2,2.6,1.4,1.1,2.2,-1.1,1.0,0.8,0.6,1.0,1.0,1.4,-0.4,-0.4,0.2,0.2,0.6,0.2,0.2,0.2,0.19999999999999996,1.2,1.2,,,,0,5.0,5.0,0,-2.5999999999999996,-0.6,-1.2000000000000002,0.0,0.0,2.0,3.8,1,3,AWAY,1,1
1391,2025-04-05 13:30:00,Bundesliga,SC Freiburg,Borussia Dortmund,4.0,6.0,1.6,2.2,0.8,0.8,2.2,3.3,-1.0999999999999996,1.4,1.2,1.6,0.8,0.8,1.4,0.8,-0.6,0.6,0.2,0.2,0.6,0.4,0.4,0.19999999999999996,1.2,1.2,,,,0,5.0,5.0,0,-2.0,-0.6000000000000001,0.0,0.0,0.0,2.4000000000000004,3.0,1,4,AWAY,1,1
1392,2025-04-05 13:30:00,Bundesliga,FSV Mainz 05,Holstein Kiel,6.7,2.7,2.0,0.8,1.4,2.0,4.4,1.1,3.3000000000000003,2.2,0.8,1.6,1.6,0.4,2.4,1.2,-0.8,0.8,0.2,0.2,0.0,0.6,0.2,1.4000000000000001,1.2,1.2,,,,0,5.0,5.0,0,4.0,1.2,0.6000000000000001,0.0,0.0,4.0,2.2,1,1,DRAW,0,1
1393,2025-04-05 13:30:00,Bundesliga,RB Leipzig,1899 Hoffenheim,3.3,4.0,1.0,0.8,1.0,0.8,4.4,2.2,2.2,1.6,1.8,1.8,1.6,1.2,1.2,0.6,0.4,0.4,0.2,0.0,0.2,0.4,0.6,-0.19999999999999996,1.2,1.2,,,,0,5.0,5.0,0,-0.7000000000000002,0.19999999999999996,-0.19999999999999996,0.0,0.0,1.8,1.8,3,1,HOME,1,1
1394,2025-04-05 13:30:00,Bundesliga,VfL Bochum,VfB Stuttgart,2.7,1.3,1.2,1.4,2.0,2.2,3.3,1.1,2.1999999999999997,0.8,1.0,1.2,1.0,1.6,1.4,-0.4,-0.4,0.2,0.0,0.4,0.4,0.2,0.2,-0.19999999999999996,1.2,1.2,,,,0,5.0,5.0,0,1.4000000000000001,-0.19999999999999996,0.20000000000000018,0.0,0.0,3.4000000000000004,3.4,0,4,AWAY,1,0
1395,2025-04-05 13:30:00,Bundesliga,1. FC Heidenheim,Bayer Leverkusen,5.3,8.0,1.4,2.6,1.4,1.4,7.8,6.7,1.0999999999999996,0.6,2.2,0.8,2.4,2.0,1.2,-1.2,1.2,0.0,0.4,0.6,0.2,0.2,0.6,-1.6,1.2,1.2,,,,0,5.0,5.0,0,-2.7,-1.2000000000000002,0.0,0.0,0.0,2.8,4.0,0,1,AWAY,0,0
687,2025-04-05 14:00:00,Premier League,West Ham,Bournemouth,4.7,0.7,0.8,1.0,0.6,1.8,1.1,1.1,0.0,1.2,1.6,1.0,2.4,1.2,1.6,-0.2,0.8,0.2,0.0,0.6,0.0,0.4,0.4,-0.40000000000000013,1.2,1.2,,,,0,5.0,5.0,0,4.0,-0.19999999999999996,1.2000000000000002,0.0,0.0,2.6,1.6,2,2,DRAW,1,1
688,2025-04-05 14:00:00,Premier League,Crystal Palace,Brighton,6.7,6.7,1.8,2.0,0.8,1.4,7.8,4.4,3.3999999999999995,1.4,2.0,1.6,2.2,1.2,2.0,0.4,0.2,0.2,0.4,0.0,0.2,0.4,0.6,-0.6000000000000001,1.2,1.2,,,,0,5.0,5.0,0,0.0,-0.19999999999999996,0.5999999999999999,0.0,0.0,3.2,2.8,2,1,HOME,1,1
689,2025-04-05 14:00:00,Premier League,Ipswich,Wolves,2.0,6.7,1.4,1.2,2.6,0.8,3.3,7.8,-4.5,0.0,1.2,0.8,1.0,3.6,1.8,-2.8,-0.8,0.0,0.2,0.4,0.2,0.0,0.4,-1.2,1.2,1.2,,,,0,5.0,5.0,0,-4.7,0.19999999999999996,-1.8,0.0,0.0,2.2,3.8,1,2,AWAY,1,1
298,2025-04-05 14:15:00,La Liga,Real Madrid,Valencia,8.0,5.3,2.0,1.4,1.2,1.6,10.0,7.8,2.2,2.6,0.8,2.4,1.4,1.0,2.6,1.4,-1.2,0.2,0.0,0.0,0.0,0.8,0.0,1.8,1.2,1.2,,,,0,5.0,5.0,0,2.7,0.6000000000000001,0.40000000000000013,0.0,0.0,3.6,2.5999999999999996,1,2,AWAY,1,1
1069,2025-04-05 16:00:00,Serie A,Parma,Inter,4.0,8.7,1.0,1.8,0.8,0.8,3.3,10.0,-6.7,1.0,1.0,1.2,0.8,1.4,1.2,-0.2,-0.4,0.2,0.2,0.2,0.4,0.2,0.2,0.0,1.2,1.2,,,,0,5.0,5.0,0,-4.699999999999999,-0.8,0.0,0.0,0.0,1.8,2.6,2,2,DRAW,1,1
299,2025-04-05 16:30:00,La Liga,Mallorca,Celta Vigo,4.0,7.3,1.0,1.4,1.0,0.8,4.4,7.8,-3.3999999999999995,1.6,1.2,1.4,1.2,1.0,1.2,0.4,0.0,0.0,0.2,0.2,0.0,0.4,0.2,0.40000000000000013,1.2,1.2,,,,0,5.0,5.0,0,-3.3,-0.3999999999999999,-0.19999999999999996,0.0,0.0,1.8,2.4,1,2,AWAY,1,1
690,2025-04-05 16:30:00,Premier League,Aston Villa,Nottingham Forest,6.7,6.7,1.8,1.8,1.4,1.2,6.7,10.0,-3.3,1.8,1.2,1.6,2.2,1.2,2.6,0.4,-0.4,0.0,0.2,0.0,0.2,0.4,0.4,0.6000000000000001,1.2,1.2,,,,0,5.0,5.0,0,0.0,0.0,-0.19999999999999996,0.0,0.0,3.0,3.2,2,1,HOME,1,1
1396,2025-04-05 16:30:00,Bundesliga,Werder Bremen,Eintracht Frankfurt,4.0,4.0,1.6,1.2,2.2,2.2,6.7,6.7,0.0,0.6,1.6,1.0,1.4,2.2,1.6,-1.2,-0.2,0.2,0.2,0.2,0.2,0.2,0.4,-1.0,1.2,1.2,,,,0,5.0,5.0,0,0.0,0.40000000000000013,0.0,0.0,0.0,3.8000000000000003,3.4000000000000004,2,0,HOME,0,0
1070,2025-04-05 18:45:00,Serie A,AC Milan,Fiorentina,4.0,6.0,1.6,1.2,1.8,0.6,6.7,6.7,0.0,2.0,0.6,1.6,1.0,1.2,1.6,0.4,-0.6,0.2,0.0,0.0,0.2,0.6,0.2,1.4,1.2,1.2,,,,0,5.0,5.0,0,-2.0,0.40000000000000013,-1.2000000000000002,0.0,0.0,2.2,3.0,2,2,DRAW,1,1
300,2025-04-05 19:00:00,La Liga,Barcelona,Real Betis,10.0,10.0,3.4,2.0,0.6,1.0,10.0,10.0,0.0,3.0,1.8,2.6,1.6,0.2,1.4,2.4,0.2,0.8,0.2,0.0,0.2,1.0,0.6,1.2,1.2,1.2,,,,0,5.0,5.0,0,0.0,1.4,0.4,0.0,0.0,4.4,2.6,1,1,DRAW,0,1
1071,2025-04-06 10:30:00,Serie A,Lecce,Venezia,0.0,2.7,0.6,0.2,1.6,0.4,0.0,2.2,-2.2,0.2,0.6,0.4,0.8,1.8,1.4,-1.4,-0.6,0.2,0.2,0.8,0.4,0.0,0.0,-0.39999999999999997,1.2,1.2,,,,0,5.0,5.0,0,-2.7,0.39999999999999997,-1.2000000000000002,0.0,0.0,1.0,1.8,1,1,DRAW,0,1
301,2025-04-06 12:00:00,La Liga,Las Palmas,Real Sociedad,2.0,4.7,0.8,1.4,1.4,1.6,2.2,4.4,-2.2,0.4,0.2,1.0,0.6,1.8,2.4,-0.8,-1.8,0.0,0.0,0.2,0.6,0.0,0.0,0.2,1.2,1.2,,,,0,5.0,5.0,0,-2.7,-0.5999999999999999,0.20000000000000018,0.0,0.0,2.4000000000000004,2.8,1,3,AWAY,1,1
691,2025-04-06 13:00:00,Premier League,Fulham,Liverpool,4.0,8.7,1.2,2.0,1.4,0.6,3.3,10.0,-6.7,1.4,2.2,1.2,2.0,1.2,0.8,0.0,1.2,0.2,0.6,0.4,0.0,0.4,0.6,-0.8000000000000003,1.2,1.2,,,,0,5.0,5.0,0,-4.699999999999999,-0.8,-0.7999999999999999,0.0,0.0,1.7999999999999998,3.4,3,2,HOME,1,1
692,2025-04-06 13:00:00,Premier League,Tottenham,Southampton,2.7,0.7,1.2,0.6,1.4,2.8,1.1,1.1,0.0,0.8,0.6,1.0,1.2,1.4,2.8,-0.4,-1.6,0.2,0.0,0.2,0.2,0.2,0.2,0.20000000000000007,1.2,1.2,,,,0,5.0,5.0,0,2.0,0.6,1.4,0.0,0.0,4.0,2.0,3,1,HOME,1,1
693,2025-04-06 13:00:00,Premier League,Brentford,Chelsea,4.7,6.0,1.6,1.4,1.0,0.6,3.3,6.7,-3.4000000000000004,0.4,0.2,0.6,0.6,1.6,2.0,-1.0,-1.4,0.0,0.0,0.6,0.4,0.0,0.0,0.2,1.2,1.2,,,,0,5.0,5.0,0,-1.2999999999999998,0.20000000000000018,-0.4,0.0,0.0,2.2,2.4,0,0,DRAW,0,0
1072,2025-04-06 13:00:00,Serie A,Torino,Hellas Verona,7.3,4.7,1.6,0.6,0.8,0.8,5.6,4.4,1.1999999999999993,2.2,1.4,1.4,0.6,0.6,0.8,0.8,-0.2,0.4,0.4,0.0,0.4,0.6,0.4,0.8000000000000003,1.2,1.2,,,,0,5.0,5.0,0,2.5999999999999996,1.0,0.0,0.0,0.0,2.4000000000000004,1.4,1,1,DRAW,0,1
1073,2025-04-06 13:00:00,Serie A,Empoli,Cagliari,1.3,2.7,0.4,1.0,1.8,1.0,1.1,4.4,-3.3000000000000003,0.2,0.4,0.4,0.4,2.4,1.2,-2.0,-0.8,0.0,0.2,0.6,0.6,0.0,0.0,-0.2,1.2,1.2,,,,0,5.0,5.0,0,-1.4000000000000001,-0.6,-0.8,0.0,0.0,1.4,2.8,0,0,DRAW,0,0
1397,2025-04-06 13:30:00,Bundesliga,FC St. Pauli,Borussia Mönchengladbach,2.7,6.0,0.8,1.8,1.6,1.6,4.4,6.7,-2.3,1.4,2.4,1.0,2.4,0.8,1.4,0.2,1.0,0.4,0.2,0.4,0.0,0.4,0.8,-1.0,1.2,1.2,,,,0,5.0,5.0,0,-3.3,-1.0,0.0,0.0,0.0,2.4000000000000004,3.4000000000000004,1,1,DRAW,0,1
302,2025-04-06 14:15:00,La Liga,Sevilla,Atletico Madrid,3.3,4.7,0.8,1.6,1.0,1.4,3.3,1.1,2.1999999999999997,0.6,1.0,0.8,1.2,1.6,1.0,-0.8,0.2,0.0,0.2,0.2,0.2,0.0,0.2,-0.4,1.2,1.2,,,,0,5.0,5.0,0,-1.4000000000000004,-0.8,0.3999999999999999,0.0,0.0,2.2,2.6,1,2,AWAY,1,1
694,2025-04-06 15:30:00,Premier League,Manchester United,Manchester City,5.3,4.7,1.8,1.0,1.2,1.0,4.4,4.4,0.0,1.4,1.4,1.6,2.0,1.8,1.6,-0.2,0.4,0.0,0.4,0.2,0.2,0.4,0.4,0.0,1.2,1.2,,,,0,5.0,5.0,0,0.5999999999999996,0.8,-0.19999999999999996,0.0,0.0,2.8,2.2,0,0,DRAW,0,0
1398,2025-04-06 15:30:00,Bundesliga,Union Berlin,VfL Wolfsburg,4.7,3.3,1.0,0.8,2.0,1.0,7.8,1.1,6.699999999999999,1.0,1.4,0.8,1.4,1.0,1.4,-0.2,0.0,0.2,0.0,0.4,0.2,0.2,0.4,-0.3999999999999999,1.2,1.2,,,,0,5.0,5.0,0,1.4000000000000004,0.19999999999999996,-1.0,0.0,0.0,2.0,2.8,1,0,HOME,0,0
1074,2025-04-06 16:00:00,Serie A,Atalanta,Lazio,4.7,4.0,1.8,0.8,0.6,1.6,3.3,2.2,1.0999999999999996,0.6,2.0,0.6,1.4,1.2,1.4,-0.6,0.0,0.4,0.4,0.6,0.4,0.0,0.6,-1.4,1.2,1.2,,,,0,5.0,5.0,0,0.7000000000000002,1.0,1.0,0.0,0.0,3.4000000000000004,1.4,0,1,AWAY,0,0
303,2025-04-06 16:30:00,La Liga,Valladolid,Getafe,0.7,4.0,0.8,1.2,2.6,1.4,0.0,6.7,-6.7,0.8,2.4,0.4,1.6,1.8,0.6,-1.4,1.0,0.2,0.4,0.6,0.2,0.2,0.8,-1.5999999999999999,1.2,1.2,,,,0,5.0,5.0,0,-3.3,-0.3999999999999999,-1.2000000000000002,0.0,0.0,2.2,3.8,0,4,AWAY,1,0
1075,2025-04-06 18:45:00,Serie A,AS Roma,Juventus,10.0,6.0,1.8,0.8,0.2,1.4,10.0,3.3,6.7,2.6,1.4,2.2,1.0,0.6,1.4,1.6,-0.4,0.4,0.2,0.0,0.2,0.8,0.4,1.2000000000000002,1.2,1.2,,,,0,5.0,5.0,0,4.0,1.0,1.2,0.0,0.0,3.2,1.0,1,1,DRAW,0,1
304,2025-04-06 19:00:00,La Liga,Villarreal,Athletic Club,4.7,5.3,1.0,1.8,1.0,0.6,3.3,5.6,-2.3,1.6,1.6,2.4,1.2,1.0,1.0,1.4,0.2,0.2,0.2,0.0,0.2,0.4,0.4,0.0,1.2,1.2,,,,0,5.0,5.0,0,-0.5999999999999996,-0.8,-0.4,0.0,0.0,1.6,2.8,0,0,DRAW,0,0
1076,2025-04-07 18:45:00,Serie A,Bologna,Napoli,10.0,5.3,2.4,1.2,0.6,1.0,10.0,7.8,2.2,3.0,1.2,2.8,1.4,0.8,1.4,2.0,0.0,0.4,0.2,0.0,0.2,1.0,0.2,1.8,1.2,1.2,,,,0,5.0,5.0,0,4.7,1.2,0.4,0.0,0.0,3.4,1.7999999999999998,1,1,DRAW,0,1
305,2025-04-07 19:00:00,La Liga,Leganes,Osasuna,2.0,1.3,1.2,0.8,2.2,1.8,0.0,1.1,-1.1,1.4,0.6,1.4,0.4,1.4,1.2,0.0,-0.8,0.4,0.2,0.2,0.6,0.4,0.0,0.7999999999999999,1.2,1.2,,,,0,5.0,5.0,0,0.7,0.3999999999999999,-0.40000000000000013,0.0,0.0,3.0,3.0,1,1,DRAW,0,1
695,2025-04-07 19:00:00,Premier League,Leicester,Newcastle,0.0,6.0,0.0,1.4,2.4,2.0,0.0,6.7,-6.7,0.0,1.8,0.0,1.2,2.6,1.6,-2.6,-0.4,0.0,0.2,1.0,0.4,0.0,0.6,-1.8,1.2,1.2,,,,0,5.0,5.0,0,-6.0,-1.4,-0.3999999999999999,0.0,0.0,2.0,3.8,0,3,AWAY,1,0
1399,2025-04-11 18:30:00,Bundesliga,VfL Wolfsburg,RB Leipzig,2.7,4.7,0.6,1.2,1.0,0.8,0.0,6.7,-6.7,0.8,0.8,0.8,0.6,1.0,0.8,-0.2,-0.2,0.2,0.6,0.4,0.8,0.0,0.0,0.0,1.2,1.2,,,,0,5.0,5.0,0,-2.0,-0.6,-0.19999999999999996,0.0,0.0,1.4,2.2,2,3,AWAY,1,1
1077,2025-04-11 18:45:00,Serie A,Udinese,AC Milan,2.7,4.7,0.6,1.8,1.0,1.8,0.0,4.4,-4.4,1.8,1.2,1.6,1.6,1.0,1.6,0.6,0.0,0.4,0.2,0.2,0.0,0.6,0.4,0.6000000000000001,1.2,1.2,,,,0,5.0,5.0,0,-2.0,-1.2000000000000002,0.8,0.0,0.0,2.4,2.8,0,4,AWAY,1,0
306,2025-04-11 19:00:00,La Liga,Valencia,Sevilla,7.3,2.7,1.8,0.8,1.2,1.2,7.8,0.0,7.8,2.4,1.6,1.4,1.4,1.0,0.6,0.4,0.8,0.4,0.6,0.2,0.2,0.8,0.4,0.7999999999999998,1.2,1.2,,,,0,5.0,5.0,0,4.6,1.0,0.0,0.0,0.0,3.0,2.0,1,0,HOME,0,0
696,2025-04-12 11:30:00,Premier League,Manchester City,Crystal Palace,5.3,8.7,1.0,2.0,0.6,0.6,5.6,7.8,-2.2,2.0,2.6,2.2,1.8,1.0,0.2,1.2,1.6,0.4,0.8,0.2,0.0,0.6,0.8,-0.6000000000000001,1.2,1.2,,,,0,5.0,5.0,0,-3.3999999999999995,-1.0,0.0,0.0,0.0,1.6,2.6,5,2,HOME,1,1
307,2025-04-12 12:00:00,La Liga,Real Sociedad,Mallorca,4.7,3.3,1.4,1.0,1.8,1.2,7.8,3.3,4.5,1.8,0.4,1.4,0.4,1.2,1.8,0.2,-1.4,0.2,0.0,0.4,0.6,0.6,0.0,1.4,1.2,1.2,,,,0,5.0,5.0,0,1.4000000000000004,0.3999999999999999,-0.6000000000000001,0.0,0.0,2.5999999999999996,2.8,0,2,AWAY,0,0
1078,2025-04-12 13:00:00,Serie A,Venezia,Monza,2.7,0.7,0.4,0.8,0.6,2.4,2.2,1.1,1.1,0.6,0.0,0.2,0.6,0.6,3.4,-0.4,-2.8,0.4,0.0,0.8,0.6,0.0,0.0,0.6,1.2,1.2,,,,0,5.0,5.0,0,2.0,-0.4,1.7999999999999998,0.0,0.0,2.8,1.4,1,0,HOME,0,0
1400,2025-04-12 13:30:00,Bundesliga,Borussia Mönchengladbach,SC Freiburg,6.7,2.0,2.0,0.8,1.2,1.6,7.8,1.1,6.699999999999999,1.4,1.6,1.2,0.8,1.4,1.2,-0.2,-0.4,0.4,0.6,0.2,0.4,0.4,0.4,-0.20000000000000018,1.2,1.2,,,,0,5.0,5.0,0,4.7,1.2,0.40000000000000013,0.0,0.0,3.6,2.0,1,2,AWAY,1,1
1401,2025-04-12 13:30:00,Bundesliga,1899 Hoffenheim,FSV Mainz 05,3.3,5.3,0.8,1.8,1.2,1.6,1.1,2.2,-1.1,0.8,1.8,1.0,1.6,1.8,1.2,-0.8,0.4,0.0,0.2,0.2,0.2,0.0,0.6,-1.0,1.2,1.2,,,,0,5.0,5.0,0,-2.0,-1.0,0.40000000000000013,0.0,0.0,2.4000000000000004,3.0,2,0,HOME,0,0
1402,2025-04-12 13:30:00,Bundesliga,Bayer Leverkusen,Union Berlin,8.0,6.7,2.4,1.2,1.4,0.8,10.0,7.8,2.2,2.0,1.8,1.8,1.6,1.0,2.2,0.8,-0.6,0.2,0.2,0.4,0.4,0.6,0.6,0.19999999999999996,1.2,1.2,,,,0,5.0,5.0,0,1.2999999999999998,1.2,-0.5999999999999999,0.0,0.0,3.2,2.5999999999999996,0,0,DRAW,0,0
1403,2025-04-12 13:30:00,Bundesliga,VfL Bochum,FC Augsburg,2.0,5.3,1.0,0.8,2.6,0.8,0.0,4.4,-4.4,0.6,1.8,0.6,1.2,1.8,0.4,-1.2,0.8,0.2,0.6,0.6,0.2,0.2,0.4,-1.2000000000000002,1.2,1.2,,,,0,5.0,5.0,0,-3.3,0.19999999999999996,-1.8,0.0,0.0,1.8,3.4000000000000004,1,2,AWAY,1,1
1404,2025-04-12 13:30:00,Bundesliga,Holstein Kiel,FC St. Pauli,3.3,3.3,1.0,1.0,1.8,1.4,1.1,4.4,-3.3000000000000003,0.4,0.8,1.0,1.0,2.4,1.6,-1.4,-0.6,0.0,0.2,0.4,0.4,0.0,0.2,-0.4,1.2,1.2,,,,0,5.0,5.0,0,0.0,0.0,-0.40000000000000013,0.0,0.0,2.4,2.8,1,2,AWAY,1,1
697,2025-04-12 14:00:00,Premier League,Southampton,Aston Villa,0.7,8.0,0.8,1.8,2.6,1.2,1.1,10.0,-8.9,0.2,1.4,0.8,1.4,2.6,1.6,-1.8,-0.2,0.0,0.4,0.2,0.2,0.0,0.4,-1.2,1.2,1.2,,,,0,5.0,5.0,0,-7.3,-1.0,-1.4000000000000001,0.0,0.0,2.0,4.4,0,3,AWAY,1,0
698,2025-04-12 14:00:00,Premier League,Brighton,Leicester,4.7,0.0,1.4,0.0,1.8,2.2,1.1,0.0,1.1,1.8,0.6,1.4,0.4,1.2,2.0,0.2,-1.6,0.2,0.0,0.4,0.8,0.6,0.2,1.2000000000000002,1.2,1.2,,,,0,5.0,5.0,0,4.7,1.4,0.40000000000000013,0.0,0.0,3.6,1.8,2,2,DRAW,1,1
699,2025-04-12 14:00:00,Premier League,Nottingham Forest,Everton,6.7,2.7,1.4,0.8,0.8,1.0,6.7,2.2,4.5,2.6,1.6,2.4,1.0,0.4,0.8,2.0,0.2,0.8,0.2,0.2,0.2,0.8,0.4,1.0,1.2,1.2,,,,0,5.0,5.0,0,4.0,0.5999999999999999,0.19999999999999996,0.0,0.0,2.4,1.6,0,1,AWAY,0,0
308,2025-04-12 14:15:00,La Liga,Getafe,Las Palmas,6.0,2.0,1.8,1.0,1.0,1.6,6.7,2.2,4.5,1.0,0.4,1.0,0.8,1.2,1.6,-0.2,-0.8,0.2,0.0,0.2,0.2,0.2,0.0,0.6,1.2,1.2,,,,0,5.0,5.0,0,4.0,0.8,0.6000000000000001,0.0,0.0,3.4000000000000004,2.0,1,3,AWAY,1,1
1079,2025-04-12 16:00:00,Serie A,Inter,Cagliari,7.3,3.3,2.0,1.0,1.2,0.8,7.8,4.4,3.3999999999999995,3.0,0.4,2.2,0.2,1.0,1.0,1.2,-0.8,0.2,0.4,0.0,0.8,1.0,0.0,2.6,1.2,1.2,,,,0,5.0,5.0,0,4.0,1.0,-0.3999999999999999,0.0,0.0,2.8,2.2,3,1,HOME,1,1
309,2025-04-12 16:30:00,La Liga,Celta Vigo,Espanyol,7.3,5.3,1.6,1.6,1.0,0.8,7.8,4.4,3.3999999999999995,2.0,1.4,1.6,1.6,1.2,1.0,0.4,0.6,0.2,0.4,0.0,0.0,0.6,0.4,0.6000000000000001,1.2,1.2,,,,0,5.0,5.0,0,2.0,0.0,-0.19999999999999996,0.0,0.0,2.4000000000000004,2.6,0,2,AWAY,0,0
700,2025-04-12 16:30:00,Premier League,Arsenal,Brentford,6.0,3.3,1.0,0.8,0.6,1.0,7.8,4.4,3.3999999999999995,2.0,2.4,2.0,2.0,1.0,0.8,1.0,1.2,0.2,0.4,0.2,0.0,0.6,0.8,-0.3999999999999999,1.2,1.2,,,,0,5.0,5.0,0,2.7,0.19999999999999996,0.4,0.0,0.0,2.0,1.4,1,1,DRAW,0,1
1405,2025-04-12 16:30:00,Bundesliga,Bayern München,Borussia Dortmund,6.7,6.0,2.4,1.8,1.6,1.0,7.8,6.7,1.0999999999999996,2.4,1.8,3.2,1.6,1.6,1.2,1.6,0.4,0.4,0.2,0.0,0.4,0.8,0.6,0.5999999999999999,1.2,1.2,,,,0,5.0,5.0,0,0.7000000000000002,0.5999999999999999,-0.6000000000000001,0.0,0.0,3.4,3.4000000000000004,2,2,DRAW,1,1
1080,2025-04-12 18:45:00,Serie A,Juventus,Lecce,4.7,0.7,0.8,0.8,1.6,1.6,4.4,1.1,3.3000000000000003,2.4,0.8,1.6,1.0,1.0,1.6,0.6,-0.6,0.6,0.2,0.2,0.4,0.8,0.2,1.5999999999999999,1.2,1.2,,,,0,5.0,5.0,0,4.0,0.0,0.0,0.0,0.0,2.4000000000000004,2.4000000000000004,2,1,HOME,1,1
310,2025-04-12 19:00:00,La Liga,Leganes,Barcelona,2.7,8.7,1.4,3.2,1.8,0.8,1.1,7.8,-6.699999999999999,1.0,2.2,1.4,2.6,1.6,1.2,-0.2,1.4,0.2,0.2,0.2,0.0,0.2,0.6,-1.2000000000000002,1.2,1.2,,,,0,5.0,5.0,0,-5.999999999999999,-1.8000000000000003,-1.0,0.0,0.0,2.2,5.0,0,1,AWAY,0,0
1081,2025-04-13 10:30:00,Serie A,Atalanta,Bologna,2.7,8.7,0.8,2.2,0.8,0.6,0.0,7.8,-7.8,0.6,1.6,0.2,0.8,0.8,0.8,-0.6,0.0,0.4,0.4,0.8,0.4,0.0,0.4,-1.0,1.2,1.2,,,,0,5.0,5.0,0,-5.999999999999999,-1.4000000000000001,-0.20000000000000007,0.0,0.0,1.4,3.0,2,0,HOME,0,0
311,2025-04-13 12:00:00,La Liga,Osasuna,Girona,2.0,2.0,1.0,1.0,1.8,1.8,2.2,1.1,1.1,1.2,0.2,1.6,0.6,1.6,2.4,0.0,-1.8,0.0,0.0,0.0,0.4,0.2,0.0,1.0,1.2,1.2,,,,0,5.0,5.0,0,0.0,0.0,0.0,0.0,0.0,2.8,2.8,2,1,HOME,1,1
701,2025-04-13 13:00:00,Premier League,Wolves,Tottenham,6.7,2.7,1.4,1.0,1.0,1.4,10.0,3.3,6.7,1.4,1.2,1.0,1.6,0.8,1.4,0.2,0.2,0.4,0.2,0.2,0.4,0.4,0.4,0.19999999999999996,1.2,1.2,,,,0,5.0,5.0,0,4.0,0.3999999999999999,0.3999999999999999,0.0,0.0,2.8,2.0,4,2,HOME,1,1
702,2025-04-13 13:00:00,Premier League,Liverpool,West Ham,8.0,3.3,2.0,1.0,0.8,1.0,6.7,2.2,4.5,3.0,1.0,2.4,0.8,0.6,1.0,1.8,-0.2,0.4,0.2,0.0,0.2,1.0,0.2,2.0,1.2,1.2,,,,0,5.0,5.0,0,4.7,1.0,0.19999999999999996,0.0,0.0,3.0,1.8,2,1,HOME,1,1
703,2025-04-13 13:00:00,Premier League,Chelsea,Ipswich,6.7,2.0,1.2,1.4,0.2,2.2,4.4,3.3,1.1000000000000005,3.0,0.8,2.2,1.2,0.4,2.0,1.8,-0.8,0.6,0.0,0.0,0.2,1.0,0.2,2.2,1.2,1.2,,,,0,5.0,5.0,0,4.7,-0.19999999999999996,2.0,0.0,0.0,3.4000000000000004,1.5999999999999999,2,2,DRAW,1,1
1082,2025-04-13 13:00:00,Serie A,Fiorentina,Parma,6.7,2.7,1.6,1.0,0.8,1.2,7.8,3.3,4.5,2.4,0.4,1.6,0.8,0.4,1.4,1.2,-0.6,0.8,0.2,0.2,0.4,0.8,0.0,2.0,1.2,1.2,,,,0,5.0,5.0,0,4.0,0.6000000000000001,0.3999999999999999,0.0,0.0,2.8,1.8,0,0,DRAW,0,0
1083,2025-04-13 13:00:00,Serie A,Hellas Verona,Genoa,3.3,5.3,0.6,1.0,1.0,0.8,5.6,6.7,-1.1000000000000005,0.8,0.4,0.4,0.6,2.0,1.2,-1.6,-0.6,0.4,0.0,0.6,0.4,0.2,0.0,0.4,1.2,1.2,,,,0,5.0,5.0,0,-2.0,-0.4,-0.19999999999999996,0.0,0.0,1.4,2.0,0,0,DRAW,0,0
1406,2025-04-13 13:30:00,Bundesliga,VfB Stuttgart,Werder Bremen,2.7,6.0,2.0,2.0,2.0,1.2,3.3,6.7,-3.4000000000000004,0.6,1.4,2.0,1.4,2.2,2.0,-0.2,-0.6,0.2,0.4,0.0,0.4,0.2,0.4,-0.7999999999999999,1.2,1.2,,,,0,5.0,5.0,0,-3.3,0.0,-0.8,0.0,0.0,3.2,4.0,1,2,AWAY,1,1
312,2025-04-13 14:15:00,La Liga,Alaves,Real Madrid,5.3,6.0,1.0,1.8,1.0,1.6,4.4,6.7,-2.3,0.8,1.4,0.4,1.4,1.0,1.0,-0.6,0.4,0.2,0.2,0.6,0.2,0.2,0.4,-0.5999999999999999,1.2,1.2,,,,0,5.0,5.0,0,-0.7000000000000002,-0.8,0.6000000000000001,0.0,0.0,2.6,2.8,0,1,AWAY,0,0
704,2025-04-13 15:30:00,Premier League,Newcastle,Manchester United,8.0,5.3,2.0,1.4,1.2,0.8,10.0,4.4,5.6,1.8,1.4,2.2,1.2,2.0,0.8,0.2,0.4,0.2,0.4,0.0,0.4,0.6,0.4,0.40000000000000013,1.2,1.2,,,,0,5.0,5.0,0,2.7,0.6000000000000001,-0.3999999999999999,0.0,0.0,2.8,2.5999999999999996,4,1,HOME,1,1
1407,2025-04-13 15:30:00,Bundesliga,Eintracht Frankfurt,1. FC Heidenheim,4.0,4.7,1.2,1.0,1.8,1.2,6.7,6.7,0.0,1.4,1.0,1.4,1.0,1.6,1.2,-0.2,-0.2,0.2,0.2,0.0,0.2,0.4,0.2,0.3999999999999999,1.2,1.2,,,,0,5.0,5.0,0,-0.7000000000000002,0.19999999999999996,-0.6000000000000001,0.0,0.0,2.4,2.8,3,0,HOME,1,0
1084,2025-04-13 16:00:00,Serie A,Como,Torino,3.3,6.0,1.4,1.4,1.4,0.8,4.4,5.6,-1.1999999999999993,1.0,1.2,1.2,1.6,1.4,1.4,-0.2,0.2,0.0,0.2,0.0,0.0,0.2,0.2,-0.19999999999999996,1.2,1.2,,,,0,5.0,5.0,0,-2.7,0.0,-0.5999999999999999,0.0,0.0,2.2,2.8,1,0,HOME,0,0
313,2025-04-13 16:30:00,La Liga,Real Betis,Villarreal,8.7,4.7,1.8,0.8,1.0,0.8,7.8,4.4,3.3999999999999995,2.6,2.0,2.0,1.2,0.8,0.8,1.2,0.4,0.4,0.2,0.0,0.2,0.8,0.6,0.6000000000000001,1.2,1.2,,,,0,5.0,5.0,0,3.999999999999999,1.0,-0.19999999999999996,0.0,0.0,2.6,1.8,1,2,AWAY,1,1
1085,2025-04-13 18:45:00,Serie A,Lazio,AS Roma,5.3,8.7,1.0,1.2,1.6,0.4,4.4,7.8,-3.3999999999999995,1.2,3.0,2.0,1.2,1.4,0.2,0.6,1.0,0.0,0.8,0.0,0.0,0.2,1.0,-1.8,1.2,1.2,,,,0,5.0,5.0,0,-3.3999999999999995,-0.19999999999999996,-1.2000000000000002,0.0,0.0,1.4,2.8,1,1,DRAW,0,1
314,2025-04-13 19:00:00,La Liga,Athletic Club,Rayo Vallecano,4.0,3.3,0.4,1.2,0.4,1.8,5.6,4.4,1.1999999999999993,1.8,1.4,2.2,1.0,0.4,0.8,1.8,0.2,0.6,0.4,0.4,0.2,0.4,0.4,0.40000000000000013,1.2,1.2,,,,0,5.0,5.0,0,0.7000000000000002,-0.7999999999999999,1.4,0.0,0.0,2.2,1.6,3,1,HOME,1,1
1086,2025-04-14 18:45:00,Serie A,Napoli,Empoli,6.0,2.0,1.2,0.4,0.8,0.8,5.6,2.2,3.3999999999999995,2.2,0.4,1.6,0.6,1.0,2.0,0.6,-1.4,0.0,0.0,0.0,0.4,0.6,0.0,1.8000000000000003,1.2,1.2,,,,0,5.0,5.0,0,4.0,0.7999999999999999,0.0,0.0,0.0,2.0,1.2000000000000002,3,0,HOME,1,0
315,2025-04-14 19:00:00,La Liga,Atletico Madrid,Valladolid,4.7,0.7,1.4,0.6,1.6,2.0,4.4,0.0,4.4,1.6,0.0,1.4,0.8,1.2,3.4,0.2,-2.6,0.4,0.0,0.0,0.2,0.4,0.0,1.6,1.2,1.2,,,,0,5.0,5.0,0,4.0,0.7999999999999999,0.3999999999999999,0.0,0.0,3.4,2.2,4,2,HOME,1,1
705,2025-04-14 19:00:00,Premier League,Bournemouth,Fulham,1.3,6.0,1.4,1.8,2.0,1.4,1.1,6.7,-5.6,0.6,1.8,1.4,1.6,1.4,1.2,0.0,0.4,0.2,0.2,0.4,0.0,0.2,0.6,-1.2000000000000002,1.2,1.2,,,,0,5.0,5.0,0,-4.7,-0.40000000000000013,-0.6000000000000001,0.0,0.0,2.8,3.8,1,0,HOME,0,0
706,2025-04-16 18:30:00,Premier League,Newcastle,Crystal Palace,8.0,6.7,2.0,2.0,0.8,1.6,10.0,4.4,5.6,1.8,2.0,2.4,1.8,2.2,1.2,0.2,0.6,0.0,0.6,0.0,0.0,0.6,0.6,-0.19999999999999996,1.2,1.2,,,,0,5.0,5.0,0,1.2999999999999998,0.0,0.8,0.0,0.0,3.6,2.8,5,0,HOME,1,0
316,2025-04-18 19:00:00,La Liga,Espanyol,Getafe,5.3,6.0,1.8,2.0,0.8,1.4,7.8,3.3,4.5,1.8,2.4,1.2,1.8,0.8,0.6,0.4,1.2,0.2,0.4,0.0,0.2,0.4,0.8,-0.5999999999999999,1.2,1.2,,,,0,5.0,5.0,0,-0.7000000000000002,-0.19999999999999996,0.5999999999999999,0.0,0.0,3.2,2.8,1,0,HOME,0,0
317,2025-04-19 12:00:00,La Liga,Rayo Vallecano,Valencia,2.7,8.7,1.2,1.4,2.2,0.6,3.3,10.0,-6.7,1.0,1.2,0.8,1.6,1.6,2.6,-0.8,-1.0,0.2,0.0,0.4,0.0,0.2,0.2,-0.19999999999999996,1.2,1.2,,,,0,5.0,5.0,0,-5.999999999999999,-0.19999999999999996,-1.6,0.0,0.0,1.7999999999999998,3.6,1,1,DRAW,0,1
1087,2025-04-19 13:00:00,Serie A,Lecce,Como,0.7,5.3,1.0,1.4,1.8,1.0,1.1,7.8,-6.699999999999999,0.4,1.2,0.6,1.4,1.2,1.4,-0.6,0.0,0.2,0.2,0.6,0.2,0.0,0.4,-0.7999999999999999,1.2,1.2,,,,0,5.0,5.0,0,-4.6,-0.3999999999999999,-0.8,0.0,0.0,2.0,3.2,0,3,AWAY,1,0
1408,2025-04-19 13:30:00,Bundesliga,SC Freiburg,1899 Hoffenheim,3.3,3.3,1.2,1.0,1.8,1.2,3.3,4.4,-1.1000000000000005,1.4,1.2,1.6,1.2,1.2,1.6,0.4,-0.4,0.6,0.2,0.2,0.2,0.4,0.4,0.19999999999999996,1.2,1.2,,,,0,5.0,5.0,0,0.0,0.19999999999999996,-0.6000000000000001,0.0,0.0,2.4,2.8,3,2,HOME,1,1
1409,2025-04-19 13:30:00,Bundesliga,Werder Bremen,VfL Bochum,8.0,2.0,2.2,1.2,1.0,2.8,10.0,0.0,10.0,1.2,1.0,1.4,1.4,1.8,2.2,-0.4,-0.8,0.4,0.0,0.0,0.2,0.4,0.2,0.19999999999999996,1.2,1.2,,,,0,5.0,5.0,0,6.0,1.0000000000000002,1.7999999999999998,0.0,0.0,5.0,2.2,1,0,HOME,0,0
1410,2025-04-19 13:30:00,Bundesliga,FSV Mainz 05,VfL Wolfsburg,3.3,0.7,1.4,0.6,1.8,1.4,1.1,0.0,1.1,1.8,1.4,1.4,1.0,0.6,1.0,0.8,0.0,0.6,0.0,0.2,0.4,0.4,0.4,0.40000000000000013,1.2,1.2,,,,0,5.0,5.0,0,2.5999999999999996,0.7999999999999999,-0.40000000000000013,0.0,0.0,2.8,2.4,2,2,DRAW,1,1
1411,2025-04-19 13:30:00,Bundesliga,RB Leipzig,Holstein Kiel,6.7,1.3,1.6,1.0,0.8,2.2,6.7,1.1,5.6,2.0,0.8,2.0,1.4,1.0,2.2,1.0,-0.8,0.4,0.2,0.0,0.0,0.6,0.2,1.2,1.2,1.2,,,,0,5.0,5.0,0,5.4,0.6000000000000001,1.4000000000000001,0.0,0.0,3.8000000000000003,1.8,1,1,DRAW,0,1
1412,2025-04-19 13:30:00,Bundesliga,1. FC Heidenheim,Bayern München,4.7,5.3,1.0,2.2,1.2,1.8,3.3,7.8,-4.5,0.6,2.2,0.8,1.8,1.8,0.8,-1.0,1.0,0.0,0.2,0.6,0.2,0.2,0.6,-1.6,1.2,1.2,,,,0,5.0,5.0,0,-0.5999999999999996,-1.2000000000000002,0.6000000000000001,0.0,0.0,2.8,3.4000000000000004,0,4,AWAY,1,0
707,2025-04-19 14:00:00,Premier League,Everton,Manchester City,4.0,5.3,0.8,1.8,0.8,1.0,4.4,7.8,-3.3999999999999995,1.4,1.4,2.0,1.6,1.2,1.2,0.8,0.4,0.2,0.6,0.0,0.4,0.2,0.4,0.0,1.2,1.2,,,,0,5.0,5.0,0,-1.2999999999999998,-1.0,0.19999999999999996,0.0,0.0,1.8,2.6,0,2,AWAY,0,0
708,2025-04-19 14:00:00,Premier League,West Ham,Southampton,1.3,0.7,0.8,0.8,1.4,2.4,1.1,1.1,0.0,0.8,0.6,0.8,1.2,1.2,2.8,-0.4,-1.6,0.2,0.0,0.6,0.2,0.2,0.2,0.20000000000000007,1.2,1.2,,,,0,5.0,5.0,0,0.6000000000000001,0.0,1.0,0.0,0.0,3.2,2.2,1,1,DRAW,0,1
709,2025-04-19 14:00:00,Premier League,Crystal Palace,Bournemouth,4.7,3.3,1.2,1.4,2.4,1.6,3.3,4.4,-1.1000000000000005,1.8,1.6,1.8,2.4,1.2,1.6,0.6,0.8,0.2,0.0,0.0,0.0,0.6,0.4,0.19999999999999996,1.2,1.2,,,,0,5.0,5.0,0,1.4000000000000004,-0.19999999999999996,-0.7999999999999998,0.0,0.0,2.8,3.8,0,0,DRAW,0,0
710,2025-04-19 14:00:00,Premier League,Brentford,Brighton,3.3,3.3,0.8,1.4,1.0,2.0,2.2,1.1,1.1,0.4,1.4,0.2,2.0,1.2,2.4,-1.0,-0.4,0.2,0.2,0.8,0.2,0.0,0.4,-0.9999999999999999,1.2,1.2,,,,0,5.0,5.0,0,0.0,-0.5999999999999999,1.0,0.0,0.0,2.8,2.4,4,2,HOME,1,1
318,2025-04-19 14:15:00,La Liga,Barcelona,Celta Vigo,8.7,6.7,2.6,1.2,0.8,1.0,7.8,4.4,3.3999999999999995,2.6,1.6,2.6,1.4,0.4,1.2,2.2,0.2,0.6,0.2,0.0,0.0,0.8,0.4,1.0,1.2,1.2,,,,0,5.0,5.0,0,1.9999999999999991,1.4000000000000001,0.19999999999999996,0.0,0.0,3.6,2.0,4,3,HOME,1,1
1088,2025-04-19 16:00:00,Serie A,Monza,Napoli,0.7,7.3,0.8,1.6,2.2,0.6,0.0,7.8,-7.8,0.4,0.8,0.4,1.0,1.4,1.2,-1.0,-0.2,0.2,0.2,0.6,0.2,0.0,0.0,-0.4,1.2,1.2,,,,0,5.0,5.0,0,-6.6,-0.8,-1.6,0.0,0.0,1.4,3.8000000000000003,0,1,AWAY,0,0
319,2025-04-19 16:30:00,La Liga,Mallorca,Leganes,4.7,0.7,1.2,1.2,1.0,2.0,3.3,1.1,2.1999999999999997,1.6,0.2,1.6,0.6,1.2,2.0,0.4,-1.4,0.0,0.2,0.0,0.6,0.4,0.0,1.4000000000000001,1.2,1.2,,,,0,5.0,5.0,0,4.0,0.0,1.0,0.0,0.0,3.2,2.2,0,0,DRAW,0,0
711,2025-04-19 16:30:00,Premier League,Aston Villa,Newcastle,8.0,10.0,2.0,3.0,1.0,0.4,10.0,10.0,0.0,1.8,1.8,1.6,1.4,1.2,1.4,0.4,0.0,0.0,0.4,0.0,0.4,0.4,0.6,0.0,1.2,1.2,,,,0,5.0,5.0,0,-2.0,-1.0,-0.6,0.0,0.0,2.4,4.0,4,1,HOME,1,1
1413,2025-04-19 16:30:00,Bundesliga,Union Berlin,VfB Stuttgart,7.3,2.7,1.2,2.0,0.6,1.8,7.8,3.3,4.5,1.0,1.6,0.6,1.8,0.8,1.0,-0.2,0.8,0.4,0.2,0.4,0.2,0.2,0.4,-0.6000000000000001,1.2,1.2,,,,0,5.0,5.0,0,4.6,-0.8,1.2000000000000002,0.0,0.0,3.0,2.6,4,4,DRAW,1,1
1089,2025-04-19 18:45:00,Serie A,AS Roma,Hellas Verona,7.3,4.0,1.0,0.6,0.4,0.6,5.6,3.3,2.3,2.2,1.4,1.8,0.6,0.6,0.8,1.2,-0.2,0.4,0.4,0.0,0.4,0.6,0.4,0.8000000000000003,1.2,1.2,,,,0,5.0,5.0,0,3.3,0.4,0.19999999999999996,0.0,0.0,1.6,1.0,1,0,HOME,0,0
320,2025-04-19 19:00:00,La Liga,Las Palmas,Atletico Madrid,3.3,4.7,1.4,2.0,1.6,2.0,4.4,7.8,-3.3999999999999995,0.4,1.6,1.0,1.6,2.0,1.0,-1.0,0.6,0.0,0.2,0.2,0.0,0.0,0.4,-1.2000000000000002,1.2,1.2,,,,0,5.0,5.0,0,-1.4000000000000004,-0.6000000000000001,0.3999999999999999,0.0,0.0,3.4,3.6,1,0,HOME,0,0
321,2025-04-20 12:00:00,La Liga,Valladolid,Osasuna,0.0,3.3,0.8,0.8,2.6,1.4,0.0,5.6,-5.6,0.2,0.6,0.2,0.4,2.6,1.2,-2.4,-0.8,0.0,0.2,0.8,0.6,0.0,0.0,-0.39999999999999997,1.2,1.2,,,,0,5.0,5.0,0,-3.3,0.0,-1.2000000000000002,0.0,0.0,2.2,3.4000000000000004,2,3,AWAY,1,1
712,2025-04-20 13:00:00,Premier League,Manchester United,Wolves,3.3,8.7,1.0,2.0,1.2,1.0,1.1,10.0,-8.9,1.0,1.8,1.0,1.4,1.6,1.4,-0.6,0.0,0.2,0.2,0.4,0.0,0.2,0.6,-0.8,1.2,1.2,,,,0,5.0,5.0,0,-5.3999999999999995,-1.0,-0.19999999999999996,0.0,0.0,2.0,3.2,0,1,AWAY,0,0
713,2025-04-20 13:00:00,Premier League,Fulham,Chelsea,4.0,5.3,1.4,0.8,1.4,0.6,3.3,5.6,-2.3,1.8,0.2,1.4,0.4,1.2,1.8,0.2,-1.4,0.2,0.2,0.4,0.6,0.6,0.0,1.6,1.2,1.2,,,,0,5.0,5.0,0,-1.2999999999999998,0.5999999999999999,-0.7999999999999999,0.0,0.0,2.0,2.2,1,2,AWAY,1,1
714,2025-04-20 13:00:00,Premier League,Ipswich,Arsenal,2.7,6.0,1.4,1.2,2.0,0.8,4.4,5.6,-1.1999999999999993,0.0,1.8,1.0,1.0,3.6,0.4,-2.6,0.6,0.0,0.6,0.2,0.2,0.0,0.4,-1.8,1.2,1.2,,,,0,5.0,5.0,0,-3.3,0.19999999999999996,-1.2,0.0,0.0,2.2,3.2,0,4,AWAY,1,0
1090,2025-04-20 13:00:00,Serie A,Empoli,Venezia,1.3,4.0,0.2,0.6,1.2,0.6,2.2,4.4,-2.2,0.4,0.6,0.2,0.8,1.8,1.4,-1.6,-0.6,0.2,0.2,0.8,0.4,0.0,0.0,-0.19999999999999996,1.2,1.2,,,,0,5.0,5.0,0,-2.7,-0.39999999999999997,-0.6,0.0,0.0,0.8,1.7999999999999998,2,2,DRAW,1,1
1414,2025-04-20 13:30:00,Bundesliga,FC Augsburg,Eintracht Frankfurt,6.7,6.0,1.2,1.6,1.0,1.0,4.4,6.7,-2.3,1.6,1.0,0.8,1.2,0.8,2.0,0.0,-0.8,0.6,0.0,0.4,0.4,0.4,0.2,0.6000000000000001,1.2,1.2,,,,0,5.0,5.0,0,0.7000000000000002,-0.40000000000000013,0.0,0.0,0.0,2.2,2.6,0,0,DRAW,0,0
322,2025-04-20 14:15:00,La Liga,Villarreal,Real Sociedad,4.7,4.7,1.0,1.4,1.0,1.4,7.8,6.7,1.0999999999999996,1.6,0.8,2.2,1.2,0.8,2.4,1.4,-1.2,0.4,0.0,0.2,0.4,0.4,0.2,0.8,1.2,1.2,,,,0,5.0,5.0,0,0.0,-0.3999999999999999,0.3999999999999999,0.0,0.0,2.4,2.4,2,2,DRAW,1,1
715,2025-04-20 15:30:00,Premier League,Leicester,Liverpool,0.7,8.0,0.4,2.0,2.2,1.0,1.1,6.7,-5.6,0.0,1.6,0.0,2.0,2.8,1.4,-2.8,0.6,0.0,0.4,1.0,0.0,0.0,0.4,-1.6,1.2,1.2,,,,0,5.0,5.0,0,-7.3,-1.6,-1.2000000000000002,0.0,0.0,1.4,4.2,0,1,AWAY,0,0
1415,2025-04-20 15:30:00,Bundesliga,Borussia Dortmund,Borussia Mönchengladbach,4.7,4.7,1.8,1.6,1.4,1.6,7.8,4.4,3.3999999999999995,1.4,2.6,2.4,2.4,1.2,1.0,1.2,1.4,0.2,0.2,0.2,0.0,0.4,0.8,-1.2000000000000002,1.2,1.2,,,,0,5.0,5.0,0,0.0,0.19999999999999996,0.20000000000000018,0.0,0.0,3.4000000000000004,3.0,3,2,HOME,1,1
1091,2025-04-20 16:00:00,Serie A,Bologna,Inter,6.7,8.7,1.8,2.4,0.8,1.2,4.4,7.8,-3.3999999999999995,2.6,1.0,2.6,1.0,1.0,1.4,1.6,-0.4,0.2,0.2,0.0,0.4,0.8,0.2,1.6,1.2,1.2,,,,0,5.0,5.0,0,-1.9999999999999991,-0.5999999999999999,0.3999999999999999,0.0,0.0,3.0,3.2,1,0,HOME,0,0
323,2025-04-20 16:30:00,La Liga,Sevilla,Alaves,2.0,4.7,0.6,0.8,1.2,1.0,0.0,3.3,-3.3,0.4,1.2,0.8,1.4,1.8,1.4,-1.0,0.0,0.0,0.2,0.2,0.2,0.0,0.2,-0.7999999999999999,1.2,1.2,,,,0,5.0,5.0,0,-2.7,-0.20000000000000007,-0.19999999999999996,0.0,0.0,1.6,2.0,1,1,DRAW,0,1
1416,2025-04-20 17:30:00,Bundesliga,FC St. Pauli,Bayer Leverkusen,5.3,6.7,1.4,1.6,1.2,1.2,4.4,7.8,-3.3999999999999995,1.0,2.6,0.6,2.2,1.0,0.8,-0.4,1.4,0.2,0.6,0.4,0.2,0.2,0.8,-1.6,1.2,1.2,,,,0,5.0,5.0,0,-1.4000000000000004,-0.20000000000000018,0.0,0.0,0.0,2.5999999999999996,2.8,1,1,DRAW,0,1
1092,2025-04-20 18:45:00,Serie A,AC Milan,Atalanta,6.7,4.0,2.4,1.2,1.4,0.8,4.4,3.3,1.1000000000000005,1.6,2.4,1.4,3.2,1.2,0.4,0.2,2.8,0.2,0.6,0.0,0.2,0.4,0.8,-0.7999999999999998,1.2,1.2,,,,0,5.0,5.0,0,2.7,1.2,-0.5999999999999999,0.0,0.0,3.2,2.5999999999999996,0,1,AWAY,0,0
324,2025-04-20 19:00:00,La Liga,Real Madrid,Athletic Club,8.0,6.0,1.8,1.0,1.2,0.4,6.7,5.6,1.1000000000000005,2.0,1.2,1.8,0.8,1.2,0.8,0.6,0.0,0.2,0.4,0.0,0.4,0.6,0.2,0.8,1.2,1.2,,,,0,5.0,5.0,0,2.0,0.8,-0.7999999999999999,0.0,0.0,2.2,2.2,1,0,HOME,0,0
325,2025-04-21 19:00:00,La Liga,Girona,Real Betis,1.3,6.7,0.8,1.6,1.8,1.2,0.0,4.4,-4.4,1.0,2.0,1.2,1.8,1.4,1.4,-0.2,0.4,0.0,0.2,0.2,0.0,0.2,0.6,-1.0,1.2,1.2,,,,0,5.0,5.0,0,-5.4,-0.8,-0.6000000000000001,0.0,0.0,2.0,3.4000000000000004,1,3,AWAY,1,1
716,2025-04-21 19:00:00,Premier League,Tottenham,Nottingham Forest,2.7,6.0,1.4,1.4,2.0,1.0,3.3,3.3,0.0,1.4,0.6,1.4,1.8,1.2,3.0,0.2,-1.2,0.2,0.0,0.2,0.2,0.4,0.2,0.7999999999999999,1.2,1.2,,,,0,5.0,5.0,0,-3.3,0.0,-1.0,0.0,0.0,2.4,3.4,1,2,AWAY,1,1
326,2025-04-22 17:00:00,La Liga,Valencia,Espanyol,7.3,6.7,1.2,1.8,0.6,0.6,7.8,10.0,-2.2,2.4,1.8,1.2,1.8,0.8,0.8,0.4,1.0,0.6,0.6,0.2,0.0,0.8,0.6,0.5999999999999999,1.2,1.2,,,,0,5.0,5.0,0,0.5999999999999996,-0.6000000000000001,0.0,0.0,0.0,1.7999999999999998,2.4,1,1,DRAW,0,1
717,2025-04-22 19:00:00,Premier League,Manchester City,Aston Villa,7.3,10.0,2.2,2.6,0.8,0.4,7.8,10.0,-2.2,2.0,1.8,2.6,1.6,1.2,1.2,1.4,0.4,0.4,0.6,0.2,0.2,0.6,0.6,0.19999999999999996,1.2,1.2,,,,0,5.0,5.0,0,-2.7,-0.3999999999999999,-0.4,0.0,0.0,2.6,3.4000000000000004,2,1,HOME,1,1
327,2025-04-22 19:30:00,La Liga,Barcelona,Mallorca,8.7,4.7,2.6,1.0,1.0,0.8,7.8,4.4,3.3999999999999995,2.6,1.0,3.2,0.8,1.0,1.0,2.2,-0.2,0.4,0.2,0.0,0.4,0.8,0.2,1.6,1.2,1.2,,,,0,5.0,5.0,0,3.999999999999999,1.6,-0.19999999999999996,0.0,0.0,3.4000000000000004,2.0,1,0,HOME,0,0
1093,2025-04-23 16:30:00,Serie A,Cagliari,Fiorentina,3.3,5.3,1.0,1.4,1.0,0.8,4.4,5.6,-1.1999999999999993,1.4,0.8,1.4,1.2,1.0,1.6,0.4,-0.4,0.2,0.0,0.2,0.2,0.4,0.2,0.5999999999999999,1.2,1.2,,,,0,5.0,5.0,0,-2.0,-0.3999999999999999,-0.19999999999999996,0.0,0.0,1.8,2.4,1,2,AWAY,1,1
1094,2025-04-23 16:30:00,Serie A,Genoa,Lazio,5.3,4.0,0.8,0.8,0.6,1.6,4.4,5.6,-1.1999999999999993,2.6,2.0,1.6,1.0,0.4,1.4,1.2,-0.4,0.6,0.4,0.0,0.4,0.8,0.6,0.6000000000000001,1.2,1.2,,,,0,5.0,5.0,0,1.2999999999999998,0.0,1.0,0.0,0.0,2.4000000000000004,1.4,0,2,AWAY,0,0
1095,2025-04-23 16:30:00,Serie A,Torino,Udinese,4.0,0.7,1.0,0.4,1.0,1.8,2.2,0.0,2.2,2.2,1.0,1.4,0.8,0.6,1.0,0.8,-0.2,0.4,0.2,0.0,0.2,0.6,0.2,1.2000000000000002,1.2,1.2,,,,0,5.0,5.0,0,3.3,0.6,0.8,0.0,0.0,2.8,1.4,2,0,HOME,0,0
1096,2025-04-23 16:30:00,Serie A,Parma,Juventus,3.3,4.7,1.0,0.8,1.0,1.8,3.3,7.8,-4.5,1.0,1.4,1.4,1.0,1.6,1.4,-0.2,-0.4,0.2,0.2,0.2,0.2,0.2,0.4,-0.3999999999999999,1.2,1.2,,,,0,5.0,5.0,0,-1.4000000000000004,0.19999999999999996,0.8,0.0,0.0,2.8,1.8,1,0,HOME,0,0
328,2025-04-23 17:00:00,La Liga,Athletic Club,Las Palmas,5.3,5.3,0.8,1.6,0.4,1.4,4.4,6.7,-2.3,2.2,1.0,2.8,1.2,0.6,1.4,2.2,-0.2,0.4,0.0,0.2,0.2,0.6,0.2,1.2000000000000002,1.2,1.2,,,,0,5.0,5.0,0,0.0,-0.8,0.9999999999999999,0.0,0.0,2.2,2.0,1,0,HOME,0,0
329,2025-04-23 17:00:00,La Liga,Celta Vigo,Villarreal,4.7,5.3,1.4,1.4,1.6,1.2,3.3,5.6,-2.3,2.0,2.4,1.4,1.4,1.2,0.8,0.2,0.6,0.2,0.2,0.2,0.2,0.6,0.8,-0.3999999999999999,1.2,1.2,,,,0,5.0,5.0,0,-0.5999999999999996,0.0,-0.40000000000000013,0.0,0.0,2.5999999999999996,3.0,3,0,HOME,1,0
718,2025-04-23 19:00:00,Premier League,Arsenal,Crystal Palace,7.3,3.3,1.8,1.0,0.6,2.4,5.6,1.1,4.5,2.0,1.4,1.8,1.4,0.8,2.2,1.0,-0.8,0.2,0.4,0.2,0.2,0.6,0.4,0.6000000000000001,1.2,1.2,,,,0,5.0,5.0,0,4.0,0.8,1.7999999999999998,0.0,0.0,4.2,1.6,2,2,DRAW,1,1
330,2025-04-23 19:30:00,La Liga,Alaves,Real Sociedad,3.3,5.3,0.8,1.8,1.2,1.6,4.4,4.4,0.0,0.6,1.0,0.2,1.4,1.0,2.4,-0.8,-1.0,0.2,0.0,0.8,0.4,0.2,0.2,-0.4,1.2,1.2,,,,0,5.0,5.0,0,-2.0,-1.0,0.40000000000000013,0.0,0.0,2.4000000000000004,3.0,1,0,HOME,0,0
331,2025-04-23 19:30:00,La Liga,Getafe,Real Madrid,4.0,8.0,1.6,1.6,1.4,1.0,3.3,6.7,-3.4000000000000004,0.8,1.4,1.0,1.0,1.6,1.0,-0.6,0.0,0.2,0.2,0.2,0.2,0.2,0.4,-0.5999999999999999,1.2,1.2,,,,0,5.0,5.0,0,-4.0,0.0,-0.3999999999999999,0.0,0.0,2.6,3.0,0,1,AWAY,0,0
332,2025-04-24 17:00:00,La Liga,Leganes,Girona,1.3,0.7,1.0,0.8,1.6,2.2,2.2,0.0,2.2,1.0,0.2,1.4,0.6,1.6,2.4,-0.2,-1.8,0.2,0.0,0.2,0.4,0.2,0.0,0.8,1.2,1.2,,,,0,5.0,5.0,0,0.6000000000000001,0.19999999999999996,0.6000000000000001,0.0,0.0,3.2,2.4000000000000004,1,1,DRAW,0,1
333,2025-04-24 17:00:00,La Liga,Osasuna,Sevilla,5.3,0.7,1.2,0.6,1.4,1.4,7.8,1.1,6.699999999999999,1.6,1.4,1.8,1.4,1.6,0.8,0.2,0.6,0.0,0.4,0.0,0.2,0.4,0.4,0.20000000000000018,1.2,1.2,,,,0,5.0,5.0,0,4.6,0.6,0.0,0.0,0.0,2.5999999999999996,2.0,1,0,HOME,0,0
334,2025-04-24 19:30:00,La Liga,Atletico Madrid,Rayo Vallecano,4.7,3.3,1.8,1.2,1.8,2.0,6.7,1.1,5.6,2.0,1.2,2.0,1.0,1.4,1.2,0.6,-0.2,0.4,0.4,0.0,0.2,0.6,0.4,0.8,1.2,1.2,,,,0,5.0,5.0,0,1.4000000000000004,0.6000000000000001,0.19999999999999996,0.0,0.0,3.8,3.0,3,0,HOME,1,0
335,2025-04-24 19:30:00,La Liga,Real Betis,Valladolid,6.7,0.0,2.0,1.0,1.4,2.8,4.4,0.0,4.4,2.4,0.0,1.8,1.0,0.8,3.2,1.0,-2.2,0.4,0.0,0.0,0.2,0.8,0.0,2.4,1.2,1.2,,,,0,5.0,5.0,0,6.7,1.0,1.4,0.0,0.0,4.8,2.4,5,1,HOME,1,1
1417,2025-04-25 18:30:00,Bundesliga,VfB Stuttgart,1. FC Heidenheim,2.7,4.0,2.4,0.8,2.2,1.8,4.4,0.0,4.4,0.0,1.0,1.4,0.8,2.6,1.4,-1.2,-0.6,0.0,0.2,0.0,0.4,0.0,0.2,-1.0,1.2,1.2,,,,0,5.0,5.0,0,-1.2999999999999998,1.5999999999999999,-0.40000000000000013,0.0,0.0,4.2,3.0,0,1,AWAY,0,0
719,2025-04-26 11:30:00,Premier League,Chelsea,Everton,5.3,3.3,1.0,0.6,0.8,1.0,5.6,4.4,1.1999999999999993,2.6,1.6,2.0,1.0,0.6,0.8,1.4,0.2,0.6,0.2,0.0,0.2,0.8,0.4,1.0,1.2,1.2,,,,0,5.0,5.0,0,2.0,0.4,0.19999999999999996,0.0,0.0,2.0,1.4,1,0,HOME,0,0
1418,2025-04-26 13:30:00,Bundesliga,Bayern München,FSV Mainz 05,7.3,2.0,2.6,1.2,1.2,2.0,7.8,2.2,5.6,2.0,1.8,2.8,1.6,1.4,1.4,1.4,0.2,0.4,0.2,0.0,0.2,0.6,0.6,0.19999999999999996,1.2,1.2,,,,0,5.0,5.0,0,5.3,1.4000000000000001,0.8,0.0,0.0,4.6,2.4,3,0,HOME,1,0
1419,2025-04-26 13:30:00,Bundesliga,VfL Wolfsburg,SC Freiburg,0.7,4.7,0.8,1.8,1.6,2.2,1.1,6.7,-5.6,0.6,2.2,0.8,1.2,1.2,0.6,-0.4,0.6,0.2,0.6,0.4,0.2,0.0,0.6,-1.6,1.2,1.2,,,,0,5.0,5.0,0,-4.0,-1.0,0.6000000000000001,0.0,0.0,3.0,3.4000000000000004,0,1,AWAY,0,0
1420,2025-04-26 13:30:00,Bundesliga,1899 Hoffenheim,Borussia Dortmund,2.7,6.7,1.2,2.4,1.6,1.6,3.3,7.8,-4.5,1.2,1.4,1.0,1.6,1.4,1.4,-0.4,0.2,0.2,0.2,0.2,0.4,0.2,0.4,-0.19999999999999996,1.2,1.2,,,,0,5.0,5.0,0,-4.0,-1.2,0.0,0.0,0.0,2.8,4.0,2,3,AWAY,1,1
1421,2025-04-26 13:30:00,Bundesliga,Bayer Leverkusen,FC Augsburg,7.3,5.3,1.8,1.0,1.0,1.0,5.6,4.4,1.1999999999999993,1.6,2.2,1.2,1.4,0.8,0.4,0.4,1.0,0.4,0.6,0.6,0.2,0.4,0.6,-0.6000000000000001,1.2,1.2,,,,0,5.0,5.0,0,2.0,0.8,0.0,0.0,0.0,2.8,2.0,2,0,HOME,0,0
1422,2025-04-26 13:30:00,Bundesliga,Holstein Kiel,Borussia Mönchengladbach,1.3,4.7,0.8,1.8,2.0,1.6,2.2,1.1,1.1,0.4,2.0,1.0,2.4,2.2,1.4,-1.2,1.0,0.0,0.2,0.4,0.0,0.0,0.6,-1.6,1.2,1.2,,,,0,5.0,5.0,0,-3.4000000000000004,-1.0,-0.3999999999999999,0.0,0.0,2.4000000000000004,3.8,4,3,HOME,1,1
720,2025-04-26 14:00:00,Premier League,Newcastle,Ipswich,8.0,2.7,3.0,1.4,1.2,2.6,6.7,1.1,5.6,2.4,1.0,3.2,1.4,1.4,1.6,1.8,-0.2,0.2,0.0,0.0,0.2,0.8,0.2,1.4,1.2,1.2,,,,0,5.0,5.0,0,5.3,1.6,1.4000000000000001,0.0,0.0,5.6,2.5999999999999996,3,0,HOME,1,0
721,2025-04-26 14:00:00,Premier League,Wolves,Leicester,10.0,0.7,2.0,0.4,0.8,2.2,10.0,1.1,8.9,2.0,0.2,1.8,0.4,1.0,2.2,0.8,-1.8,0.4,0.0,0.0,0.8,0.6,0.0,1.8,1.2,1.2,,,,0,5.0,5.0,0,9.3,1.6,1.4000000000000001,0.0,0.0,4.2,1.2000000000000002,3,0,HOME,1,0
722,2025-04-26 14:00:00,Premier League,Southampton,Fulham,1.3,4.0,0.8,1.4,2.0,1.4,1.1,3.3,-2.1999999999999997,0.2,1.2,0.6,1.2,2.6,1.4,-2.0,-0.2,0.0,0.0,0.4,0.2,0.0,0.4,-1.0,1.2,1.2,,,,0,5.0,5.0,0,-2.7,-0.5999999999999999,-0.6000000000000001,0.0,0.0,2.2,3.4,1,2,AWAY,1,1
723,2025-04-26 14:00:00,Premier League,Brighton,West Ham,1.3,2.0,1.4,1.0,2.6,1.4,1.1,2.2,-1.1,2.0,0.8,1.8,0.8,1.4,1.2,0.4,-0.4,0.2,0.2,0.2,0.2,0.6,0.2,1.2,1.2,1.2,,,,0,5.0,5.0,0,-0.7,0.3999999999999999,-1.2000000000000002,0.0,0.0,2.8,3.6,3,2,HOME,1,1
1423,2025-04-26 16:30:00,Bundesliga,Eintracht Frankfurt,RB Leipzig,6.7,6.7,1.4,1.8,0.6,1.0,4.4,7.8,-3.3999999999999995,1.8,1.2,1.8,0.6,1.4,0.6,0.4,0.0,0.4,0.6,0.0,0.8,0.6,0.2,0.6000000000000001,1.2,1.2,,,,0,5.0,5.0,0,0.0,-0.40000000000000013,0.4,0.0,0.0,2.4,2.4,4,0,HOME,1,0
1097,2025-04-27 10:30:00,Serie A,Venezia,AC Milan,4.0,4.7,0.8,1.8,0.8,1.2,5.6,4.4,1.1999999999999993,1.0,1.2,0.2,2.0,0.4,1.6,-0.2,0.4,0.6,0.2,0.8,0.0,0.2,0.4,-0.19999999999999996,1.2,1.2,,,,0,5.0,5.0,0,-0.7000000000000002,-1.0,0.3999999999999999,0.0,0.0,2.0,2.6,0,2,AWAY,0,0
1098,2025-04-27 10:30:00,Serie A,Como,Genoa,6.7,4.7,1.8,0.6,0.8,0.8,10.0,4.4,5.6,1.6,0.6,1.2,0.4,1.0,0.8,0.2,-0.4,0.2,0.2,0.0,0.6,0.4,0.0,1.0,1.2,1.2,,,,0,5.0,5.0,0,2.0,1.2000000000000002,0.0,0.0,0.0,2.6,1.4,1,0,HOME,0,0
724,2025-04-27 13:00:00,Premier League,Bournemouth,Manchester United,3.3,2.7,1.0,0.8,1.2,1.2,5.6,1.1,4.5,0.6,0.8,0.6,1.2,1.4,1.6,-0.8,-0.4,0.2,0.2,0.4,0.4,0.2,0.2,-0.20000000000000007,1.2,1.2,,,,0,5.0,5.0,0,0.5999999999999996,0.19999999999999996,0.0,0.0,0.0,2.2,2.0,1,1,DRAW,0,1
1099,2025-04-27 13:00:00,Serie A,Fiorentina,Empoli,7.3,2.0,1.6,0.6,0.6,1.4,5.6,2.2,3.3999999999999995,2.0,0.4,1.0,0.4,0.4,1.8,0.6,-1.4,0.8,0.0,0.4,0.6,0.6,0.0,1.6,1.2,1.2,,,,0,5.0,5.0,0,5.3,1.0,0.7999999999999999,0.0,0.0,3.0,1.2,2,1,HOME,1,1
1100,2025-04-27 13:00:00,Serie A,Inter,AS Roma,6.7,7.3,1.8,1.0,1.0,0.4,4.4,5.6,-1.1999999999999993,3.0,2.6,2.2,1.0,1.0,0.2,1.2,0.8,0.2,0.8,0.0,0.0,1.0,0.8,0.3999999999999999,1.2,1.2,,,,0,5.0,5.0,0,-0.5999999999999996,0.8,-0.6,0.0,0.0,2.2,2.0,0,1,AWAY,0,0
1424,2025-04-27 13:30:00,Bundesliga,VfL Bochum,Union Berlin,0.0,6.0,0.6,1.6,2.6,1.2,0.0,5.6,-5.6,0.6,2.0,0.8,1.6,2.0,1.6,-1.2,0.0,0.2,0.4,0.4,0.4,0.2,0.6,-1.4,1.2,1.2,,,,0,5.0,5.0,0,-6.0,-1.0,-1.4000000000000001,0.0,0.0,1.7999999999999998,4.2,1,1,DRAW,0,1
336,2025-04-27 14:15:00,La Liga,Villarreal,Espanyol,5.3,7.3,1.2,1.8,1.4,0.4,4.4,7.8,-3.3999999999999995,1.2,2.0,1.8,1.8,1.2,0.6,0.6,1.2,0.2,0.6,0.2,0.0,0.2,0.6,-0.8,1.2,1.2,,,,0,5.0,5.0,0,-2.0,-0.6000000000000001,-0.9999999999999999,0.0,0.0,1.6,3.2,1,0,HOME,0,0
725,2025-04-27 15:30:00,Premier League,Liverpool,Tottenham,8.0,2.0,1.8,1.2,1.0,2.0,6.7,3.3,3.4000000000000004,3.0,1.2,2.0,1.6,0.6,1.6,1.4,0.0,0.4,0.2,0.0,0.4,1.0,0.4,1.8,1.2,1.2,,,,0,5.0,5.0,0,6.0,0.6000000000000001,1.0,0.0,0.0,3.8,2.2,5,1,HOME,1,1
1425,2025-04-27 15:30:00,Bundesliga,Werder Bremen,FC St. Pauli,8.0,5.3,2.0,1.4,1.0,1.2,10.0,5.6,4.4,1.2,0.8,1.4,1.0,1.8,1.8,-0.4,-0.8,0.4,0.0,0.0,0.4,0.4,0.2,0.3999999999999999,1.2,1.2,,,,0,5.0,5.0,0,2.7,0.6000000000000001,0.19999999999999996,0.0,0.0,3.2,2.4,0,0,DRAW,0,0
1101,2025-04-27 16:00:00,Serie A,Juventus,Monza,4.7,0.7,0.8,0.4,1.2,1.8,4.4,0.0,4.4,2.4,0.0,1.2,0.6,1.0,3.2,0.2,-2.6,0.6,0.0,0.2,0.6,0.8,0.0,2.4,1.2,1.2,,,,0,5.0,5.0,0,4.0,0.4,0.6000000000000001,0.0,0.0,2.6,1.6,2,0,HOME,0,0
1102,2025-04-27 18:45:00,Serie A,Napoli,Torino,7.3,5.3,1.4,1.0,0.4,0.6,7.8,4.4,3.3999999999999995,2.2,1.0,1.8,1.4,0.8,1.4,1.0,0.0,0.2,0.2,0.0,0.2,0.6,0.2,1.2000000000000002,1.2,1.2,,,,0,5.0,5.0,0,2.0,0.3999999999999999,0.19999999999999996,0.0,0.0,2.0,1.4,2,0,HOME,0,0
1103,2025-04-27 18:45:00,Serie A,Atalanta,Lecce,4.0,0.7,0.6,0.6,0.8,1.8,6.7,1.1,5.6,1.0,0.8,0.4,1.0,0.6,1.2,-0.2,-0.2,0.6,0.2,0.8,0.4,0.2,0.2,0.19999999999999996,1.2,1.2,,,,0,5.0,5.0,0,3.3,0.0,1.0,0.0,0.0,2.4,1.4,1,1,DRAW,0,1
1104,2025-04-28 16:30:00,Serie A,Udinese,Bologna,0.0,6.7,0.2,1.6,2.0,0.6,0.0,4.4,-4.4,1.8,1.4,1.4,0.6,1.4,1.0,0.0,-0.4,0.4,0.4,0.4,0.6,0.6,0.4,0.40000000000000013,1.2,1.2,,,,0,5.0,5.0,0,-6.7,-1.4000000000000001,-1.4,0.0,0.0,0.8,3.6,0,0,DRAW,0,0
1105,2025-04-28 18:45:00,Serie A,Lazio,Parma,5.3,4.7,1.0,0.8,1.4,0.6,7.8,5.6,2.2,1.4,0.6,2.0,0.4,1.2,0.8,0.8,-0.4,0.0,0.4,0.0,0.6,0.2,0.0,0.7999999999999999,1.2,1.2,,,,0,5.0,5.0,0,0.5999999999999996,0.19999999999999996,-0.7999999999999999,0.0,0.0,1.6,2.2,2,2,DRAW,1,1
1106,2025-04-28 18:45:00,Serie A,Hellas Verona,Cagliari,4.0,2.7,0.4,1.0,0.4,1.2,2.2,1.1,1.1,1.0,0.4,0.4,0.4,1.4,1.2,-1.0,-0.8,0.6,0.4,0.6,0.6,0.2,0.0,0.6,1.2,1.2,,,,0,5.0,5.0,0,1.2999999999999998,-0.6,0.7999999999999999,0.0,0.0,1.6,1.4,0,2,AWAY,0,0
726,2025-05-01 18:30:00,Premier League,Nottingham Forest,Brentford,6.0,5.3,1.6,1.6,1.2,1.2,3.3,5.6,-2.3,2.0,2.0,1.8,1.8,0.2,0.8,1.6,1.0,0.8,0.4,0.4,0.0,0.6,0.6,0.0,1.2,1.2,,,,0,5.0,5.0,0,0.7000000000000002,0.0,0.0,0.0,0.0,2.8,2.8,0,2,AWAY,0,0
1426,2025-05-02 18:30:00,Bundesliga,1. FC Heidenheim,VfL Bochum,4.0,0.7,0.4,0.6,1.6,2.2,3.3,1.1,2.1999999999999997,0.6,1.0,0.6,1.4,2.2,1.8,-1.6,-0.4,0.0,0.0,0.8,0.2,0.2,0.2,-0.4,1.2,1.2,,,,0,5.0,5.0,0,3.3,-0.19999999999999996,0.6000000000000001,0.0,0.0,2.6,2.2,0,0,DRAW,0,0
1107,2025-05-02 18:45:00,Serie A,Torino,Venezia,3.3,3.3,0.8,0.8,1.0,1.2,3.3,4.4,-1.1000000000000005,2.2,0.8,1.4,0.8,0.6,1.2,0.8,-0.4,0.4,0.2,0.0,0.4,0.6,0.0,1.4000000000000001,1.2,1.2,,,,0,5.0,5.0,0,0.0,0.0,0.19999999999999996,0.0,0.0,2.0,1.8,1,1,DRAW,0,1
337,2025-05-02 19:00:00,La Liga,Rayo Vallecano,Getafe,2.7,2.0,0.8,1.2,2.2,1.4,1.1,0.0,1.1,0.6,1.8,0.8,1.6,1.8,0.8,-1.0,0.8,0.0,0.2,0.4,0.4,0.0,0.6,-1.2000000000000002,1.2,1.2,,,,0,5.0,5.0,0,0.7000000000000002,-0.3999999999999999,-0.8000000000000003,0.0,0.0,2.2,3.4000000000000004,1,0,HOME,0,0
727,2025-05-02 19:00:00,Premier League,Manchester City,Wolves,8.7,10.0,2.2,2.2,0.6,0.6,10.0,10.0,0.0,2.0,2.4,2.2,1.4,1.4,0.8,0.8,0.6,0.2,0.4,0.2,0.0,0.6,0.8,-0.3999999999999999,1.2,1.2,,,,0,5.0,5.0,0,-1.3000000000000007,0.0,0.0,0.0,0.0,2.8000000000000003,2.8000000000000003,1,0,HOME,0,0
728,2025-05-03 11:30:00,Premier League,Aston Villa,Fulham,8.0,4.0,2.6,1.4,0.8,1.6,6.7,3.3,3.4000000000000004,2.2,1.2,2.2,1.2,1.2,1.4,1.0,-0.2,0.0,0.0,0.0,0.2,0.6,0.4,1.0000000000000002,1.2,1.2,,,,0,5.0,5.0,0,4.0,1.2000000000000002,0.8,0.0,0.0,4.2,2.2,1,0,HOME,0,0
338,2025-05-03 12:00:00,La Liga,Alaves,Atletico Madrid,4.7,6.7,0.6,2.0,0.8,1.0,4.4,6.7,-2.3,1.2,1.4,0.4,1.4,0.8,1.0,-0.4,0.4,0.4,0.2,0.6,0.2,0.4,0.4,-0.19999999999999996,1.2,1.2,,,,0,5.0,5.0,0,-2.0,-1.4,0.19999999999999996,0.0,0.0,1.6,2.8,0,0,DRAW,0,0
1108,2025-05-03 13:00:00,Serie A,Cagliari,Udinese,4.7,0.7,1.4,0.2,1.0,1.8,3.3,1.1,2.1999999999999997,1.4,0.8,1.4,0.6,1.0,1.2,0.4,-0.6,0.2,0.2,0.2,0.4,0.4,0.2,0.5999999999999999,1.2,1.2,,,,0,5.0,5.0,0,4.0,1.2,0.8,0.0,0.0,3.2,1.2,1,2,AWAY,1,1
1109,2025-05-03 13:00:00,Serie A,Parma,Como,4.7,8.7,1.0,1.8,0.8,0.4,5.6,10.0,-4.4,1.6,1.8,1.4,2.0,1.0,1.0,0.4,1.0,0.4,0.4,0.2,0.0,0.4,0.6,-0.19999999999999996,1.2,1.2,,,,0,5.0,5.0,0,-3.999999999999999,-0.8,-0.4,0.0,0.0,1.4,2.6,0,1,AWAY,0,0
1427,2025-05-03 13:30:00,Bundesliga,Borussia Mönchengladbach,1899 Hoffenheim,2.7,2.7,1.6,1.6,2.0,2.0,0.0,3.3,-3.3,0.8,1.2,0.8,1.4,1.8,1.6,-1.0,-0.2,0.2,0.2,0.2,0.2,0.2,0.4,-0.3999999999999999,1.2,1.2,,,,0,5.0,5.0,0,0.0,0.0,0.0,0.0,0.0,3.6,3.6,4,4,DRAW,1,1
1428,2025-05-03 13:30:00,Bundesliga,RB Leipzig,Bayern München,4.7,8.7,1.4,3.0,1.8,1.0,4.4,7.8,-3.3999999999999995,1.6,2.2,1.8,2.2,1.2,0.6,0.6,1.6,0.2,0.4,0.0,0.2,0.4,0.6,-0.6000000000000001,1.2,1.2,,,,0,5.0,5.0,0,-3.999999999999999,-1.6,-0.8,0.0,0.0,2.4,4.8,3,3,DRAW,1,1
1429,2025-05-03 13:30:00,Bundesliga,Union Berlin,Werder Bremen,6.0,8.7,1.6,1.6,1.2,0.2,3.3,7.8,-4.5,1.0,1.8,1.4,1.4,1.6,1.8,-0.2,-0.4,0.2,0.4,0.2,0.4,0.2,0.6,-0.8,1.2,1.2,,,,0,5.0,5.0,0,-2.6999999999999993,0.0,-1.0,0.0,0.0,1.8,2.8,2,2,DRAW,1,1
1430,2025-05-03 13:30:00,Bundesliga,FC St. Pauli,VfB Stuttgart,4.0,2.7,1.2,1.8,1.2,1.6,5.6,1.1,4.5,1.0,1.2,0.6,2.2,1.0,1.6,-0.4,0.6,0.2,0.2,0.4,0.2,0.2,0.2,-0.19999999999999996,1.2,1.2,,,,0,5.0,5.0,0,1.2999999999999998,-0.6000000000000001,0.40000000000000013,0.0,0.0,2.8,3.0,0,1,AWAY,0,0
729,2025-05-03 14:00:00,Premier League,Everton,Ipswich,2.7,2.7,0.4,1.0,1.0,2.4,3.3,1.1,2.1999999999999997,0.8,0.8,1.2,1.2,1.6,2.0,-0.4,-0.8,0.0,0.0,0.2,0.4,0.0,0.2,0.0,1.2,1.2,,,,0,5.0,5.0,0,0.0,-0.6,1.4,0.0,0.0,2.8,2.0,2,2,DRAW,1,1
730,2025-05-03 14:00:00,Premier League,Leicester,Southampton,0.7,1.3,0.4,0.8,2.2,2.0,1.1,1.1,0.0,0.0,0.8,0.0,1.0,2.6,2.4,-2.6,-1.4,0.0,0.0,1.0,0.2,0.0,0.2,-0.8,1.2,1.2,,,,0,5.0,5.0,0,-0.6000000000000001,-0.4,-0.20000000000000018,0.0,0.0,2.4,3.0,2,0,HOME,0,0
339,2025-05-03 14:15:00,La Liga,Villarreal,Osasuna,5.3,7.3,1.0,1.4,1.2,0.8,4.4,10.0,-5.6,1.2,1.0,1.0,0.8,1.0,1.4,0.0,-0.6,0.4,0.2,0.2,0.6,0.2,0.2,0.19999999999999996,1.2,1.2,,,,0,5.0,5.0,0,-2.0,-0.3999999999999999,-0.3999999999999999,0.0,0.0,1.8,2.5999999999999996,4,2,HOME,1,1
1110,2025-05-03 16:00:00,Serie A,Lecce,Napoli,1.3,8.7,0.6,1.8,1.6,0.4,1.1,10.0,-8.9,0.2,1.2,0.6,1.0,1.8,1.0,-1.2,0.0,0.0,0.4,0.6,0.2,0.0,0.2,-1.0,1.2,1.2,,,,0,5.0,5.0,0,-7.3999999999999995,-1.2000000000000002,-1.2000000000000002,0.0,0.0,1.0,3.4000000000000004,0,1,AWAY,0,0
340,2025-05-03 16:30:00,La Liga,Las Palmas,Valencia,4.7,7.3,1.2,1.2,1.2,0.6,6.7,5.6,1.1000000000000005,0.8,1.4,1.0,1.6,1.8,1.4,-0.8,0.2,0.2,0.0,0.2,0.0,0.2,0.2,-0.5999999999999999,1.2,1.2,,,,0,5.0,5.0,0,-2.5999999999999996,0.0,-0.6,0.0,0.0,1.7999999999999998,2.4,2,3,AWAY,1,1
731,2025-05-03 16:30:00,Premier League,Arsenal,Bournemouth,6.0,4.0,2.0,1.0,1.0,1.0,5.6,5.6,0.0,1.6,1.2,1.2,1.6,1.0,1.4,0.2,0.2,0.2,0.2,0.2,0.2,0.4,0.2,0.40000000000000013,1.2,1.2,,,,0,5.0,5.0,0,2.0,1.0,0.0,0.0,0.0,3.0,2.0,1,2,AWAY,1,1
1431,2025-05-03 16:30:00,Bundesliga,Borussia Dortmund,VfL Wolfsburg,8.7,0.7,3.0,0.8,1.6,1.6,7.8,1.1,6.699999999999999,1.8,1.4,2.6,1.2,1.2,1.2,1.4,0.0,0.2,0.0,0.2,0.4,0.6,0.4,0.40000000000000013,1.2,1.2,,,,0,5.0,5.0,0,7.999999999999999,2.2,0.0,0.0,0.0,4.6,2.4000000000000004,4,0,HOME,1,0
1111,2025-05-03 18:45:00,Serie A,Inter,Hellas Verona,4.7,2.0,1.4,0.2,1.2,0.8,3.3,1.1,2.1999999999999997,2.4,0.8,1.8,0.4,1.0,1.0,0.8,-0.6,0.2,0.2,0.2,0.6,0.8,0.2,1.5999999999999999,1.2,1.2,,,,0,5.0,5.0,0,2.7,1.2,-0.3999999999999999,0.0,0.0,2.2,1.4,1,0,HOME,0,0
341,2025-05-03 19:00:00,La Liga,Valladolid,Barcelona,0.0,8.7,1.2,2.2,3.6,1.0,0.0,10.0,-10.0,0.2,2.6,0.6,2.4,2.6,0.8,-2.0,1.6,0.0,0.4,0.6,0.0,0.0,0.8,-2.4,1.2,1.2,,,,0,5.0,5.0,0,-8.7,-1.0000000000000002,-2.6,0.0,0.0,2.2,5.800000000000001,1,2,AWAY,1,1
1112,2025-05-04 10:30:00,Serie A,Empoli,Lazio,2.0,6.0,0.8,1.4,1.6,0.8,1.1,5.6,-4.5,0.4,2.0,0.4,1.0,2.0,1.2,-1.6,-0.2,0.2,0.6,0.8,0.4,0.0,0.6,-1.6,1.2,1.2,,,,0,5.0,5.0,0,-4.0,-0.5999999999999999,-0.8,0.0,0.0,1.6,3.0,0,1,AWAY,0,0
342,2025-05-04 12:00:00,La Liga,Real Madrid,Celta Vigo,8.0,4.7,1.4,1.8,0.8,1.6,10.0,3.3,6.7,2.4,1.6,1.8,1.8,1.0,1.6,0.8,0.2,0.4,0.2,0.0,0.0,0.8,0.4,0.7999999999999998,1.2,1.2,,,,0,5.0,5.0,0,3.3,-0.40000000000000013,0.8,0.0,0.0,3.0,2.6,3,2,HOME,1,1
732,2025-05-04 13:00:00,Premier League,West Ham,Tottenham,1.3,2.0,1.2,1.4,1.8,2.6,1.1,0.0,1.1,1.0,0.6,1.0,1.4,1.0,2.6,0.0,-1.2,0.2,0.0,0.4,0.4,0.2,0.2,0.4,1.2,1.2,,,,0,5.0,5.0,0,-0.7,-0.19999999999999996,0.8,0.0,0.0,3.8,3.2,1,1,DRAW,0,1
733,2025-05-04 13:00:00,Premier League,Brighton,Newcastle,2.7,8.0,1.6,3.2,2.6,1.0,4.4,6.7,-2.3,2.0,1.2,1.8,1.0,1.8,2.0,0.0,-1.0,0.0,0.4,0.2,0.4,0.6,0.4,0.8,1.2,1.2,,,,0,5.0,5.0,0,-5.3,-1.6,-1.6,0.0,0.0,2.6,5.800000000000001,1,1,DRAW,0,1
734,2025-05-04 13:00:00,Premier League,Brentford,Manchester United,5.3,1.3,1.6,0.4,1.0,1.4,7.8,1.1,6.699999999999999,1.0,1.0,1.0,1.4,1.2,1.6,-0.2,-0.2,0.2,0.2,0.6,0.2,0.2,0.2,0.0,1.2,1.2,,,,0,5.0,5.0,0,4.0,1.2000000000000002,0.3999999999999999,0.0,0.0,3.0,1.4,4,3,HOME,1,1
1113,2025-05-04 13:00:00,Serie A,Monza,Atalanta,0.0,4.7,0.2,0.8,2.0,0.6,0.0,7.8,-7.8,0.4,2.4,0.4,3.0,1.4,0.2,-1.0,2.8,0.2,0.8,0.6,0.2,0.0,0.8,-2.0,1.2,1.2,,,,0,5.0,5.0,0,-4.7,-0.6000000000000001,-1.4,0.0,0.0,0.8,2.8,0,4,AWAY,1,0
1432,2025-05-04 13:30:00,Bundesliga,FC Augsburg,Holstein Kiel,3.3,3.3,0.8,1.4,1.4,2.0,4.4,4.4,0.0,1.2,1.0,0.4,1.0,0.6,1.6,-0.2,-0.6,0.8,0.2,0.6,0.0,0.2,0.2,0.19999999999999996,1.2,1.2,,,,0,5.0,5.0,0,0.0,-0.5999999999999999,0.6000000000000001,0.0,0.0,2.8,2.8,1,3,AWAY,1,1
343,2025-05-04 14:15:00,La Liga,Sevilla,Leganes,0.7,2.0,0.6,0.8,1.4,1.2,1.1,2.2,-1.1,0.4,0.2,0.8,0.6,1.8,2.0,-1.0,-1.4,0.0,0.2,0.2,0.6,0.0,0.0,0.2,1.2,1.2,,,,0,5.0,5.0,0,-1.3,-0.20000000000000007,-0.19999999999999996,0.0,0.0,1.7999999999999998,2.2,2,2,DRAW,1,1
735,2025-05-04 15:30:00,Premier League,Chelsea,Liverpool,7.3,8.0,1.2,2.2,0.6,1.0,7.8,10.0,-2.2,2.6,1.6,1.8,1.8,0.4,1.4,1.4,0.4,0.8,0.4,0.0,0.0,0.8,0.4,1.0,1.2,1.2,,,,0,5.0,5.0,0,-0.7000000000000002,-1.0000000000000002,0.4,0.0,0.0,2.2,2.8000000000000003,3,1,HOME,1,1
1433,2025-05-04 15:30:00,Bundesliga,SC Freiburg,Bayer Leverkusen,6.0,7.3,1.6,1.4,1.8,0.4,10.0,5.6,4.4,1.4,2.6,2.0,2.4,1.6,1.0,0.4,1.4,0.4,0.4,0.2,0.0,0.4,0.8,-1.2000000000000002,1.2,1.2,,,,0,5.0,5.0,0,-1.2999999999999998,0.20000000000000018,-1.4,0.0,0.0,2.0,3.2,2,2,DRAW,1,1
1114,2025-05-04 16:00:00,Serie A,AS Roma,Fiorentina,7.3,7.3,1.0,1.4,0.4,0.8,7.8,7.8,0.0,2.6,0.8,1.8,1.2,0.4,1.6,1.4,-0.4,0.6,0.0,0.0,0.2,0.8,0.2,1.8,1.2,1.2,,,,0,5.0,5.0,0,0.0,-0.3999999999999999,0.4,0.0,0.0,1.8,1.7999999999999998,1,0,HOME,0,0
344,2025-05-04 16:30:00,La Liga,Espanyol,Real Betis,6.7,6.7,1.6,2.4,0.4,1.2,4.4,6.7,-2.3,1.8,2.0,1.0,2.2,0.6,1.6,0.4,0.6,0.4,0.0,0.0,0.0,0.4,0.6,-0.19999999999999996,1.2,1.2,,,,0,5.0,5.0,0,0.0,-0.7999999999999998,0.7999999999999999,0.0,0.0,2.8,2.8,1,2,AWAY,1,1
1434,2025-05-04 17:30:00,Bundesliga,FSV Mainz 05,Eintracht Frankfurt,1.3,6.7,0.8,1.6,2.2,0.4,1.1,7.8,-6.699999999999999,1.4,1.0,1.4,0.8,1.0,1.6,0.4,-0.8,0.4,0.2,0.2,0.6,0.2,0.2,0.3999999999999999,1.2,1.2,,,,0,5.0,5.0,0,-5.4,-0.8,-1.8000000000000003,0.0,0.0,1.2000000000000002,3.8000000000000003,1,1,DRAW,0,1
1115,2025-05-04 18:45:00,Serie A,Bologna,Juventus,5.3,6.7,0.6,1.2,0.6,0.6,4.4,6.7,-2.3,2.6,1.4,2.2,0.8,0.6,1.2,1.6,-0.4,0.4,0.2,0.0,0.4,0.8,0.4,1.2000000000000002,1.2,1.2,,,,0,5.0,5.0,0,-1.4000000000000004,-0.6,0.0,0.0,0.0,1.2,1.7999999999999998,1,1,DRAW,0,1
345,2025-05-04 19:00:00,La Liga,Real Sociedad,Athletic Club,4.7,5.3,1.4,0.8,1.4,0.4,1.1,6.7,-5.6,1.8,1.0,1.4,0.4,1.0,0.6,0.4,-0.2,0.2,0.4,0.4,0.6,0.6,0.2,0.8,1.2,1.2,,,,0,5.0,5.0,0,-0.5999999999999996,0.5999999999999999,-0.9999999999999999,0.0,0.0,1.7999999999999998,2.2,0,0,DRAW,0,0
1116,2025-05-05 18:45:00,Serie A,Genoa,AC Milan,2.7,4.7,0.2,1.8,0.8,1.0,1.1,6.7,-5.6,2.0,1.8,1.2,2.2,0.8,1.2,0.4,1.0,0.4,0.4,0.2,0.0,0.6,0.6,0.19999999999999996,1.2,1.2,,,,0,5.0,5.0,0,-2.0,-1.6,0.19999999999999996,0.0,0.0,1.2,2.6,1,2,AWAY,1,1
346,2025-05-05 19:00:00,La Liga,Girona,Mallorca,0.7,2.7,0.8,0.6,2.2,0.8,1.1,4.4,-3.3000000000000003,0.4,1.0,1.0,0.8,1.8,0.8,-0.8,0.0,0.0,0.2,0.2,0.4,0.0,0.2,-0.6,1.2,1.2,,,,0,5.0,5.0,0,-2.0,0.20000000000000007,-1.4000000000000001,0.0,0.0,1.6,2.8000000000000003,1,0,HOME,0,0
736,2025-05-05 19:00:00,Premier League,Crystal Palace,Nottingham Forest,3.3,4.0,1.2,0.8,2.6,1.2,2.2,3.3,-1.0999999999999996,2.0,1.2,1.6,2.2,0.8,2.2,0.8,0.0,0.4,0.0,0.2,0.0,0.6,0.4,0.8,1.2,1.2,,,,0,5.0,5.0,0,-0.7000000000000002,0.3999999999999999,-1.4000000000000001,0.0,0.0,2.4,3.4000000000000004,1,1,DRAW,0,1
1435,2025-05-09 18:30:00,Bundesliga,VfL Wolfsburg,1899 Hoffenheim,0.7,2.7,0.8,2.2,2.2,2.6,1.1,1.1,0.0,0.4,0.8,0.8,1.6,1.4,2.2,-0.6,-0.6,0.0,0.2,0.4,0.2,0.0,0.2,-0.4,1.2,1.2,,,,0,5.0,5.0,0,-2.0,-1.4000000000000001,0.3999999999999999,0.0,0.0,3.4000000000000004,4.4,2,2,DRAW,1,1
1117,2025-05-09 18:45:00,Serie A,AC Milan,Bologna,6.7,4.0,2.0,0.6,0.8,0.8,6.7,5.6,1.1000000000000005,1.4,1.4,1.2,0.6,1.2,1.0,0.0,-0.4,0.2,0.4,0.2,0.6,0.4,0.4,0.0,1.2,1.2,,,,0,5.0,5.0,0,2.7,1.4,0.0,0.0,0.0,2.8,1.4,3,1,HOME,1,1
347,2025-05-09 19:00:00,La Liga,Las Palmas,Rayo Vallecano,4.0,2.7,1.4,0.6,1.6,2.2,3.3,4.4,-1.1000000000000005,0.8,0.6,1.2,0.8,2.0,1.8,-0.8,-1.0,0.2,0.2,0.2,0.4,0.2,0.2,0.20000000000000007,1.2,1.2,,,,0,5.0,5.0,0,1.2999999999999998,0.7999999999999999,0.6000000000000001,0.0,0.0,3.6,2.2,0,1,AWAY,0,0
348,2025-05-10 12:00:00,La Liga,Valencia,Getafe,7.3,2.0,1.6,1.0,1.0,1.2,5.6,0.0,5.6,2.0,1.2,1.0,1.2,1.0,0.8,0.0,0.4,0.4,0.2,0.2,0.6,0.6,0.4,0.8,1.2,1.2,,,,0,5.0,5.0,0,5.3,0.6000000000000001,0.19999999999999996,0.0,0.0,2.8,2.0,3,0,HOME,1,0
1118,2025-05-10 13:00:00,Serie A,Como,Cagliari,10.0,2.7,1.8,1.0,0.2,1.4,10.0,3.3,6.7,2.2,0.8,1.2,0.8,0.6,1.2,0.6,-0.4,0.4,0.4,0.0,0.4,0.6,0.2,1.4000000000000001,1.2,1.2,,,,0,5.0,5.0,0,7.3,0.8,1.2,0.0,0.0,3.2,1.2,3,1,HOME,1,1
1436,2025-05-10 13:30:00,Bundesliga,Werder Bremen,RB Leipzig,7.3,5.3,1.4,2.0,0.6,2.2,5.6,2.2,3.3999999999999995,1.4,1.0,1.2,0.6,1.2,1.4,0.0,-0.8,0.6,0.4,0.2,0.8,0.4,0.2,0.3999999999999999,1.2,1.2,,,,0,5.0,5.0,0,2.0,-0.6000000000000001,1.6,0.0,0.0,3.6,2.6,0,0,DRAW,0,0
1437,2025-05-10 13:30:00,Bundesliga,VfL Bochum,FSV Mainz 05,1.3,2.0,0.4,0.8,1.6,1.8,2.2,2.2,0.0,0.2,1.2,0.6,1.2,2.2,2.0,-1.6,-0.8,0.0,0.0,0.4,0.4,0.0,0.4,-1.0,1.2,1.2,,,,0,5.0,5.0,0,-0.7,-0.4,0.19999999999999996,0.0,0.0,2.2,2.4000000000000004,1,4,AWAY,1,1
1438,2025-05-10 13:30:00,Bundesliga,Union Berlin,1. FC Heidenheim,4.7,2.7,1.6,0.2,1.4,1.6,3.3,4.4,-1.1000000000000005,1.2,1.6,1.6,1.0,1.6,1.2,0.0,-0.2,0.2,0.4,0.2,0.2,0.2,0.4,-0.40000000000000013,1.2,1.2,,,,0,5.0,5.0,0,2.0,1.4000000000000001,0.20000000000000018,0.0,0.0,3.2,1.5999999999999999,0,3,AWAY,1,0
1439,2025-05-10 13:30:00,Bundesliga,Holstein Kiel,SC Freiburg,5.3,6.7,2.0,1.8,1.6,1.8,7.8,7.8,0.0,0.8,2.2,1.4,1.2,2.4,0.6,-1.0,0.6,0.0,0.6,0.4,0.2,0.2,0.6,-1.4000000000000001,1.2,1.2,,,,0,5.0,5.0,0,-1.4000000000000004,0.19999999999999996,0.19999999999999996,0.0,0.0,3.8,3.4000000000000004,1,2,AWAY,1,1
737,2025-05-10 14:00:00,Premier League,Fulham,Everton,4.0,3.3,1.2,0.8,1.4,1.2,3.3,1.1,2.1999999999999997,1.8,1.0,1.6,0.6,1.4,0.8,0.2,-0.2,0.2,0.2,0.2,0.4,0.6,0.2,0.8,1.2,1.2,,,,0,5.0,5.0,0,0.7000000000000002,0.3999999999999999,-0.19999999999999996,0.0,0.0,2.4,2.2,1,3,AWAY,1,1
738,2025-05-10 14:00:00,Premier League,Wolves,Brighton,8.0,3.3,2.0,1.8,0.8,2.2,6.7,4.4,2.3,2.0,0.8,2.0,1.8,1.0,3.0,1.0,-1.2,0.4,0.2,0.0,0.2,0.6,0.2,1.2,1.2,1.2,,,,0,5.0,5.0,0,4.7,0.19999999999999996,1.4000000000000001,0.0,0.0,4.2,2.6,0,2,AWAY,0,0
739,2025-05-10 14:00:00,Premier League,Southampton,Manchester City,0.7,8.7,0.6,2.0,2.2,0.6,1.1,10.0,-8.9,0.2,1.4,0.6,0.8,2.4,1.2,-1.8,-0.4,0.0,0.6,0.4,0.4,0.0,0.4,-1.2,1.2,1.2,,,,0,5.0,5.0,0,-7.999999999999999,-1.4,-1.6,0.0,0.0,1.2,4.2,0,0,DRAW,0,0
740,2025-05-10 14:00:00,Premier League,Ipswich,Brentford,1.3,7.3,1.0,2.2,2.6,1.2,1.1,10.0,-8.9,0.0,2.0,1.0,2.0,3.2,0.8,-2.2,1.2,0.0,0.4,0.2,0.0,0.0,0.6,-2.0,1.2,1.2,,,,0,5.0,5.0,0,-6.0,-1.2000000000000002,-1.4000000000000001,0.0,0.0,2.2,4.800000000000001,0,1,AWAY,0,0
349,2025-05-10 14:15:00,La Liga,Celta Vigo,Sevilla,4.0,1.3,2.0,0.8,2.0,1.4,3.3,2.2,1.0999999999999996,2.0,0.8,1.4,0.6,0.8,1.0,0.6,-0.4,0.4,0.2,0.2,0.4,0.6,0.2,1.2,1.2,1.2,,,,0,5.0,5.0,0,2.7,1.2,-0.6000000000000001,0.0,0.0,3.4,2.8,3,2,HOME,1,1
1119,2025-05-10 16:00:00,Serie A,Lazio,Juventus,7.3,5.3,1.4,1.2,0.6,0.8,7.8,4.4,3.3999999999999995,1.0,1.0,1.4,0.6,1.4,1.2,0.0,-0.6,0.0,0.2,0.0,0.4,0.0,0.2,0.0,1.2,1.2,,,,0,5.0,5.0,0,2.0,0.19999999999999996,0.20000000000000007,0.0,0.0,2.2,1.7999999999999998,1,1,DRAW,0,1
350,2025-05-10 16:30:00,La Liga,Girona,Villarreal,2.7,6.7,0.8,1.8,1.4,1.6,4.4,6.7,-2.3,1.0,1.8,1.0,1.0,1.4,1.2,-0.4,-0.2,0.2,0.2,0.2,0.4,0.2,0.6,-0.8,1.2,1.2,,,,0,5.0,5.0,0,-4.0,-1.0,0.20000000000000018,0.0,0.0,2.4000000000000004,3.2,0,1,AWAY,0,0
351,2025-05-10 16:30:00,La Liga,Mallorca,Valladolid,2.7,0.0,0.6,1.2,0.8,3.6,1.1,0.0,1.1,1.6,0.0,1.4,1.2,1.0,4.0,0.4,-2.8,0.2,0.0,0.2,0.0,0.4,0.0,1.6,1.2,1.2,,,,0,5.0,5.0,0,2.7,-0.6,2.8,0.0,0.0,4.2,2.0,2,1,HOME,1,1
741,2025-05-10 16:30:00,Premier League,Bournemouth,Aston Villa,6.0,8.0,1.2,2.2,0.8,0.8,5.6,6.7,-1.1000000000000005,0.8,1.8,0.8,1.8,1.2,1.2,-0.4,0.6,0.2,0.6,0.2,0.0,0.2,0.6,-1.0,1.2,1.2,,,,0,5.0,5.0,0,-2.0,-1.0000000000000002,0.0,0.0,0.0,2.0,3.0,0,1,AWAY,0,0
1440,2025-05-10 16:30:00,Bundesliga,Bayern München,Borussia Mönchengladbach,7.3,1.3,3.0,2.2,1.2,2.8,7.8,1.1,6.699999999999999,2.0,1.4,2.8,2.6,1.4,2.0,1.4,0.6,0.4,0.2,0.0,0.0,0.6,0.4,0.6000000000000001,1.2,1.2,,,,0,5.0,5.0,0,6.0,0.7999999999999998,1.5999999999999999,0.0,0.0,5.8,3.4000000000000004,2,0,HOME,0,0
1120,2025-05-10 18:45:00,Serie A,Empoli,Parma,1.3,4.0,0.6,1.0,1.6,1.0,1.1,4.4,-3.3000000000000003,0.4,0.8,0.4,0.6,1.8,0.8,-1.4,-0.2,0.2,0.4,0.8,0.6,0.0,0.0,-0.4,1.2,1.2,,,,0,5.0,5.0,0,-2.7,-0.4,-0.6000000000000001,0.0,0.0,1.6,2.6,2,1,HOME,1,1
352,2025-05-10 19:00:00,La Liga,Atletico Madrid,Real Sociedad,6.7,3.3,1.8,1.0,0.8,1.2,4.4,2.2,2.2,2.0,1.0,2.2,1.4,1.4,2.0,0.8,-0.6,0.4,0.0,0.0,0.4,0.6,0.2,1.0,1.2,1.2,,,,0,5.0,5.0,0,3.4000000000000004,0.8,0.3999999999999999,0.0,0.0,3.0,1.8,4,0,HOME,1,0
1121,2025-05-11 10:30:00,Serie A,Udinese,Monza,2.7,0.0,0.4,0.2,1.6,2.2,4.4,0.0,4.4,1.4,0.0,0.8,0.4,1.0,2.6,-0.2,-2.2,0.6,0.0,0.6,0.8,0.4,0.0,1.4,1.2,1.2,,,,0,5.0,5.0,0,2.7,0.2,0.6000000000000001,0.0,0.0,2.6,1.8,1,2,AWAY,1,1
742,2025-05-11 11:00:00,Premier League,Newcastle,Chelsea,6.7,7.3,2.8,1.6,1.2,0.8,4.4,10.0,-5.6,3.0,0.8,3.6,0.6,1.0,1.4,2.6,-0.8,0.4,0.2,0.0,0.6,1.0,0.2,2.2,1.2,1.2,,,,0,5.0,5.0,0,-0.5999999999999996,1.1999999999999997,-0.3999999999999999,0.0,0.0,3.5999999999999996,2.8,2,0,HOME,0,0
353,2025-05-11 12:00:00,La Liga,Leganes,Espanyol,2.7,4.7,0.8,1.0,1.0,0.8,3.3,1.1,2.1999999999999997,1.0,1.4,1.0,1.6,1.2,0.8,-0.2,0.8,0.2,0.4,0.2,0.2,0.2,0.4,-0.3999999999999999,1.2,1.2,,,,0,5.0,5.0,0,-2.0,-0.19999999999999996,-0.19999999999999996,0.0,0.0,1.6,2.0,3,2,HOME,1,1
1122,2025-05-11 13:00:00,Serie A,Hellas Verona,Lecce,1.3,1.3,0.2,0.6,1.0,1.6,0.0,1.1,-1.1,1.0,0.4,0.4,0.6,0.8,1.2,-0.4,-0.6,0.6,0.2,0.6,0.4,0.2,0.0,0.6,1.2,1.2,,,,0,5.0,5.0,0,0.0,-0.39999999999999997,0.6000000000000001,0.0,0.0,1.8,1.6,1,1,DRAW,0,1
743,2025-05-11 13:15:00,Premier League,Manchester United,West Ham,1.3,2.0,1.0,1.4,2.0,1.8,1.1,2.2,-1.1,1.0,0.8,0.8,1.0,1.2,1.4,-0.4,-0.4,0.2,0.2,0.6,0.2,0.2,0.2,0.19999999999999996,1.2,1.2,,,,0,5.0,5.0,0,-0.7,-0.3999999999999999,-0.19999999999999996,0.0,0.0,2.8,3.4,0,2,AWAY,0,0
744,2025-05-11 13:15:00,Premier League,Tottenham,Crystal Palace,2.7,2.0,1.6,1.0,2.6,2.6,1.1,3.3,-2.1999999999999997,1.4,1.0,1.4,1.4,1.2,2.6,0.2,-1.2,0.2,0.2,0.2,0.2,0.4,0.2,0.3999999999999999,1.2,1.2,,,,0,5.0,5.0,0,0.7000000000000002,0.6000000000000001,0.0,0.0,0.0,4.2,3.6,0,2,AWAY,0,0
745,2025-05-11 13:15:00,Premier League,Nottingham Forest,Leicester,2.7,2.7,0.8,0.8,1.4,1.8,4.4,3.3,1.1000000000000005,1.4,0.2,0.4,0.4,0.6,2.0,-0.2,-1.6,0.6,0.0,0.6,0.8,0.4,0.0,1.2,1.2,1.2,,,,0,5.0,5.0,0,0.0,0.0,0.40000000000000013,0.0,0.0,2.6,2.2,2,2,DRAW,1,1
1441,2025-05-11 13:30:00,Bundesliga,Bayer Leverkusen,Borussia Dortmund,6.0,8.7,1.2,3.2,0.6,1.4,5.6,10.0,-4.4,1.6,2.0,1.0,2.2,0.6,1.4,0.4,0.8,0.6,0.2,0.6,0.2,0.4,0.6,-0.3999999999999999,1.2,1.2,,,,0,5.0,5.0,0,-2.6999999999999993,-2.0,0.7999999999999999,0.0,0.0,2.5999999999999996,3.8000000000000003,2,4,AWAY,1,1
354,2025-05-11 14:15:00,La Liga,Barcelona,Real Madrid,8.7,8.0,1.8,1.4,1.0,0.8,10.0,10.0,0.0,2.6,2.0,2.6,1.2,1.0,0.8,1.6,0.4,0.4,0.4,0.0,0.0,0.8,0.6,0.6000000000000001,1.2,1.2,,,,0,5.0,5.0,0,0.6999999999999993,0.40000000000000013,-0.19999999999999996,0.0,0.0,2.6,2.4,4,3,HOME,1,1
746,2025-05-11 15:30:00,Premier League,Liverpool,Arsenal,6.0,4.0,2.2,1.8,1.6,1.2,6.7,4.4,2.3,3.0,1.8,2.6,1.6,0.6,0.4,2.0,1.2,0.4,0.6,0.0,0.2,1.0,0.4,1.2,1.2,1.2,,,,0,5.0,5.0,0,2.0,0.40000000000000013,-0.40000000000000013,0.0,0.0,3.4000000000000004,3.4000000000000004,2,2,DRAW,1,1
1442,2025-05-11 15:30:00,Bundesliga,Eintracht Frankfurt,FC St. Pauli,5.3,4.0,1.6,0.8,0.6,0.8,5.6,2.2,3.3999999999999995,1.8,1.0,2.0,1.0,1.2,1.4,0.8,-0.4,0.6,0.2,0.0,0.4,0.6,0.2,0.8,1.2,1.2,,,,0,5.0,5.0,0,1.2999999999999998,0.8,0.20000000000000007,0.0,0.0,2.4000000000000004,1.4,2,2,DRAW,1,1
1123,2025-05-11 16:00:00,Serie A,Torino,Inter,3.3,4.7,0.8,1.2,1.0,1.0,4.4,3.3,1.1000000000000005,2.2,1.0,1.4,1.0,0.6,1.0,0.8,0.0,0.4,0.2,0.0,0.4,0.6,0.2,1.2000000000000002,1.2,1.2,,,,0,5.0,5.0,0,-1.4000000000000004,-0.3999999999999999,0.0,0.0,0.0,1.8,2.2,0,2,AWAY,0,0
355,2025-05-11 16:30:00,La Liga,Athletic Club,Alaves,5.3,5.3,0.8,0.6,0.4,0.4,4.4,5.6,-1.1999999999999993,2.2,1.4,2.4,1.6,0.6,1.4,1.8,0.2,0.4,0.2,0.2,0.0,0.6,0.2,0.8000000000000003,1.2,1.2,,,,0,5.0,5.0,0,0.0,0.20000000000000007,0.0,0.0,0.0,1.2000000000000002,1.0,1,0,HOME,0,0
1443,2025-05-11 17:30:00,Bundesliga,VfB Stuttgart,FC Augsburg,4.7,2.7,2.0,0.8,1.4,1.8,4.4,1.1,3.3000000000000003,0.0,2.0,1.2,1.4,2.4,0.8,-1.2,0.6,0.0,0.4,0.2,0.2,0.0,0.6,-2.0,1.2,1.2,,,,0,5.0,5.0,0,2.0,1.2,0.40000000000000013,0.0,0.0,3.8,2.2,4,0,HOME,1,0
1124,2025-05-11 18:45:00,Serie A,Napoli,Genoa,8.7,2.7,1.6,0.4,0.2,1.0,10.0,0.0,10.0,2.6,0.4,2.0,0.2,0.6,0.8,1.4,-0.6,0.4,0.2,0.0,0.8,0.8,0.0,2.2,1.2,1.2,,,,0,5.0,5.0,0,5.999999999999999,1.2000000000000002,0.8,0.0,0.0,2.6,0.6000000000000001,2,2,DRAW,1,1
356,2025-05-11 19:00:00,La Liga,Real Betis,Osasuna,6.7,6.7,2.4,1.8,1.2,1.6,10.0,6.7,3.3,2.4,1.0,2.2,1.2,1.0,2.0,1.2,-0.8,0.2,0.2,0.0,0.4,0.8,0.2,1.4,1.2,1.2,,,,0,5.0,5.0,0,0.0,0.5999999999999999,0.40000000000000013,0.0,0.0,4.0,3.0,1,1,DRAW,0,1
1125,2025-05-12 16:30:00,Serie A,Venezia,Fiorentina,4.0,5.3,1.0,1.2,1.2,1.0,2.2,6.7,-4.5,1.0,0.8,0.2,1.0,0.6,1.4,-0.4,-0.4,0.6,0.0,0.8,0.4,0.2,0.2,0.19999999999999996,1.2,1.2,,,,0,5.0,5.0,0,-1.2999999999999998,-0.19999999999999996,-0.19999999999999996,0.0,0.0,2.0,2.4,2,1,HOME,1,1
1126,2025-05-12 18:45:00,Serie A,Atalanta,AS Roma,6.7,7.3,1.6,1.0,0.4,0.4,7.8,10.0,-2.2,1.0,2.6,0.6,1.0,0.8,0.2,-0.2,0.8,0.4,0.8,0.6,0.0,0.2,0.8,-1.6,1.2,1.2,,,,0,5.0,5.0,0,-0.5999999999999996,0.6000000000000001,0.0,0.0,0.0,2.0,1.4,2,1,HOME,1,1
357,2025-05-13 17:00:00,La Liga,Valladolid,Girona,0.0,2.7,1.4,0.8,3.2,1.4,0.0,4.4,-4.4,0.2,0.4,0.8,0.8,2.2,2.0,-1.4,-1.2,0.0,0.0,0.4,0.2,0.0,0.0,-0.2,1.2,1.2,,,,0,5.0,5.0,0,-2.7,0.5999999999999999,-1.8000000000000003,0.0,0.0,2.8,4.0,0,1,AWAY,0,0
358,2025-05-13 18:00:00,La Liga,Real Sociedad,Celta Vigo,1.3,4.0,0.4,2.2,1.8,2.2,1.1,6.7,-5.6,1.4,1.4,1.0,2.0,0.8,2.0,0.2,0.0,0.4,0.2,0.6,0.0,0.4,0.4,0.0,1.2,1.2,,,,0,5.0,5.0,0,-2.7,-1.8000000000000003,0.40000000000000013,0.0,0.0,2.6,4.0,0,1,AWAY,0,0
359,2025-05-13 19:30:00,La Liga,Sevilla,Las Palmas,1.3,4.0,1.0,1.2,1.6,1.2,1.1,0.0,1.1,0.6,1.0,1.0,1.0,1.4,1.0,-0.4,0.0,0.0,0.0,0.2,0.4,0.0,0.2,-0.4,1.2,1.2,,,,0,5.0,5.0,0,-2.7,-0.19999999999999996,-0.40000000000000013,0.0,0.0,2.2,2.8,1,0,HOME,0,0
360,2025-05-14 17:00:00,La Liga,Villarreal,Leganes,6.7,4.0,1.6,1.2,1.4,1.2,10.0,5.6,4.4,1.6,0.4,1.6,1.0,1.2,2.0,0.4,-1.0,0.4,0.2,0.2,0.4,0.4,0.0,1.2000000000000002,1.2,1.2,,,,0,5.0,5.0,0,2.7,0.40000000000000013,-0.19999999999999996,0.0,0.0,2.8,2.5999999999999996,3,0,HOME,1,0
361,2025-05-14 17:00:00,La Liga,Alaves,Valencia,3.3,7.3,0.4,1.8,0.6,0.8,4.4,7.8,-3.3999999999999995,1.4,1.8,0.4,2.0,0.6,1.6,-0.2,0.4,0.6,0.0,0.6,0.0,0.4,0.4,-0.40000000000000013,1.2,1.2,,,,0,5.0,5.0,0,-4.0,-1.4,0.20000000000000007,0.0,0.0,1.2000000000000002,2.4,1,0,HOME,0,0
362,2025-05-14 19:30:00,La Liga,Real Madrid,Mallorca,8.0,4.7,1.8,0.8,1.2,0.6,6.7,3.3,3.4000000000000004,2.4,0.8,2.0,0.6,1.4,0.8,0.6,-0.2,0.2,0.2,0.0,0.6,0.8,0.2,1.5999999999999999,1.2,1.2,,,,0,5.0,5.0,0,3.3,1.0,-0.6,0.0,0.0,2.4,2.0,2,1,HOME,1,1
363,2025-05-15 17:00:00,La Liga,Osasuna,Atletico Madrid,6.7,6.7,1.8,2.2,1.6,0.6,4.4,7.8,-3.3999999999999995,1.6,1.0,1.6,0.8,1.4,1.0,0.2,-0.2,0.2,0.2,0.0,0.4,0.4,0.2,0.6000000000000001,1.2,1.2,,,,0,5.0,5.0,0,0.0,-0.40000000000000013,-1.0,0.0,0.0,2.4,3.8000000000000003,2,0,HOME,0,0
364,2025-05-15 17:00:00,La Liga,Rayo Vallecano,Real Betis,4.7,6.7,0.8,2.4,1.4,1.2,6.7,7.8,-1.0999999999999996,1.2,2.6,1.0,2.2,1.6,1.2,-0.6,1.0,0.2,0.0,0.2,0.0,0.2,0.8,-1.4000000000000001,1.2,1.2,,,,0,5.0,5.0,0,-2.0,-1.5999999999999999,-0.19999999999999996,0.0,0.0,2.0,3.8,2,2,DRAW,1,1
365,2025-05-15 19:30:00,La Liga,Espanyol,Barcelona,2.7,10.0,1.0,2.4,1.4,1.4,0.0,10.0,-10.0,1.2,3.0,1.0,2.6,1.0,0.8,0.0,1.8,0.2,0.4,0.0,0.0,0.2,1.0,-1.8,1.2,1.2,,,,0,5.0,5.0,0,-7.3,-1.4,0.0,0.0,0.0,2.4,3.8,0,2,AWAY,0,0
366,2025-05-15 19:30:00,La Liga,Getafe,Athletic Club,0.0,6.7,0.2,1.0,1.8,0.4,0.0,7.8,-7.8,0.6,1.0,1.0,0.2,1.8,0.4,-0.8,-0.2,0.0,0.6,0.2,0.8,0.2,0.2,-0.4,1.2,1.2,,,,0,5.0,5.0,0,-6.7,-0.8,-1.4,0.0,0.0,0.6000000000000001,2.8,0,2,AWAY,0,0
747,2025-05-16 18:30:00,Premier League,Aston Villa,Tottenham,8.0,0.7,2.0,1.0,0.6,2.8,6.7,1.1,5.6,2.6,0.2,2.2,0.8,1.0,2.6,1.2,-1.8,0.2,0.0,0.0,0.4,0.8,0.0,2.4,1.2,1.2,,,,0,5.0,5.0,0,7.3,1.0,2.1999999999999997,0.0,0.0,4.8,1.6,2,0,HOME,0,0
748,2025-05-16 19:15:00,Premier League,Chelsea,Manchester United,6.7,0.7,1.6,1.0,1.2,2.4,6.7,1.1,5.6,2.6,0.8,1.6,1.6,0.6,2.0,1.0,-0.4,0.6,0.2,0.0,0.2,0.8,0.2,1.8,1.2,1.2,,,,0,5.0,5.0,0,6.0,0.6000000000000001,1.2,0.0,0.0,4.0,2.2,1,0,HOME,0,0
1444,2025-05-17 13:30:00,Bundesliga,SC Freiburg,Eintracht Frankfurt,8.7,6.0,2.0,2.0,1.2,0.6,7.8,5.6,2.2,1.0,1.0,1.4,0.8,2.0,1.6,-0.6,-0.8,0.2,0.2,0.2,0.6,0.2,0.2,0.0,1.2,1.2,,,,0,5.0,5.0,0,2.6999999999999993,0.0,-0.6,0.0,0.0,2.6,3.2,1,3,AWAY,1,1
1445,2025-05-17 13:30:00,Bundesliga,Borussia Mönchengladbach,VfL Wolfsburg,0.7,1.3,2.0,1.2,3.0,2.4,1.1,1.1,0.0,0.8,0.8,1.4,0.8,2.4,1.8,-1.0,-1.0,0.2,0.0,0.2,0.6,0.2,0.2,0.0,1.2,1.2,,,,0,5.0,5.0,0,-0.6000000000000001,0.8,-0.6000000000000001,0.0,0.0,4.4,4.2,0,1,AWAY,0,0
1446,2025-05-17 13:30:00,Bundesliga,FSV Mainz 05,Bayer Leverkusen,3.3,4.0,1.4,1.4,1.8,1.4,4.4,4.4,0.0,1.4,2.2,1.6,2.4,1.2,1.4,0.4,1.0,0.2,0.2,0.0,0.0,0.2,0.6,-0.8000000000000003,1.2,1.2,,,,0,5.0,5.0,0,-0.7000000000000002,0.0,-0.40000000000000013,0.0,0.0,2.8,3.2,2,2,DRAW,1,1
1447,2025-05-17 13:30:00,Bundesliga,Borussia Dortmund,Holstein Kiel,8.7,4.7,3.2,2.0,1.6,1.8,10.0,6.7,3.3,2.4,1.6,3.2,1.4,0.8,1.2,2.4,0.2,0.4,0.2,0.2,0.0,0.8,0.4,0.7999999999999998,1.2,1.2,,,,0,5.0,5.0,0,3.999999999999999,1.2000000000000002,0.19999999999999996,0.0,0.0,5.0,3.6,3,0,HOME,1,0
1448,2025-05-17 13:30:00,Bundesliga,1899 Hoffenheim,Bayern München,3.3,7.3,2.4,2.8,2.4,1.0,2.2,7.8,-5.6,1.2,2.2,1.4,2.8,1.2,1.2,0.2,1.6,0.2,0.2,0.0,0.0,0.2,0.6,-1.0000000000000002,1.2,1.2,,,,0,5.0,5.0,0,-4.0,-0.3999999999999999,-1.4,0.0,0.0,3.4,5.199999999999999,0,4,AWAY,1,0
1449,2025-05-17 13:30:00,Bundesliga,FC Augsburg,Union Berlin,2.7,2.7,0.6,1.4,2.0,2.0,0.0,2.2,-2.2,1.0,1.6,0.6,1.0,1.2,1.8,-0.6,-0.8,0.6,0.2,0.4,0.4,0.2,0.4,-0.6000000000000001,1.2,1.2,,,,0,5.0,5.0,0,0.0,-0.7999999999999999,0.0,0.0,0.0,2.6,3.4,1,2,AWAY,1,1
1450,2025-05-17 13:30:00,Bundesliga,RB Leipzig,VfB Stuttgart,4.0,4.7,1.4,2.0,2.0,1.4,2.2,6.7,-4.5,1.6,1.6,2.0,2.2,1.4,1.4,0.6,0.8,0.2,0.4,0.0,0.2,0.4,0.4,0.0,1.2,1.2,,,,0,5.0,5.0,0,-0.7000000000000002,-0.6000000000000001,-0.6000000000000001,0.0,0.0,2.8,4.0,2,3,AWAY,1,1
1451,2025-05-17 13:30:00,Bundesliga,1. FC Heidenheim,Werder Bremen,4.7,6.0,0.8,1.0,1.4,0.6,7.8,3.3,4.5,0.8,2.0,0.6,1.8,1.8,1.6,-1.2,0.2,0.2,0.4,0.8,0.2,0.2,0.6,-1.2,1.2,1.2,,,,0,5.0,5.0,0,-1.2999999999999998,-0.19999999999999996,-0.7999999999999999,0.0,0.0,1.4,2.4,1,4,AWAY,1,1
1452,2025-05-17 13:30:00,Bundesliga,FC St. Pauli,VfL Bochum,4.0,1.3,1.0,0.6,1.0,1.6,2.2,2.2,0.0,1.0,1.0,0.6,1.0,1.0,1.4,-0.4,-0.4,0.2,0.2,0.4,0.4,0.2,0.2,0.0,1.2,1.2,,,,0,5.0,5.0,0,2.7,0.4,0.6000000000000001,0.0,0.0,2.6,1.6,0,2,AWAY,0,0
1127,2025-05-17 18:45:00,Serie A,Genoa,Atalanta,1.3,8.7,0.6,2.0,1.4,0.4,1.1,7.8,-6.699999999999999,1.4,2.4,1.0,2.8,1.2,0.2,-0.2,2.6,0.2,0.8,0.2,0.2,0.4,0.8,-1.0,1.2,1.2,,,,0,5.0,5.0,0,-7.3999999999999995,-1.4,-0.9999999999999999,0.0,0.0,1.0,3.4,2,3,AWAY,1,1
749,2025-05-18 11:00:00,Premier League,Everton,Southampton,4.7,1.3,1.2,0.4,1.2,1.6,4.4,1.1,3.3000000000000003,0.8,0.2,1.2,0.6,1.6,2.6,-0.4,-2.0,0.0,0.0,0.2,0.4,0.0,0.0,0.6000000000000001,1.2,1.2,,,,0,5.0,5.0,0,3.4000000000000004,0.7999999999999999,0.40000000000000013,0.0,0.0,2.8,1.6,2,0,HOME,0,0
750,2025-05-18 13:15:00,Premier League,West Ham,Nottingham Forest,3.3,3.3,1.4,1.0,1.4,1.4,4.4,2.2,2.2,1.2,1.4,1.2,2.2,1.0,2.0,0.2,0.2,0.2,0.0,0.2,0.0,0.2,0.4,-0.19999999999999996,1.2,1.2,,,,0,5.0,5.0,0,0.0,0.3999999999999999,0.0,0.0,0.0,2.8,2.4,1,2,AWAY,1,1
751,2025-05-18 14:00:00,Premier League,Leicester,Ipswich,3.3,1.3,1.2,0.8,1.6,2.4,4.4,1.1,3.3000000000000003,0.6,1.0,0.4,1.2,2.2,1.8,-1.8,-0.6,0.2,0.0,0.8,0.4,0.2,0.2,-0.4,1.2,1.2,,,,0,5.0,5.0,0,1.9999999999999998,0.3999999999999999,0.7999999999999998,0.0,0.0,3.5999999999999996,2.4000000000000004,2,0,HOME,0,0
752,2025-05-18 14:00:00,Premier League,Brentford,Fulham,8.7,2.0,2.4,0.8,1.2,1.6,10.0,3.3,6.7,1.6,0.6,1.8,0.8,1.4,1.4,0.4,-0.6,0.2,0.0,0.4,0.4,0.4,0.2,1.0,1.2,1.2,,,,0,5.0,5.0,0,6.699999999999999,1.5999999999999999,0.40000000000000013,0.0,0.0,4.0,2.0,2,3,AWAY,1,1
753,2025-05-18 15:30:00,Premier League,Arsenal,Newcastle,4.0,6.7,2.0,2.4,1.4,1.0,2.2,7.8,-5.6,1.6,1.4,1.4,1.2,1.2,1.4,0.2,-0.2,0.2,0.4,0.0,0.2,0.4,0.4,0.20000000000000018,1.2,1.2,,,,0,5.0,5.0,0,-2.7,-0.3999999999999999,-0.3999999999999999,0.0,0.0,3.0,3.8,1,0,HOME,0,0
367,2025-05-18 17:00:00,La Liga,Barcelona,Villarreal,10.0,8.0,2.6,1.8,1.4,1.0,10.0,10.0,0.0,2.6,1.8,2.8,1.0,1.6,1.2,1.2,-0.2,0.2,0.2,0.0,0.4,0.8,0.6,0.8,1.2,1.2,,,,0,5.0,5.0,0,2.0,0.8,-0.3999999999999999,0.0,0.0,3.6,3.2,2,3,AWAY,1,1
368,2025-05-18 17:00:00,La Liga,Atletico Madrid,Real Betis,4.7,7.3,1.4,2.6,0.6,1.2,4.4,5.6,-1.1999999999999993,2.4,2.2,2.8,2.2,1.2,1.4,1.6,0.8,0.6,0.0,0.0,0.0,0.8,0.6,0.19999999999999973,1.2,1.2,,,,0,5.0,5.0,0,-2.5999999999999996,-1.2000000000000002,0.6,0.0,0.0,2.5999999999999996,3.2,4,1,HOME,1,1
369,2025-05-18 17:00:00,La Liga,Valencia,Athletic Club,5.3,6.7,1.6,0.8,1.0,0.2,6.7,7.8,-1.0999999999999996,2.6,1.6,1.6,0.6,0.4,0.2,1.2,0.4,0.6,0.8,0.0,0.6,0.8,0.4,1.0,1.2,1.2,,,,0,5.0,5.0,0,-1.4000000000000004,0.8,-0.8,0.0,0.0,1.8,1.8,0,1,AWAY,0,0
370,2025-05-18 17:00:00,La Liga,Las Palmas,Leganes,2.0,4.0,0.6,1.2,1.2,1.6,0.0,4.4,-4.4,0.8,0.4,1.2,1.0,1.8,2.0,-0.6,-1.0,0.2,0.2,0.2,0.4,0.2,0.0,0.4,1.2,1.2,,,,0,5.0,5.0,0,-2.0,-0.6,0.40000000000000013,0.0,0.0,2.2,2.4,0,1,AWAY,0,0
371,2025-05-18 17:00:00,La Liga,Sevilla,Real Madrid,3.3,8.0,1.2,2.0,1.4,1.4,4.4,6.7,-2.3,1.0,1.8,1.0,1.6,1.2,1.4,-0.2,0.2,0.2,0.4,0.2,0.0,0.2,0.6,-0.8,1.2,1.2,,,,0,5.0,5.0,0,-4.7,-0.8,0.0,0.0,0.0,2.5999999999999996,3.4,0,2,AWAY,0,0
372,2025-05-18 17:00:00,La Liga,Celta Vigo,Rayo Vallecano,6.0,5.3,2.4,1.0,1.8,1.2,6.7,7.8,-1.0999999999999996,2.0,1.2,1.8,1.0,1.2,1.6,0.6,-0.6,0.2,0.4,0.2,0.2,0.6,0.4,0.8,1.2,1.2,,,,0,5.0,5.0,0,0.7000000000000002,1.4,-0.6000000000000001,0.0,0.0,3.5999999999999996,2.8,1,2,AWAY,1,1
373,2025-05-18 17:00:00,La Liga,Real Sociedad,Girona,1.3,4.7,0.4,0.8,1.6,1.0,1.1,6.7,-5.6,0.8,1.0,0.4,1.0,1.0,1.6,-0.6,-0.6,0.2,0.2,0.8,0.0,0.2,0.2,-0.19999999999999996,1.2,1.2,,,,0,5.0,5.0,0,-3.4000000000000004,-0.4,-0.6000000000000001,0.0,0.0,1.4,2.4000000000000004,3,2,HOME,1,1
374,2025-05-18 17:00:00,La Liga,Valladolid,Alaves,0.0,5.3,1.0,0.6,2.6,0.4,0.0,4.4,-4.4,0.0,1.2,0.6,1.0,2.2,1.0,-1.6,0.0,0.0,0.2,0.6,0.2,0.0,0.2,-1.2,1.2,1.2,,,,0,5.0,5.0,0,-5.3,0.4,-2.2,0.0,0.0,1.4,3.2,0,1,AWAY,0,0
375,2025-05-18 17:00:00,La Liga,Osasuna,Espanyol,6.7,0.7,1.8,0.8,1.4,1.8,4.4,0.0,4.4,2.0,1.4,1.8,1.8,1.2,1.0,0.6,0.8,0.4,0.4,0.0,0.2,0.6,0.4,0.6000000000000001,1.2,1.2,,,,0,5.0,5.0,0,6.0,1.0,0.40000000000000013,0.0,0.0,3.6,2.2,2,0,HOME,0,0
376,2025-05-18 17:00:00,La Liga,Mallorca,Getafe,2.7,0.0,0.6,0.0,1.0,1.6,3.3,0.0,3.3,1.6,1.2,1.2,1.2,1.0,1.2,0.2,0.0,0.2,0.2,0.2,0.6,0.4,0.4,0.40000000000000013,1.2,1.2,,,,0,5.0,5.0,0,2.7,0.6,0.6000000000000001,0.0,0.0,2.2,1.0,1,2,AWAY,1,1
1128,2025-05-18 18:45:00,Serie A,Cagliari,Venezia,2.0,5.3,1.2,1.2,2.0,1.2,3.3,4.4,-1.1000000000000005,0.8,1.0,1.2,1.0,1.2,1.0,0.0,0.0,0.2,0.2,0.2,0.2,0.2,0.0,-0.19999999999999996,1.2,1.2,,,,0,5.0,5.0,0,-3.3,0.0,-0.8,0.0,0.0,2.4,3.2,3,0,HOME,1,0
1129,2025-05-18 18:45:00,Serie A,Juventus,Udinese,5.3,2.7,1.2,0.6,0.8,1.8,5.6,4.4,1.1999999999999993,2.4,0.8,1.4,0.8,1.0,1.4,0.4,-0.6,0.6,0.0,0.2,0.4,0.8,0.2,1.5999999999999999,1.2,1.2,,,,0,5.0,5.0,0,2.5999999999999996,0.6,1.0,0.0,0.0,3.0,1.4,2,0,HOME,0,0
1130,2025-05-18 18:45:00,Serie A,AS Roma,AC Milan,6.7,8.0,1.0,2.2,0.6,0.6,6.7,10.0,-3.3,2.6,2.4,1.2,2.4,0.4,1.0,0.8,1.4,0.6,0.4,0.0,0.0,0.8,0.8,0.20000000000000018,1.2,1.2,,,,0,5.0,5.0,0,-1.2999999999999998,-1.2000000000000002,0.0,0.0,0.0,1.6,2.8000000000000003,3,1,HOME,1,1
1131,2025-05-18 18:45:00,Serie A,Fiorentina,Bologna,4.7,3.3,1.0,0.6,1.0,1.2,3.3,2.2,1.0999999999999996,2.6,1.4,1.4,0.8,0.2,1.2,1.2,-0.4,0.8,0.4,0.2,0.4,0.8,0.4,1.2000000000000002,1.2,1.2,,,,0,5.0,5.0,0,1.4000000000000004,0.4,0.19999999999999996,0.0,0.0,2.2,1.6,3,2,HOME,1,1
1132,2025-05-18 18:45:00,Serie A,Hellas Verona,Como,1.3,10.0,0.2,1.8,1.0,0.2,1.1,10.0,-8.9,0.6,1.8,0.4,1.8,1.0,1.0,-0.6,0.8,0.4,0.4,0.6,0.0,0.0,0.6,-1.2000000000000002,1.2,1.2,,,,0,5.0,5.0,0,-8.7,-1.6,-0.8,0.0,0.0,0.4,2.8,1,1,DRAW,0,1
1133,2025-05-18 18:45:00,Serie A,Inter,Lazio,6.0,6.0,1.2,1.4,0.6,0.8,6.7,5.6,1.1000000000000005,2.4,2.4,1.8,1.2,1.0,1.2,0.8,0.0,0.2,0.6,0.2,0.2,0.8,0.8,0.0,1.2,1.2,,,,0,5.0,5.0,0,0.0,-0.19999999999999996,0.20000000000000007,0.0,0.0,2.0,2.0,2,2,DRAW,1,1
1134,2025-05-18 18:45:00,Serie A,Parma,Napoli,3.3,8.7,0.8,1.8,1.0,0.4,1.1,7.8,-6.699999999999999,1.6,1.6,1.4,0.8,1.0,0.6,0.4,0.2,0.4,0.6,0.2,0.2,0.4,0.4,0.0,1.2,1.2,,,,0,5.0,5.0,0,-5.3999999999999995,-1.0,-0.6,0.0,0.0,1.2000000000000002,2.8,0,0,DRAW,0,0
1135,2025-05-18 18:45:00,Serie A,Lecce,Torino,1.3,2.7,0.6,0.6,1.6,1.2,2.2,1.1,1.1,0.2,1.0,0.6,1.0,1.8,1.2,-1.2,-0.2,0.0,0.2,0.6,0.4,0.0,0.2,-0.8,1.2,1.2,,,,0,5.0,5.0,0,-1.4000000000000001,0.0,-0.40000000000000013,0.0,0.0,1.7999999999999998,2.2,1,0,HOME,0,0
1136,2025-05-18 18:45:00,Serie A,Monza,Empoli,2.0,2.7,0.4,1.0,1.8,1.8,3.3,3.3,0.0,0.2,0.4,0.4,0.6,2.2,1.6,-1.8,-1.0,0.0,0.0,0.6,0.4,0.0,0.0,-0.2,1.2,1.2,,,,0,5.0,5.0,0,-0.7000000000000002,-0.6,0.0,0.0,0.0,2.2,2.8,1,3,AWAY,1,1
754,2025-05-19 19:00:00,Premier League,Brighton,Liverpool,5.3,6.7,2.0,2.2,1.8,1.4,7.8,4.4,3.3999999999999995,1.6,1.4,1.6,1.6,1.8,1.6,-0.2,0.0,0.0,0.4,0.2,0.0,0.4,0.4,0.20000000000000018,1.2,1.2,,,,0,5.0,5.0,0,-1.4000000000000004,-0.20000000000000018,-0.40000000000000013,0.0,0.0,3.4,4.0,3,2,HOME,1,1
755,2025-05-20 19:00:00,Premier League,Manchester City,Bournemouth,8.7,5.3,2.0,0.8,0.6,0.6,7.8,4.4,3.3999999999999995,2.6,1.2,2.4,1.4,1.0,1.4,1.4,0.0,0.4,0.2,0.0,0.2,0.8,0.2,1.4000000000000001,1.2,1.2,,,,0,5.0,5.0,0,3.3999999999999995,1.2,0.0,0.0,0.0,2.6,1.4,3,1,HOME,1,1
756,2025-05-20 19:00:00,Premier League,Crystal Palace,Wolves,4.0,6.0,1.0,1.6,1.6,1.0,5.6,3.3,2.3,2.2,2.4,1.6,1.2,0.6,0.6,1.0,0.6,0.4,0.4,0.2,0.2,0.6,0.8,-0.19999999999999973,1.2,1.2,,,,0,5.0,5.0,0,-2.0,-0.6000000000000001,-0.6000000000000001,0.0,0.0,2.0,3.2,4,2,HOME,1,1
1137,2025-05-23 18:45:00,Serie A,Napoli,Cagliari,7.3,4.0,1.2,1.6,0.4,1.4,5.6,3.3,2.3,2.6,0.8,2.2,0.8,0.8,1.4,1.4,-0.6,0.4,0.4,0.0,0.4,0.8,0.2,1.8,1.2,1.2,,,,0,5.0,5.0,0,3.3,-0.40000000000000013,0.9999999999999999,0.0,0.0,2.5999999999999996,2.0,2,0,HOME,0,0
1138,2025-05-23 18:45:00,Serie A,Como,Inter,8.7,4.7,1.8,1.0,0.4,0.8,7.8,7.8,0.0,2.2,1.6,1.4,1.4,0.6,0.8,0.8,0.6,0.4,0.4,0.0,0.2,0.6,0.4,0.6000000000000001,1.2,1.2,,,,0,5.0,5.0,0,3.999999999999999,0.8,0.4,0.0,0.0,2.6,1.4,0,2,AWAY,0,0
377,2025-05-23 19:00:00,La Liga,Real Betis,Valencia,5.3,4.7,2.2,1.4,1.8,1.0,2.2,3.3,-1.0999999999999996,2.0,1.6,2.0,1.4,1.0,1.2,1.0,0.2,0.2,0.0,0.0,0.2,0.6,0.4,0.3999999999999999,1.2,1.2,,,,0,5.0,5.0,0,0.5999999999999996,0.8000000000000003,-0.8,0.0,0.0,3.2,3.2,1,1,DRAW,0,1
378,2025-05-24 14:15:00,La Liga,Real Madrid,Real Sociedad,8.0,2.7,2.2,0.6,1.4,1.6,6.7,3.3,3.4000000000000004,2.4,1.0,2.0,1.4,1.4,2.0,0.6,-0.6,0.2,0.0,0.0,0.4,0.8,0.2,1.4,1.2,1.2,,,,0,5.0,5.0,0,5.3,1.6,0.20000000000000018,0.0,0.0,3.8000000000000003,2.0,2,0,HOME,0,0
1139,2025-05-24 16:00:00,Serie A,Bologna,Genoa,3.3,0.7,1.0,1.0,1.4,2.0,1.1,1.1,0.0,2.2,0.6,2.0,0.6,0.6,1.0,1.4,-0.4,0.4,0.2,0.0,0.6,0.6,0.0,1.6,1.2,1.2,,,,0,5.0,5.0,0,2.5999999999999996,0.0,0.6000000000000001,0.0,0.0,3.0,2.4,1,3,AWAY,1,1
379,2025-05-24 16:30:00,La Liga,Leganes,Valladolid,5.3,0.0,1.4,0.6,1.6,2.2,6.7,0.0,6.7,1.0,0.0,1.4,1.2,1.6,3.0,-0.2,-1.8,0.0,0.0,0.2,0.0,0.2,0.0,1.0,1.2,1.2,,,,0,5.0,5.0,0,5.3,0.7999999999999999,0.6000000000000001,0.0,0.0,3.6,2.2,3,0,HOME,1,0
380,2025-05-24 16:30:00,La Liga,Espanyol,Las Palmas,0.0,0.0,0.6,0.4,2.0,1.4,0.0,0.0,0.0,1.0,0.8,0.8,0.8,1.2,1.0,-0.4,-0.2,0.2,0.0,0.2,0.6,0.2,0.2,0.19999999999999996,1.2,1.2,,,,0,5.0,5.0,0,0.0,0.19999999999999996,-0.6000000000000001,0.0,0.0,2.0,2.4,2,0,HOME,0,0
1140,2025-05-24 18:45:00,Serie A,AC Milan,Monza,6.0,2.0,1.6,0.6,1.2,2.2,6.7,3.3,3.4000000000000004,1.4,0.6,1.6,0.8,1.4,2.0,0.2,-1.2,0.0,0.0,0.2,0.6,0.4,0.2,0.7999999999999999,1.2,1.2,,,,0,5.0,5.0,0,4.0,1.0,1.0000000000000002,0.0,0.0,3.8000000000000003,1.7999999999999998,2,0,HOME,0,0
381,2025-05-24 19:00:00,La Liga,Alaves,Osasuna,6.7,6.7,0.6,1.6,0.2,1.0,6.7,7.8,-1.0999999999999996,1.4,1.2,0.4,1.4,0.6,1.6,-0.2,-0.2,0.6,0.2,0.6,0.2,0.4,0.2,0.19999999999999996,1.2,1.2,,,,0,5.0,5.0,0,0.0,-1.0,0.8,0.0,0.0,1.6,1.8,1,1,DRAW,0,1
382,2025-05-24 19:00:00,La Liga,Getafe,Celta Vigo,2.0,6.0,0.4,2.0,1.6,1.4,3.3,6.7,-3.4000000000000004,0.6,1.8,0.8,1.8,1.8,1.6,-1.0,0.2,0.0,0.4,0.4,0.0,0.2,0.6,-1.2000000000000002,1.2,1.2,,,,0,5.0,5.0,0,-4.0,-1.6,-0.20000000000000018,0.0,0.0,1.7999999999999998,3.6,1,2,AWAY,1,1
383,2025-05-24 19:00:00,La Liga,Rayo Vallecano,Mallorca,6.7,2.0,1.2,0.8,1.2,1.4,7.8,3.3,4.5,1.2,0.6,1.2,0.6,1.8,1.0,-0.6,-0.4,0.2,0.2,0.2,0.6,0.2,0.2,0.6,1.2,1.2,,,,0,5.0,5.0,0,4.7,0.3999999999999999,0.19999999999999996,0.0,0.0,2.5999999999999996,2.0,0,0,DRAW,0,0
384,2025-05-25 12:00:00,La Liga,Girona,Atletico Madrid,4.7,6.7,1.0,2.2,1.0,0.6,3.3,6.7,-3.4000000000000004,0.8,1.0,0.6,0.6,1.2,1.0,-0.6,-0.4,0.2,0.2,0.4,0.6,0.2,0.2,-0.19999999999999996,1.2,1.2,,,,0,5.0,5.0,0,-2.0,-1.2000000000000002,-0.4,0.0,0.0,1.6,3.2,0,4,AWAY,1,0
385,2025-05-25 14:15:00,La Liga,Villarreal,Sevilla,10.0,2.7,2.4,1.0,0.8,1.6,10.0,3.3,6.7,2.2,0.6,2.0,0.8,0.8,1.4,1.2,-0.6,0.6,0.2,0.2,0.4,0.6,0.2,1.6,1.2,1.2,,,,0,5.0,5.0,0,7.3,1.4,0.8,0.0,0.0,4.0,1.8,4,2,HOME,1,1
757,2025-05-25 15:00:00,Premier League,Manchester United,Aston Villa,0.7,8.0,0.8,1.8,1.8,0.6,0.0,10.0,-10.0,1.0,2.4,0.8,1.8,1.2,0.4,-0.4,1.4,0.2,0.8,0.6,0.0,0.2,0.8,-1.4,1.2,1.2,,,,0,5.0,5.0,0,-7.3,-1.0,-1.2000000000000002,0.0,0.0,1.4,3.6,2,0,HOME,0,0
758,2025-05-25 15:00:00,Premier League,Newcastle,Everton,4.7,4.7,1.4,1.4,1.2,1.2,4.4,7.8,-3.3999999999999995,3.0,1.4,3.2,1.0,0.4,0.8,2.8,0.2,0.6,0.2,0.0,0.4,1.0,0.4,1.6,1.2,1.2,,,,0,5.0,5.0,0,0.0,0.0,0.0,0.0,0.0,2.5999999999999996,2.5999999999999996,0,1,AWAY,0,0
759,2025-05-25 15:00:00,Premier League,Bournemouth,Leicester,3.3,4.7,0.8,1.2,1.2,1.2,3.3,7.8,-4.5,0.8,0.4,0.8,0.8,1.2,2.0,-0.4,-1.2,0.2,0.0,0.2,0.6,0.2,0.0,0.4,1.2,1.2,,,,0,5.0,5.0,0,-1.4000000000000004,-0.3999999999999999,0.0,0.0,0.0,2.0,2.4,2,0,HOME,0,0
760,2025-05-25 15:00:00,Premier League,Fulham,Manchester City,4.0,8.7,1.4,1.6,1.8,0.4,3.3,7.8,-4.5,1.2,1.6,1.4,0.6,1.8,0.2,-0.4,0.4,0.2,0.8,0.2,0.6,0.4,0.4,-0.40000000000000013,1.2,1.2,,,,0,5.0,5.0,0,-4.699999999999999,-0.20000000000000018,-1.4,0.0,0.0,1.7999999999999998,3.4000000000000004,0,2,AWAY,0,0
761,2025-05-25 15:00:00,Premier League,Wolves,Brentford,4.0,8.0,1.2,2.6,1.4,1.6,0.0,6.7,-6.7,2.0,2.0,1.8,1.4,1.0,0.8,0.8,0.6,0.4,0.4,0.2,0.0,0.6,0.6,0.0,1.2,1.2,,,,0,5.0,5.0,0,-4.0,-1.4000000000000001,0.20000000000000018,0.0,0.0,2.8,4.0,1,1,DRAW,0,1
762,2025-05-25 15:00:00,Premier League,Liverpool,Crystal Palace,4.7,6.0,2.2,1.8,1.8,1.0,1.1,7.8,-6.699999999999999,2.6,1.0,2.6,1.4,1.0,2.6,1.6,-1.2,0.2,0.2,0.0,0.2,0.8,0.2,1.6,1.2,1.2,,,,0,5.0,5.0,0,-1.2999999999999998,0.40000000000000013,-0.8,0.0,0.0,3.2,3.6,1,1,DRAW,0,1
763,2025-05-25 15:00:00,Premier League,Southampton,Arsenal,1.3,5.3,0.4,2.0,1.4,1.2,1.1,4.4,-3.3000000000000003,0.4,1.4,0.6,1.6,1.6,0.8,-1.0,0.8,0.2,0.4,0.4,0.2,0.0,0.2,-0.9999999999999999,1.2,1.2,,,,0,5.0,5.0,0,-4.0,-1.6,-0.19999999999999996,0.0,0.0,1.6,3.4,1,2,AWAY,1,1
764,2025-05-25 15:00:00,Premier League,Tottenham,Brighton,0.7,6.7,0.6,2.2,2.4,1.8,1.1,7.8,-6.699999999999999,0.8,1.4,1.2,2.2,1.6,1.6,-0.4,0.6,0.0,0.4,0.4,0.0,0.2,0.4,-0.5999999999999999,1.2,1.2,,,,0,5.0,5.0,0,-6.0,-1.6,-0.5999999999999999,0.0,0.0,2.4,4.6,1,4,AWAY,1,1
765,2025-05-25 15:00:00,Premier League,Ipswich,West Ham,0.7,3.3,0.4,1.4,2.4,1.4,1.1,4.4,-3.3000000000000003,0.0,0.8,0.8,1.2,3.0,1.4,-2.2,-0.2,0.0,0.2,0.4,0.2,0.0,0.2,-0.8,1.2,1.2,,,,0,5.0,5.0,0,-2.5999999999999996,-0.9999999999999999,-1.0,0.0,0.0,1.7999999999999998,3.8,1,3,AWAY,1,1
766,2025-05-25 15:00:00,Premier League,Nottingham Forest,Chelsea,5.3,8.0,1.4,1.4,1.4,0.8,5.6,6.7,-1.1000000000000005,1.4,0.8,0.8,0.6,1.0,1.2,-0.2,-0.6,0.4,0.2,0.4,0.6,0.4,0.2,0.5999999999999999,1.2,1.2,,,,0,5.0,5.0,0,-2.7,0.0,-0.5999999999999999,0.0,0.0,2.2,2.8,0,1,AWAY,0,0
1141,2025-05-25 18:45:00,Serie A,Lazio,Lecce,6.0,3.3,1.6,0.6,1.0,1.2,5.6,4.4,1.1999999999999993,1.0,0.4,1.2,0.8,1.2,1.4,0.0,-0.6,0.0,0.0,0.0,0.2,0.0,0.0,0.6,1.2,1.2,,,,0,5.0,5.0,0,2.7,1.0,0.19999999999999996,0.0,0.0,2.8,1.6,0,1,AWAY,0,0
1142,2025-05-25 18:45:00,Serie A,Udinese,Fiorentina,2.7,6.0,0.6,1.6,1.4,1.4,3.3,3.3,0.0,0.8,0.8,0.4,1.2,1.4,1.6,-1.0,-0.4,0.4,0.0,0.6,0.2,0.2,0.2,0.0,1.2,1.2,,,,0,5.0,5.0,0,-3.3,-1.0,0.0,0.0,0.0,2.0,3.0,2,3,AWAY,1,1
1143,2025-05-25 18:45:00,Serie A,Atalanta,Parma,8.7,3.3,2.2,0.8,0.8,1.0,10.0,1.1,8.9,1.4,0.8,1.0,0.8,1.0,1.0,0.0,-0.2,0.2,0.4,0.4,0.4,0.4,0.0,0.5999999999999999,1.2,1.2,,,,0,5.0,5.0,0,5.3999999999999995,1.4000000000000001,0.19999999999999996,0.0,0.0,3.2,1.6,2,3,AWAY,1,1
1144,2025-05-25 18:45:00,Serie A,Torino,AS Roma,2.7,8.0,0.6,1.4,1.2,0.6,1.1,6.7,-5.6,1.6,2.0,1.0,1.0,0.8,0.6,0.2,0.4,0.4,0.6,0.2,0.0,0.4,0.6,-0.3999999999999999,1.2,1.2,,,,0,5.0,5.0,0,-5.3,-0.7999999999999999,-0.6,0.0,0.0,1.2,2.5999999999999996,0,2,AWAY,0,0
1145,2025-05-25 18:45:00,Serie A,Empoli,Hellas Verona,4.7,1.3,1.6,0.4,1.4,1.2,6.7,2.2,4.5,1.0,0.8,0.8,0.4,1.0,1.0,-0.2,-0.6,0.2,0.2,0.6,0.6,0.2,0.2,0.19999999999999996,1.2,1.2,,,,0,5.0,5.0,0,3.4000000000000004,1.2000000000000002,-0.19999999999999996,0.0,0.0,2.8,1.7999999999999998,1,2,AWAY,1,1
1146,2025-05-25 18:45:00,Serie A,Venezia,Juventus,3.3,5.3,1.0,1.2,1.8,0.6,4.4,5.6,-1.1999999999999993,1.4,0.6,0.6,0.6,0.8,1.4,-0.2,-0.8,0.4,0.0,0.6,0.4,0.4,0.0,0.7999999999999999,1.2,1.2,,,,0,5.0,5.0,0,-2.0,-0.19999999999999996,-1.2000000000000002,0.0,0.0,1.6,3.0,2,3,AWAY,1,1
386,2025-05-25 19:00:00,La Liga,Athletic Club,Barcelona,8.7,8.0,1.0,2.2,0.0,1.4,10.0,6.7,3.3,2.2,3.0,1.2,2.2,0.4,0.6,0.8,1.6,0.6,0.6,0.2,0.0,0.6,1.0,-0.7999999999999998,1.2,1.2,,,,0,5.0,5.0,0,0.6999999999999993,-1.2000000000000002,1.4,0.0,0.0,2.4,2.2,0,3,AWAY,1,0
1454,2025-05-26 18:30:00,Bundesliga,SV Elversberg,1. FC Heidenheim,3.3,5.3,2.0,1.4,2.0,1.2,3.3,4.4,-1.1000000000000005,0.0,2.0,0.0,1.2,0.0,0.8,0.0,0.4,0.0,0.6,0.0,0.2,0.0,0.6,-2.0,1.2,1.2,,,,0,5.0,5.0,0,-2.0,0.6000000000000001,-0.8,0.0,0.0,3.2,3.4,1,2,AWAY,1,1
1,2026-08-14 18:00:00,UEFA Europa League,KI Klaksvik,Lech Poznan,8.7,4.7,2.4,1.6,1.0,1.2,7.8,4.4,3.3999999999999995,2.6,1.4,2.2,1.2,1.0,1.2,1.2,0.0,0.2,0.4,0.0,0.4,0.8,0.4,1.2000000000000002,1.2,1.2,4.75,4.2,1.55,1,5.0,5.0,0,3.999999999999999,0.7999999999999998,0.19999999999999996,0.0,0.0,3.5999999999999996,2.6,0,5,AWAY,1,0
2,2026-08-15 17:30:00,La Liga,Alaves,Getafe,5.3,2.0,0.6,0.6,0.4,1.8,7.8,3.3,4.5,1.6,1.2,0.6,1.2,0.4,1.2,0.2,0.0,0.6,0.2,0.4,0.6,0.4,0.4,0.40000000000000013,1.2,1.2,2.35,2.8,3.75,1,5.0,5.0,0,3.3,0.0,1.4,0.0,0.0,2.4,1.0,3,0,HOME,1,0
3,2026-08-15 19:30:00,La Liga,Sevilla,Rayo Vallecano,2.7,7.3,1.4,1.2,2.2,0.6,3.3,5.6,-2.3,1.0,1.8,1.0,1.2,1.4,1.4,-0.4,-0.2,0.2,0.4,0.2,0.2,0.2,0.6,-0.8,1.2,1.2,2.4,3.1,3.2,1,5.0,5.0,0,-4.6,0.19999999999999996,-1.6,0.0,0.0,2.0,3.4000000000000004,2,1,HOME,1,1
